"INTERFACE_NAME","COL_NAME","EXPRESSION","EXE_DB","INSERT_FLAG","UPDATE_FLAG","KEY_UPD","UD1","UD2","UD3","UD4","UD5","COL_POSITION","LAST_UPDATE_DATE","LAST_UPDATE_USER"
"INS_T_STFC_STPOST10_TMP_1_0","EDW_RECORD_NO","TVSTFC_STPOST_TMP_1_0.EDW_RECORD_NO","0","1","1","0","0","0","0","0","0","1","2023-03-12 00:19:00.930","Phase2"
"INS_T_STFC_STPOST10_TMP_1_0","PSTR_CTL1","LEFT(PSTR_CTL1,2)","1","1","1","0","0","0","0","0","0","2","2023-03-12 00:19:00.930","Common_Team"
"INS_T_STFC_STPOST10_TMP_1_0","PT01_FM1_SRC_BRANCH_4D","LEFT(PT01_FM1_SRC_BRANCH_4D,4)","1","1","1","0","0","0","0","0","0","3","2023-03-12 00:19:00.930","Common_Team"
"INS_T_STFC_STPOST10_TMP_1_0","PT01_FM1_SRC_DATE","TVSTFC_STPOST_TMP_1_0.PT01_FM1_SRC_DATE","0","1","1","0","0","0","0","0","0","4","2023-03-12 00:19:00.930","Phase2"
