"INTERFACE_NAME","COL_NAME","EXPRESSION","EXE_DB","INSERT_FLAG","UPDATE_FLAG","KEY_UPD","UD1","UD2","UD3","UD4","UD5","COL_POSITION","LAST_UPDATE_DATE","LAST_UPDATE_USER"
"INS_T_LOS_QUPRGRTOAGMT_UNION_01","QUOTATION_ID","TVLOS_QUPRGRTOAGMT_UNION_01.QUOTATION_ID","0","1","1","0","0","0","0","0","0","1","2023-03-12 02:09:55.870","Phase3"
"INS_T_LOS_QUPRGRTOAGMT_UNION_01","PRODUCT_GROUP_ID","TVLOS_QUPRGRTOAGMT_UNION_01.PRODUCT_GROUP_ID","0","1","1","0","0","0","0","0","0","2","2023-03-12 02:09:55.870","Phase3"
"INS_T_LOS_QUPRGRTOAGMT_UNION_01","PRODUCT_GROUP_SEQUENCE_ID","LEFT(PRODUCT_GROUP_SEQUENCE_ID,50)","1","1","1","0","0","0","0","0","0","3","2023-03-12 02:09:55.870","Common_Team"
"INS_T_LOS_QUPRGRTOAGMT_UNION_01","QUOTATION_PROD_GRP_START_DT","TVLOS_QUPRGRTOAGMT_UNION_01.QUOTATION_PROD_GRP_START_DT","0","1","1","0","0","0","0","0","0","4","2023-03-12 02:09:55.870","Phase3"
"INS_T_LOS_QUPRGRTOAGMT_UNION_01","ACCOUNT_NUM","TVLOS_QUPRGRTOAGMT_UNION_01.ACCOUNT_NUM","0","1","1","0","0","0","0","0","0","5","2023-03-12 02:09:55.870","Phase3"
"INS_T_LOS_QUPRGRTOAGMT_UNION_01","ACCOUNT_MODIFIER_NUM","TVLOS_QUPRGRTOAGMT_UNION_01.ACCOUNT_MODIFIER_NUM","0","1","1","0","0","0","0","0","0","6","2023-03-12 02:09:55.870","Phase3"
"INS_T_LOS_QUPRGRTOAGMT_UNION_01","QUOTE_PROD_GRP_AGMT_REL_CD","TVLOS_QUPRGRTOAGMT_UNION_01.QUOTE_PROD_GRP_AGMT_REL_CD","0","1","1","0","0","0","0","0","0","7","2023-03-12 02:09:55.870","Phase3"
"INS_T_LOS_QUPRGRTOAGMT_UNION_01","QUOTE_PROD_GRP_AGMT_START_DT","TVLOS_QUPRGRTOAGMT_UNION_01.QUOTE_PROD_GRP_AGMT_START_DT","0","1","1","0","0","0","0","0","0","8","2023-03-12 02:09:55.870","Phase3"
"INS_T_LOS_QUPRGRTOAGMT_UNION_01","QUOTE_PROD_GRP_AGMT_END_DT","TVLOS_QUPRGRTOAGMT_UNION_01.QUOTE_PROD_GRP_AGMT_END_DT","0","1","1","0","0","0","0","0","0","9","2023-03-12 02:09:55.870","Phase3"
