"INTERFACE_NAME","COL_NAME","EXPRESSION","EXE_DB","INSERT_FLAG","UPDATE_FLAG","KEY_UPD","UD1","UD2","UD3","UD4","UD5","COL_POSITION","LAST_UPDATE_DATE","LAST_UPDATE_USER"
"INS_T_STCDXM10_AGREEMENT_03","ST_CONTROL_1","TVST_STACTM_INSTMP_3_0.ST_CONTROL_1","0","1","1","0","0","0","0","0","0","1","2023-03-12 02:37:55.593","Phase3"
"INS_T_STCDXM10_AGREEMENT_03","ST_CONTROL_2","TVST_STACTM_INSTMP_3_0.ST_CONTROL_2","0","1","1","0","0","0","0","0","0","2","2023-03-12 02:37:55.593","Phase3"
"INS_T_STCDXM10_AGREEMENT_03","ST_CONTROL_3","TVST_STACTM_INSTMP_3_0.ST_CONTROL_3","0","1","1","0","0","0","0","0","0","3","2023-03-12 02:37:55.593","Phase3"
"INS_T_STCDXM10_AGREEMENT_03","ST_CONTROL_4","TVST_STACTM_INSTMP_3_0.ST_CONTROL_4","0","1","1","0","0","0","0","0","0","4","2023-03-12 02:37:55.593","Phase3"
"INS_T_STCDXM10_AGREEMENT_03","SUB_ST_ACCOUNT_NO","TVST_STACTM_INSTMP_3_0.SUB_ST_ACCOUNT_NO","0","1","1","0","0","0","0","0","0","5","2023-03-12 02:37:55.593","Phase3"
"INS_T_STCDXM10_AGREEMENT_03","ST_ACCOUNT_NO","LEFT(ST_ACCOUNT_NO,14)","1","1","1","0","0","0","0","0","0","6","2023-03-12 02:37:55.593","Common_Team"
