"INTERFACE_NAME","COL_NAME","EXPRESSION","EXE_DB","INSERT_FLAG","UPDATE_FLAG","KEY_UPD","UD1","UD2","UD3","UD4","UD5","COL_POSITION","LAST_UPDATE_DATE","LAST_UPDATE_USER"
"INS_T_B2K_ACCBALSUMDD_03","ACCOUNT_NUM","VB2K_ACCBALSUMDD_03.ACCOUNT_NUM","0","1","1","0","0","0","0","0","0","1","2023-03-12 03:21:15.548","Phase3"
"INS_T_B2K_ACCBALSUMDD_03","ACCOUNT_MODIFIER_NUM","LEFT(ACCOUNT_MODIFIER_NUM,20)","1","1","1","0","0","0","0","0","0","2","2023-03-12 03:21:15.548","Common_Team"
"INS_T_B2K_ACCBALSUMDD_03","BALANCE_CATEGORY_TYPE_CD","VB2K_ACCBALSUMDD_03.BALANCE_CATEGORY_TYPE_CD","0","1","1","0","0","0","0","0","0","3","2023-03-12 03:21:15.548","Phase3"
"INS_T_B2K_ACCBALSUMDD_03","ACCOUNT_METRIC_TYPE_CD","VB2K_ACCBALSUMDD_03.ACCOUNT_METRIC_TYPE_CD","0","1","1","0","0","0","0","0","0","4","2023-03-12 03:21:15.548","Phase3"
"INS_T_B2K_ACCBALSUMDD_03","ACCT_BAL_SUMMARY_START_DTTM","VB2K_ACCBALSUMDD_03.ACCT_BAL_SUMMARY_START_DTTM","0","1","1","0","0","0","0","0","0","5","2023-03-12 03:21:15.548","Phase3"
"INS_T_B2K_ACCBALSUMDD_03","ACCT_BAL_SUMMARY_END_DTTM","VB2K_ACCBALSUMDD_03.ACCT_BAL_SUMMARY_END_DTTM","0","1","1","0","0","0","0","0","0","6","2023-03-12 03:21:15.548","Phase3"
"INS_T_B2K_ACCBALSUMDD_03","ACCOUNT_BALANCE_SUMMARY_AMT","VB2K_ACCBALSUMDD_03.ACCOUNT_BALANCE_SUMMARY_AMT","0","1","1","0","0","0","0","0","0","8","2023-03-12 03:21:15.548","Phase3"
"INS_T_B2K_ACCBALSUMDD_03","GL_ACCOUNT_CODE_VAL","LEFT(GL_ACCOUNT_CODE_VAL,10)","1","1","1","0","0","0","0","0","0","12","2023-03-12 03:21:15.548","Common_Team"
"INS_T_B2K_ACCBALSUMDD_03","GL_PRODUCT_CODE_VAL","LEFT(GL_PRODUCT_CODE_VAL,10)","1","1","1","0","0","0","0","0","0","14","2023-03-12 03:21:15.548","Common_Team"
