"INTERFACE_NAME","COL_NAME","EXPRESSION","EXE_DB","INSERT_FLAG","UPDATE_FLAG","KEY_UPD","UD1","UD2","UD3","UD4","UD5","COL_POSITION","LAST_UPDATE_DATE","LAST_UPDATE_USER"
"INS_T_B2K_ACCBALSUMDD_02","ACCOUNT_NUM","TVB2K_ACCBALSUMDD_02.ACCOUNT_NUM","0","1","1","0","0","0","0","0","0","1","2023-03-12 02:22:29.967","Phase3"
"INS_T_B2K_ACCBALSUMDD_02","ACCOUNT_MODIFIER_NUM","LEFT(ACCOUNT_MODIFIER_NUM,20)","1","1","1","0","0","0","0","0","0","2","2023-03-12 02:22:29.967","Common_Team"
"INS_T_B2K_ACCBALSUMDD_02","BALANCE_CATEGORY_TYPE_CD","TVB2K_ACCBALSUMDD_02.BALANCE_CATEGORY_TYPE_CD","0","1","1","0","0","0","0","0","0","3","2023-03-12 02:22:29.967","Phase3"
"INS_T_B2K_ACCBALSUMDD_02","ACCOUNT_METRIC_TYPE_CD","TVB2K_ACCBALSUMDD_02.ACCOUNT_METRIC_TYPE_CD","0","1","1","0","0","0","0","0","0","4","2023-03-12 02:22:29.967","Phase3"
"INS_T_B2K_ACCBALSUMDD_02","ACCT_BAL_SUMMARY_START_DTTM","TVB2K_ACCBALSUMDD_02.ACCT_BAL_SUMMARY_START_DTTM","0","1","1","0","0","0","0","0","0","5","2023-03-12 02:22:29.967","Phase3"
"INS_T_B2K_ACCBALSUMDD_02","ACCT_BAL_SUMMARY_END_DTTM","TVB2K_ACCBALSUMDD_02.ACCT_BAL_SUMMARY_END_DTTM","0","1","1","0","0","0","0","0","0","6","2023-03-12 02:22:29.967","Phase3"
"INS_T_B2K_ACCBALSUMDD_02","ACCOUNT_BALANCE_SUMMARY_AMT","TVB2K_ACCBALSUMDD_02.ACCOUNT_BALANCE_SUMMARY_AMT","0","1","1","0","0","0","0","0","0","8","2023-03-12 02:22:29.967","Phase3"
