"INTERFACE_NAME","COL_NAME","EXPRESSION","EXE_DB","INSERT_FLAG","UPDATE_FLAG","KEY_UPD","UD1","UD2","UD3","UD4","UD5","COL_POSITION","LAST_UPDATE_DATE","LAST_UPDATE_USER"
"INS_TBI_ATM_FUNDTRANEVE_GETBASE","BACR_BASE_ACCT_NUM","LEFT(BACR_BASE_ACCT_NUM,100)","1","1","1","0","0","0","0","0","0","1","2023-03-12 03:01:47.484","Common_Team"
"INS_TBI_ATM_FUNDTRANEVE_GETBASE","BASE_ACCOUNT_NUM","TVATM_FUNDTRANEVE_GETBASE.BASE_ACCOUNT_NUM","0","1","1","0","0","0","0","0","0","2","2023-03-12 03:01:47.484","Phase3"
"INS_TBI_ATM_FUNDTRANEVE_GETBASE","ACCOUNT_NUM","TVATM_FUNDTRANEVE_GETBASE.ACCOUNT_NUM","0","1","1","0","0","0","0","0","0","3","2023-03-12 03:01:47.484","Phase3"
"INS_TBI_ATM_FUNDTRANEVE_GETBASE","ACCOUNT_MODIFIER_NUM","TVATM_FUNDTRANEVE_GETBASE.ACCOUNT_MODIFIER_NUM","0","1","1","0","0","0","0","0","0","4","2023-03-12 03:01:47.484","Phase3"
