"INTERFACE_NAME","COL_NAME","EXPRESSION","EXE_DB","INSERT_FLAG","UPDATE_FLAG","KEY_UPD","UD1","UD2","UD3","UD4","UD5","COL_POSITION","LAST_UPDATE_DATE","LAST_UPDATE_USER"
"INS_T_LOS_UNOIN_AGREEMENT_0","BASE_ACCOUNT_NUM","LEFT(BASE_ACCOUNT_NUM,100)","1","1","1","0","0","0","0","0","0","1","2023-03-12 03:42:12.980","Common_Team"
"INS_T_LOS_UNOIN_AGREEMENT_0","ACCOUNT_NUM","LEFT(ACCOUNT_NUM,100)","1","1","1","0","0","0","0","0","0","2","2023-03-12 03:42:12.980","Common_Team"
"INS_T_LOS_UNOIN_AGREEMENT_0","ACCOUNT_MODIFIER_NUM","LEFT(ACCOUNT_MODIFIER_NUM,20)","1","1","1","0","0","0","0","0","0","3","2023-03-12 03:42:12.980","Common_Team"
"INS_T_LOS_UNOIN_AGREEMENT_0","AGR_START_DT","TVLOS_UNOIN_AGREEMENT_01.AGR_START_DT","0","1","1","0","0","0","0","0","0","4","2023-03-12 03:42:12.980","Phase3"
"INS_T_LOS_UNOIN_AGREEMENT_0","AGR_END_DT","TVLOS_UNOIN_AGREEMENT_01.AGR_END_DT","0","1","1","0","0","0","0","0","0","5","2023-03-12 03:42:12.980","Phase3"
"INS_T_LOS_UNOIN_AGREEMENT_0","AACA_START_DT","TVLOS_UNOIN_AGREEMENT_01.AACA_START_DT","0","1","1","0","0","0","0","0","0","6","2023-03-12 03:42:12.980","Phase3"
"INS_T_LOS_UNOIN_AGREEMENT_0","AACA_END_DT","TVLOS_UNOIN_AGREEMENT_01.AACA_END_DT","0","1","1","0","0","0","0","0","0","7","2023-03-12 03:42:12.980","Phase3"
