"INTERFACE_NAME","COL_NAME","EXPRESSION","EXE_DB","INSERT_FLAG","UPDATE_FLAG","KEY_UPD","UD1","UD2","UD3","UD4","UD5","COL_POSITION","LAST_UPDATE_DATE","LAST_UPDATE_USER"
"INS_T_STFC_STACTM10_INSTMP_03","ST_CONTROL_1","LEFT(ST_CONTROL_1,2)","1","1","1","0","0","0","0","0","0","1","2023-03-12 02:01:20.546","Common_Team"
"INS_T_STFC_STACTM10_INSTMP_03","ST_CONTROL_2","LEFT(ST_CONTROL_2,3)","1","1","1","0","0","0","0","0","0","2","2023-03-12 02:01:20.546","Common_Team"
"INS_T_STFC_STACTM10_INSTMP_03","ST_CONTROL_3","LEFT(ST_CONTROL_3,3)","1","1","1","0","0","0","0","0","0","3","2023-03-12 02:01:20.546","Common_Team"
"INS_T_STFC_STACTM10_INSTMP_03","ST_CONTROL_4","LEFT(ST_CONTROL_4,3)","1","1","1","0","0","0","0","0","0","4","2023-03-12 02:01:20.546","Common_Team"
"INS_T_STFC_STACTM10_INSTMP_03","SUB_ST_ACCOUNT_NO","LEFT(SUB_ST_ACCOUNT_NO,11)","1","1","1","0","0","0","0","0","0","5","2023-03-12 02:01:20.546","Common_Team"
"INS_T_STFC_STACTM10_INSTMP_03","ST_ACCOUNT_NO","LEFT(ST_ACCOUNT_NO,14)","1","1","1","0","0","0","0","0","0","6","2023-03-12 02:01:20.546","Common_Team"
