"INTERFACE_NAME","COL_NAME","EXPRESSION","EXE_DB","INSERT_FLAG","UPDATE_FLAG","KEY_UPD","UD1","UD2","UD3","UD4","UD5","COL_POSITION","LAST_UPDATE_DATE","LAST_UPDATE_USER"
"INT_L_ESN_EDW_STT_SSO","USERID","LEFT(USERID,15)","1","1","0","0","1","0","0","0","0","1","2023-03-12 02:07:16.742","Common_Team"
"INT_L_ESN_EDW_STT_SSO","FLAG_SSO","LEFT(FLAG_SSO,1)","1","1","0","0","0","0","0","0","0","2","2023-03-12 02:07:16.742","Common_Team"
"INT_L_ESN_EDW_STT_SSO","START_DT","","0","1","0","0","0","0","0","0","0","3","2023-03-12 02:07:16.742","montarat"
"INT_L_ESN_EDW_STT_SSO","END_DT","","0","1","0","0","0","0","0","0","0","4","2023-03-12 02:07:16.742","montarat"
"INT_L_ESN_EDW_STT_SSO","RECORD_DELETED_FLAG","","0","1","0","0","0","0","0","0","0","5","2023-03-12 02:07:16.742","montarat"
"INT_L_ESN_EDW_STT_SSO","CTL_ID","","0","1","0","0","0","0","0","0","0","6","2023-03-12 02:07:16.742","montarat"
"INT_L_ESN_EDW_STT_SSO","INS_PROC_NAME","","0","1","0","0","0","0","0","0","0","7","2023-03-12 02:07:16.742","montarat"
"INT_L_ESN_EDW_STT_SSO","INS_TXF_BATCHID","","0","1","0","0","0","0","0","0","0","8","2023-03-12 02:07:16.742","montarat"
"INT_L_ESN_EDW_STT_SSO","UPD_PROC_NAME","","0","1","0","0","0","0","0","0","0","9","2023-03-12 02:07:16.742","montarat"
"INT_L_ESN_EDW_STT_SSO","UPD_TXF_BATCHID","","0","1","0","0","0","0","0","0","0","10","2023-03-12 02:07:16.742","montarat"
