"INTERFACE_NAME","COL_NAME","EXPRESSION","EXE_DB","INSERT_FLAG","UPDATE_FLAG","KEY_UPD","UD1","UD2","UD3","UD4","UD5","COL_POSITION","LAST_UPDATE_DATE","LAST_UPDATE_USER"
"INT_L_B2K_BGFISREL_1_0","BGREL_RECORD_KEY","LEFT(BGREL_RECORD_KEY,19)","1","1","0","0","0","0","0","0","0","1","2023-03-12 01:43:59.462","Common_Team"
"INT_L_B2K_BGFISREL_1_0","BGREL_INQ_CONS_PRIMARY_ACCT","LEFT(BGREL_INQ_CONS_PRIMARY_ACCT,16)","1","1","0","0","0","0","0","0","0","2","2023-03-12 01:43:59.462","Common_Team"
"INT_L_B2K_BGFISREL_1_0","BGREL_INQ_AMOUNT_AVAIL","LEFT(BGREL_INQ_AMOUNT_AVAIL,15)","1","1","0","0","0","0","0","0","0","3","2023-03-12 01:43:59.462","Common_Team"
"INT_L_B2K_BGFISREL_1_0","BGREL_INQ_TOTAL_OUTSTANDING","LEFT(BGREL_INQ_TOTAL_OUTSTANDING,15)","1","1","0","0","0","0","0","0","0","4","2023-03-12 01:43:59.462","Common_Team"
"INT_L_B2K_BGFISREL_1_0","BGREL_CONSOL_PRIMARY_ACCT","LEFT(BGREL_CONSOL_PRIMARY_ACCT,16)","1","1","0","0","0","0","0","0","0","5","2023-03-12 01:43:59.462","Common_Team"
"INT_L_B2K_BGFISREL_1_0","START_DT","","0","0","0","0","0","0","0","0","0","6","2023-03-12 01:43:59.462","thanapong_k"
"INT_L_B2K_BGFISREL_1_0","END_DT","","0","0","0","0","0","0","0","0","0","7","2023-03-12 01:43:59.462","thanapong_k"
"INT_L_B2K_BGFISREL_1_0","RECORD_DELETED_FLAG","","0","0","0","0","0","0","0","0","0","8","2023-03-12 01:43:59.462","thanapong_k"
"INT_L_B2K_BGFISREL_1_0","CTL_ID","","0","0","0","0","0","0","0","0","0","9","2023-03-12 01:43:59.462","thanapong_k"
"INT_L_B2K_BGFISREL_1_0","INS_PROC_NAME","","0","0","0","0","0","0","0","0","0","10","2023-03-12 01:43:59.462","thanapong_k"
"INT_L_B2K_BGFISREL_1_0","INS_TXF_BATCHID","","0","0","0","0","0","0","0","0","0","11","2023-03-12 01:43:59.462","thanapong_k"
"INT_L_B2K_BGFISREL_1_0","UPD_PROC_NAME","","0","0","0","0","0","0","0","0","0","12","2023-03-12 01:43:59.462","thanapong_k"
"INT_L_B2K_BGFISREL_1_0","UPD_TXF_BATCHID","","0","0","0","0","0","0","0","0","0","13","2023-03-12 01:43:59.462","thanapong_k"
