"INTERFACE_NAME","COL_NAME","EXPRESSION","EXE_DB","INSERT_FLAG","UPDATE_FLAG","KEY_UPD","UD1","UD2","UD3","UD4","UD5","COL_POSITION","LAST_UPDATE_DATE","LAST_UPDATE_USER"
"INT_L_ESN_EDW_ACTHIRD_PROFILE","USERID","ESN_ACTHIRD_PROFILE_1_0.USERID","9","1","1","1","0","0","0","0","0","1","2023-03-12 01:26:50.435","Teekawin"
"INT_L_ESN_EDW_ACTHIRD_PROFILE","ACCOUNT_NUM","ESN_ACTHIRD_PROFILE_1_0.ACCOUNT_NUM","9","1","1","1","0","0","0","0","0","2","2023-03-12 01:26:50.435","Teekawin"
"INT_L_ESN_EDW_ACTHIRD_PROFILE","ACCOUNT_TYPE","ESN_ACTHIRD_PROFILE_1_0.ACCOUNT_TYPE","9","1","1","0","0","0","0","0","1","3","2023-03-12 01:26:50.435","Common_Team"
"INT_L_ESN_EDW_ACTHIRD_PROFILE","BRANCH","ESN_ACTHIRD_PROFILE_1_0.BRANCH","9","1","1","0","0","0","0","0","0","4","2023-03-12 01:26:50.435","Teekawin"
"INT_L_ESN_EDW_ACTHIRD_PROFILE","ACCOUNT_NAME","ESN_ACTHIRD_PROFILE_1_0.ACCOUNT_NAME","9","1","1","0","0","0","0","0","0","5","2023-03-12 01:26:50.435","Teekawin"
"INT_L_ESN_EDW_ACTHIRD_PROFILE","ACCOUNT_NICKNAME","ESN_ACTHIRD_PROFILE_1_0.ACCOUNT_NICKNAME","9","1","1","0","0","0","0","0","0","6","2023-03-12 01:26:50.435","Teekawin"
