"INTERFACE_NAME","COL_NAME","EXPRESSION","EXE_DB","INSERT_FLAG","UPDATE_FLAG","KEY_UPD","UD1","UD2","UD3","UD4","UD5","COL_POSITION","LAST_UPDATE_DATE","LAST_UPDATE_USER"
"INT_L_B2K_BCFDTLR_1_0_T1","FT_TRAN_CODE","LEFT(FT_TRAN_CODE,3)","1","1","0","0","0","0","0","0","0","2","2023-03-11 23:22:51.071","Common_Team"
"INT_L_B2K_BCFDTLR_1_0_T1","FT_TRAN_CODE_SUB","B2K_BCFDTLR_1_0_T1.FT_TRAN_CODE_SUB","0","1","0","0","0","0","0","0","0","3","2023-03-11 23:22:51.071","hathaipat"
"INT_L_B2K_BCFDTLR_1_0_T1","FT_TRAN_CODE_QUAL","B2K_BCFDTLR_1_0_T1.FT_TRAN_CODE_QUAL","0","1","0","0","0","0","0","0","0","4","2023-03-11 23:22:51.071","hathaipat"
"INT_L_B2K_BCFDTLR_1_0_T1","FT_TRAN_COMP_SEQ_NO","B2K_BCFDTLR_1_0_T1.FT_TRAN_COMP_SEQ_NO","0","1","0","0","0","0","0","0","0","5","2023-03-11 23:22:51.071","hathaipat"
"INT_L_B2K_BCFDTLR_1_0_T1","FT_CORP_NO","LEFT(FT_CORP_NO,2)","1","1","0","0","0","0","0","0","0","6","2023-03-11 23:22:51.071","Common_Team"
"INT_L_B2K_BCFDTLR_1_0_T1","FT_ACCT_NO","LEFT(FT_ACCT_NO,16)","1","1","0","0","0","0","0","0","0","7","2023-03-11 23:22:51.071","Common_Team"
"INT_L_B2K_BCFDTLR_1_0_T1","FT_BIN_BYTE_1_6","LEFT(FT_BIN_BYTE_1_6,6)","1","1","0","0","0","0","0","0","0","8","2023-03-11 23:22:51.071","Common_Team"
"INT_L_B2K_BCFDTLR_1_0_T1","FT_NEW_ACCT_SEQ","LEFT(FT_NEW_ACCT_SEQ,10)","1","1","0","0","0","0","0","0","0","9","2023-03-11 23:22:51.071","Common_Team"
"INT_L_B2K_BCFDTLR_1_0_T1","FT_DRAFT_ACNO_EXTENSION","LEFT(FT_DRAFT_ACNO_EXTENSION,3)","1","1","0","0","0","0","0","0","0","10","2023-03-11 23:22:51.071","Common_Team"
"INT_L_B2K_BCFDTLR_1_0_T1","FT_FLOOR_LIMIT_IND","LEFT(FT_FLOOR_LIMIT_IND,1)","1","1","0","0","0","0","0","0","0","11","2023-03-11 23:22:51.071","Common_Team"
"INT_L_B2K_BCFDTLR_1_0_T1","FT_CWB_CRB_IND","LEFT(FT_CWB_CRB_IND,1)","1","1","0","0","0","0","0","0","0","12","2023-03-11 23:22:51.071","Common_Team"
"INT_L_B2K_BCFDTLR_1_0_T1","FT_LCS_IND","LEFT(FT_LCS_IND,1)","1","1","0","0","0","0","0","0","0","13","2023-03-11 23:22:51.071","Common_Team"
"INT_L_B2K_BCFDTLR_1_0_T1","FT_REASON_CODE","LEFT(FT_REASON_CODE,2)","1","1","0","0","0","0","0","0","0","14","2023-03-11 23:22:51.071","Common_Team"
"INT_L_B2K_BCFDTLR_1_0_T1","FT_REASON_CODE_N","B2K_BCFDTLR_1_0_T1.FT_REASON_CODE_N","0","1","0","0","0","0","0","0","0","15","2023-03-11 23:22:51.071","hathaipat"
"INT_L_B2K_BCFDTLR_1_0_T1","FT_MICRO_REF_NUM","LEFT(FT_MICRO_REF_NUM,23)","1","1","0","0","0","0","0","0","0","16","2023-03-11 23:22:51.071","Common_Team"
"INT_L_B2K_BCFDTLR_1_0_T1","FT_REF_FORMAT_A","LEFT(FT_REF_FORMAT_A,1)","1","1","0","0","0","0","0","0","0","17","2023-03-11 23:22:51.071","Common_Team"
"INT_L_B2K_BCFDTLR_1_0_T1","FT_REF_FORMAT","LEFT(FT_REF_FORMAT,1)","1","1","0","0","0","0","0","0","0","18","2023-03-11 23:22:51.071","Common_Team"
"INT_L_B2K_BCFDTLR_1_0_T1","FT_REF_BIN","B2K_BCFDTLR_1_0_T1.FT_REF_BIN","0","1","0","0","0","0","0","0","0","19","2023-03-11 23:22:51.071","hathaipat"
"INT_L_B2K_BCFDTLR_1_0_T1","FT_REF_INTCHG_DATE_A","LEFT(FT_REF_INTCHG_DATE_A,4)","1","1","0","0","0","0","0","0","0","20","2023-03-11 23:22:51.071","Common_Team"
"INT_L_B2K_BCFDTLR_1_0_T1","FT_REF_INTCHG_DATE","LEFT(FT_REF_INTCHG_DATE,4)","1","1","0","0","0","0","0","0","0","21","2023-03-11 23:22:51.071","Common_Team"
"INT_L_B2K_BCFDTLR_1_0_T1","FT_REF_SEQ_NUM","LEFT(FT_REF_SEQ_NUM,11)","1","1","0","0","0","0","0","0","0","22","2023-03-11 23:22:51.071","Common_Team"
"INT_L_B2K_BCFDTLR_1_0_T1","FT_REF_CUST_NO","B2K_BCFDTLR_1_0_T1.FT_REF_CUST_NO","0","1","0","0","0","0","0","0","0","23","2023-03-11 23:22:51.071","hathaipat"
"INT_L_B2K_BCFDTLR_1_0_T1","FT_REF_JULIAN","B2K_BCFDTLR_1_0_T1.FT_REF_JULIAN","0","1","0","0","0","0","0","0","0","24","2023-03-11 23:22:51.071","hathaipat"
"INT_L_B2K_BCFDTLR_1_0_T1","FT_REF_SEQ","B2K_BCFDTLR_1_0_T1.FT_REF_SEQ","0","1","0","0","0","0","0","0","0","25","2023-03-11 23:22:51.071","hathaipat"
"INT_L_B2K_BCFDTLR_1_0_T1","FT_REF_CKDIGIT","LEFT(FT_REF_CKDIGIT,1)","1","1","0","0","0","0","0","0","0","26","2023-03-11 23:22:51.071","Common_Team"
"INT_L_B2K_BCFDTLR_1_0_T1","FT_TRACE_NUMBER","LEFT(FT_TRACE_NUMBER,6)","1","1","0","0","0","0","0","0","0","27","2023-03-11 23:22:51.071","Common_Team"
"INT_L_B2K_BCFDTLR_1_0_T1","FT_PURCHASE_DATE_A","LEFT(FT_PURCHASE_DATE_A,9)","1","1","0","0","0","0","0","0","0","28","2023-03-11 23:22:51.071","Common_Team"
"INT_L_B2K_BCFDTLR_1_0_T1","FT_PURCHASE_DT","LEFT(FT_PURCHASE_DT,9)","1","1","0","0","0","0","0","0","0","29","2023-03-11 23:22:51.071","Common_Team"
"INT_L_B2K_BCFDTLR_1_0_T1","FT_ENTRY_AMOUNT_A","B2K_BCFDTLR_1_0_T1.FT_ENTRY_AMOUNT_A","0","1","0","0","0","0","0","0","0","30","2023-03-11 23:22:51.071","hathaipat"
"INT_L_B2K_BCFDTLR_1_0_T1","FT_ENTRY_AMOUNT","B2K_BCFDTLR_1_0_T1.FT_ENTRY_AMOUNT","0","1","0","0","0","0","0","0","0","31","2023-03-11 23:22:51.071","hathaipat"
"INT_L_B2K_BCFDTLR_1_0_T1","FT_ORIG_TRANS_AMT","LEFT(FT_ORIG_TRANS_AMT,12)","1","1","0","0","0","0","0","0","0","32","2023-03-11 23:22:51.071","Common_Team"
"INT_L_B2K_BCFDTLR_1_0_T1","FT_SOURCE_TRANS_AMT","LEFT(FT_SOURCE_TRANS_AMT,12)","1","1","0","0","0","0","0","0","0","33","2023-03-11 23:22:51.071","Common_Team"
"INT_L_B2K_BCFDTLR_1_0_T1","FT_ORIG_CURR_CODE","LEFT(FT_ORIG_CURR_CODE,3)","1","1","0","0","0","0","0","0","0","34","2023-03-11 23:22:51.071","Common_Team"
"INT_L_B2K_BCFDTLR_1_0_T1","FT_SOURCE_CURR_CODE","LEFT(FT_SOURCE_CURR_CODE,3)","1","1","0","0","0","0","0","0","0","35","2023-03-11 23:22:51.071","Common_Team"
"INT_L_B2K_BCFDTLR_1_0_T1","FT_ORIG_CURR_EXP","LEFT(FT_ORIG_CURR_EXP,1)","1","1","0","0","0","0","0","0","0","36","2023-03-11 23:22:51.071","Common_Team"
"INT_L_B2K_BCFDTLR_1_0_T1","FT_SOURCE_CURR_EXP","LEFT(FT_SOURCE_CURR_EXP,1)","1","1","0","0","0","0","0","0","0","37","2023-03-11 23:22:51.071","Common_Team"
"INT_L_B2K_BCFDTLR_1_0_T1","FT_DEST_TRANS_AMT","LEFT(FT_DEST_TRANS_AMT,12)","1","1","0","0","0","0","0","0","0","38","2023-03-11 23:22:51.071","Common_Team"
"INT_L_B2K_BCFDTLR_1_0_T1","FT_SETTLE_TRANS_AMT_DEC_2","LEFT(FT_SETTLE_TRANS_AMT_DEC_2,12)","1","1","0","0","0","0","0","0","0","39","2023-03-11 23:22:51.071","Common_Team"
"INT_L_B2K_BCFDTLR_1_0_T1","FT_DEST_CURR_CODE","LEFT(FT_DEST_CURR_CODE,3)","1","1","0","0","0","0","0","0","0","40","2023-03-11 23:22:51.071","Common_Team"
"INT_L_B2K_BCFDTLR_1_0_T1","FT_SETTLE_CURR_CODE","LEFT(FT_SETTLE_CURR_CODE,3)","1","1","0","0","0","0","0","0","0","41","2023-03-11 23:22:51.071","Common_Team"
"INT_L_B2K_BCFDTLR_1_0_T1","FT_DEST_CURR_EXP","LEFT(FT_DEST_CURR_EXP,1)","1","1","0","0","0","0","0","0","0","42","2023-03-11 23:22:51.071","Common_Team"
"INT_L_B2K_BCFDTLR_1_0_T1","FT_SETTLE_CURR_EXP","LEFT(FT_SETTLE_CURR_EXP,1)","1","1","0","0","0","0","0","0","0","43","2023-03-11 23:22:51.071","Common_Team"
"INT_L_B2K_BCFDTLR_1_0_T1","FT_ISSUER_TRANS_AMT","LEFT(FT_ISSUER_TRANS_AMT,12)","1","1","0","0","0","0","0","0","0","44","2023-03-11 23:22:51.071","Common_Team"
"INT_L_B2K_BCFDTLR_1_0_T1","FT_ISSUER_CURR_CODE","LEFT(FT_ISSUER_CURR_CODE,3)","1","1","0","0","0","0","0","0","0","45","2023-03-11 23:22:51.071","Common_Team"
"INT_L_B2K_BCFDTLR_1_0_T1","FT_ISSUER_CURR_EXP","LEFT(FT_ISSUER_CURR_EXP,1)","1","1","0","0","0","0","0","0","0","46","2023-03-11 23:22:51.071","Common_Team"
"INT_L_B2K_BCFDTLR_1_0_T1","FT_MERCH_INFO","LEFT(FT_MERCH_INFO,41)","1","1","0","0","0","0","0","0","0","47","2023-03-11 23:22:51.071","Common_Team"
"INT_L_B2K_BCFDTLR_1_0_T1","FT_MERCH_NAME","LEFT(FT_MERCH_NAME,25)","1","1","0","0","0","0","0","0","0","48","2023-03-11 23:22:51.071","Common_Team"
"INT_L_B2K_BCFDTLR_1_0_T1","FT_MERCH_CITY","LEFT(FT_MERCH_CITY,13)","1","1","0","0","0","0","0","0","0","49","2023-03-11 23:22:51.071","Common_Team"
"INT_L_B2K_BCFDTLR_1_0_T1","FT_MERCH_STATE","LEFT(FT_MERCH_STATE,3)","1","1","0","0","0","0","0","0","0","50","2023-03-11 23:22:51.071","Common_Team"
"INT_L_B2K_BCFDTLR_1_0_T1","FT_PAYMENT_INFO","LEFT(FT_PAYMENT_INFO,41)","1","1","0","0","0","0","0","0","0","51","2023-03-11 23:22:51.071","Common_Team"
"INT_L_B2K_BCFDTLR_1_0_T1","FT_PAYMENT_MSG","LEFT(FT_PAYMENT_MSG,30)","1","1","0","0","0","0","0","0","0","52","2023-03-11 23:22:51.071","Common_Team"
"INT_L_B2K_BCFDTLR_1_0_T1","FT_PAYMENT_BATCH","LEFT(FT_PAYMENT_BATCH,4)","1","1","0","0","0","0","0","0","0","53","2023-03-11 23:22:51.071","Common_Team"
"INT_L_B2K_BCFDTLR_1_0_T1","FT_MERCH_CLASS_A","LEFT(FT_MERCH_CLASS_A,4)","1","1","0","0","0","0","0","0","0","54","2023-03-11 23:22:51.071","Common_Team"
"INT_L_B2K_BCFDTLR_1_0_T1","FT_MERCH_CLASS","LEFT(FT_MERCH_CLASS,4)","1","1","0","0","0","0","0","0","0","55","2023-03-11 23:22:51.071","Common_Team"
"INT_L_B2K_BCFDTLR_1_0_T1","FT_TMP_MERCH_ZIP_CODE","B2K_BCFDTLR_1_0_T1.FT_TMP_MERCH_ZIP_CODE","0","1","0","0","0","0","0","0","0","56","2023-03-11 23:22:51.071","hathaipat"
"INT_L_B2K_BCFDTLR_1_0_T1","FT_TMP_MERCH_ZIP_CODE_A","LEFT(FT_TMP_MERCH_ZIP_CODE_A,5)","1","1","0","0","0","0","0","0","0","57","2023-03-11 23:22:51.071","Common_Team"
"INT_L_B2K_BCFDTLR_1_0_T1","FT_MERCH_COUNTRY","LEFT(FT_MERCH_COUNTRY,3)","1","1","0","0","0","0","0","0","0","58","2023-03-11 23:22:51.071","Common_Team"
"INT_L_B2K_BCFDTLR_1_0_T1","FT_CARDHOLDER_ACTIV_TERMINAL","LEFT(FT_CARDHOLDER_ACTIV_TERMINAL,1)","1","1","0","0","0","0","0","0","0","59","2023-03-11 23:22:51.071","Common_Team"
"INT_L_B2K_BCFDTLR_1_0_T1","FT_PREPAID_CARD_INDICATOR","LEFT(FT_PREPAID_CARD_INDICATOR,1)","1","1","0","0","0","0","0","0","0","60","2023-03-11 23:22:51.071","Common_Team"
"INT_L_B2K_BCFDTLR_1_0_T1","FT_USAGE_CODE","B2K_BCFDTLR_1_0_T1.FT_USAGE_CODE","0","1","0","0","0","0","0","0","0","61","2023-03-11 23:22:51.071","hathaipat"
"INT_L_B2K_BCFDTLR_1_0_T1","FT_SETTLE_FLAG","B2K_BCFDTLR_1_0_T1.FT_SETTLE_FLAG","0","1","0","0","0","0","0","0","0","62","2023-03-11 23:22:51.071","hathaipat"
"INT_L_B2K_BCFDTLR_1_0_T1","FT_AUTH_NO","LEFT(FT_AUTH_NO,6)","1","1","0","0","0","0","0","0","0","63","2023-03-11 23:22:51.071","Common_Team"
"INT_L_B2K_BCFDTLR_1_0_T1","FT_PAYMENT_SERVICE_IND","LEFT(FT_PAYMENT_SERVICE_IND,1)","1","1","0","0","0","0","0","0","0","64","2023-03-11 23:22:51.071","Common_Team"
"INT_L_B2K_BCFDTLR_1_0_T1","FT_CENTRAL_PROC_DATE","LEFT(FT_CENTRAL_PROC_DATE,4)","1","1","0","0","0","0","0","0","0","65","2023-03-11 23:22:51.071","Common_Team"
"INT_L_B2K_BCFDTLR_1_0_T1","FT_MC_JULIAN_DATE","LEFT(FT_MC_JULIAN_DATE,5)","1","1","0","0","0","0","0","0","0","66","2023-03-11 23:22:51.071","Common_Team"
"INT_L_B2K_BCFDTLR_1_0_T1","FT_MC_ICA","LEFT(FT_MC_ICA,11)","1","1","0","0","0","0","0","0","0","67","2023-03-11 23:22:51.071","Common_Team"
"INT_L_B2K_BCFDTLR_1_0_T1","FT_RECD_SEQ_NUM","B2K_BCFDTLR_1_0_T1.FT_RECD_SEQ_NUM","0","1","0","0","0","0","0","0","0","68","2023-03-11 23:22:51.071","hathaipat"
"INT_L_B2K_BCFDTLR_1_0_T1","FT_RECD_SEQ_NUM_A","LEFT(FT_RECD_SEQ_NUM_A,6)","1","1","0","0","0","0","0","0","0","69","2023-03-11 23:22:51.071","Common_Team"
"INT_L_B2K_BCFDTLR_1_0_T1","FT_ATM_ID","LEFT(FT_ATM_ID,1)","1","1","0","0","0","0","0","0","0","70","2023-03-11 23:22:51.071","Common_Team"
"INT_L_B2K_BCFDTLR_1_0_T1","FT_PROGRAM_ID","LEFT(FT_PROGRAM_ID,8)","1","1","0","0","0","0","0","0","0","71","2023-03-11 23:22:51.071","Common_Team"
"INT_L_B2K_BCFDTLR_1_0_T1","FT_BIN_LENGTH","B2K_BCFDTLR_1_0_T1.FT_BIN_LENGTH","0","1","0","0","0","0","0","0","0","72","2023-03-11 23:22:51.071","hathaipat"
"INT_L_B2K_BCFDTLR_1_0_T1","FT_PROCESS_CODE","LEFT(FT_PROCESS_CODE,1)","1","1","0","0","0","0","0","0","0","73","2023-03-11 23:22:51.071","Common_Team"
"INT_L_B2K_BCFDTLR_1_0_T1","FT_CARD_CODE","LEFT(FT_CARD_CODE,1)","1","1","0","0","0","0","0","0","0","74","2023-03-11 23:22:51.071","Common_Team"
"INT_L_B2K_BCFDTLR_1_0_T1","FT_CARD_TYPE","LEFT(FT_CARD_TYPE,1)","1","1","0","0","0","0","0","0","0","75","2023-03-11 23:22:51.071","Common_Team"
"INT_L_B2K_BCFDTLR_1_0_T1","FT_ORIG_SOURCE","LEFT(FT_ORIG_SOURCE,2)","1","1","0","0","0","0","0","0","0","76","2023-03-11 23:22:51.071","Common_Team"
"INT_L_B2K_BCFDTLR_1_0_T1","FT_MC_CODES","LEFT(FT_MC_CODES,2)","1","1","0","0","0","0","0","0","0","77","2023-03-11 23:22:51.071","Common_Team"
"INT_L_B2K_BCFDTLR_1_0_T1","FT_MC_RECORD_TYPE","LEFT(FT_MC_RECORD_TYPE,1)","1","1","0","0","0","0","0","0","0","78","2023-03-11 23:22:51.071","Common_Team"
"INT_L_B2K_BCFDTLR_1_0_T1","FT_SPECIAL_COND_IND","LEFT(FT_SPECIAL_COND_IND,2)","1","1","0","0","0","0","0","0","0","79","2023-03-11 23:22:51.071","Common_Team"
"INT_L_B2K_BCFDTLR_1_0_T1","FT_SPEC_COND_1","LEFT(FT_SPEC_COND_1,1)","1","1","0","0","0","0","0","0","0","80","2023-03-11 23:22:51.071","Common_Team"
"INT_L_B2K_BCFDTLR_1_0_T1","FT_SPEC_COND_2","LEFT(FT_SPEC_COND_2,1)","1","1","0","0","0","0","0","0","0","81","2023-03-11 23:22:51.071","Common_Team"
"INT_L_B2K_BCFDTLR_1_0_T1","FT_TCR1_SVC_DEVELOPMENT","LEFT(FT_TCR1_SVC_DEVELOPMENT,1)","1","1","0","0","0","0","0","0","0","82","2023-03-11 23:22:51.071","Common_Team"
"INT_L_B2K_BCFDTLR_1_0_T1","FT_CHIP_COND_CODE","LEFT(FT_CHIP_COND_CODE,1)","1","1","0","0","0","0","0","0","0","83","2023-03-11 23:22:51.071","Common_Team"
"INT_L_B2K_BCFDTLR_1_0_T1","FT_CARD_ACCEPTOR_ID","LEFT(FT_CARD_ACCEPTOR_ID,15)","1","1","0","0","0","0","0","0","0","84","2023-03-11 23:22:51.071","Common_Team"
"INT_L_B2K_BCFDTLR_1_0_T1","FT_TERMINAL_ID","LEFT(FT_TERMINAL_ID,8)","1","1","0","0","0","0","0","0","0","85","2023-03-11 23:22:51.071","Common_Team"
"INT_L_B2K_BCFDTLR_1_0_T1","FT_NON_SETL_REIM_FEE","LEFT(FT_NON_SETL_REIM_FEE,12)","1","1","0","0","0","0","0","0","0","86","2023-03-11 23:22:51.071","Common_Team"
"INT_L_B2K_BCFDTLR_1_0_T1","FT_TCR_NUM","B2K_BCFDTLR_1_0_T1.FT_TCR_NUM","0","1","0","0","0","0","0","0","0","87","2023-03-11 23:22:51.071","hathaipat"
"INT_L_B2K_BCFDTLR_1_0_T1","FT_MAIL_PHONE_IND","LEFT(FT_MAIL_PHONE_IND,1)","1","1","0","0","0","0","0","0","0","88","2023-03-11 23:22:51.071","Common_Team"
"INT_L_B2K_BCFDTLR_1_0_T1","FT_SPECIAL_CGBK_IND","LEFT(FT_SPECIAL_CGBK_IND,1)","1","1","0","0","0","0","0","0","0","89","2023-03-11 23:22:51.071","Common_Team"
"INT_L_B2K_BCFDTLR_1_0_T1","FT_ADJ_DESC_CODE","LEFT(FT_ADJ_DESC_CODE,2)","1","1","0","0","0","0","0","0","0","90","2023-03-11 23:22:51.071","Common_Team"
"INT_L_B2K_BCFDTLR_1_0_T1","FT_LEVEL","LEFT(FT_LEVEL,1)","1","1","0","0","0","0","0","0","0","91","2023-03-11 23:22:51.071","Common_Team"
"INT_L_B2K_BCFDTLR_1_0_T1","FT_ORIG_PGM_ID_SRC","LEFT(FT_ORIG_PGM_ID_SRC,1)","1","1","0","0","0","0","0","0","0","92","2023-03-11 23:22:51.071","Common_Team"
"INT_L_B2K_BCFDTLR_1_0_T1","FT_ERROR_HANDLING","LEFT(FT_ERROR_HANDLING,9)","1","1","0","0","0","0","0","0","0","93","2023-03-11 23:22:51.071","Common_Team"
"INT_L_B2K_BCFDTLR_1_0_T1","FT_TCR1_TRAN_COMP_SEQ_A","LEFT(FT_TCR1_TRAN_COMP_SEQ_A,1)","1","1","0","0","0","0","0","0","0","94","2023-03-11 23:22:51.071","Common_Team"
"INT_L_B2K_BCFDTLR_1_0_T1","FT_TCR1_TRAN_COMP_SEQ","LEFT(FT_TCR1_TRAN_COMP_SEQ,1)","1","1","0","0","0","0","0","0","0","95","2023-03-11 23:22:51.071","Common_Team"
"INT_L_B2K_BCFDTLR_1_0_T1","FT_TCR3_TRAN_COMP_SEQ_A","LEFT(FT_TCR3_TRAN_COMP_SEQ_A,1)","1","1","0","0","0","0","0","0","0","96","2023-03-11 23:22:51.071","Common_Team"
"INT_L_B2K_BCFDTLR_1_0_T1","FT_TCR3_TRAN_COMP_SEQ","LEFT(FT_TCR3_TRAN_COMP_SEQ,1)","1","1","0","0","0","0","0","0","0","97","2023-03-11 23:22:51.071","Common_Team"
"INT_L_B2K_BCFDTLR_1_0_T1","FT_TCR4_TRAN_COMP_SEQ_A","LEFT(FT_TCR4_TRAN_COMP_SEQ_A,1)","1","1","0","0","0","0","0","0","0","98","2023-03-11 23:22:51.071","Common_Team"
"INT_L_B2K_BCFDTLR_1_0_T1","FT_TCR4_TRAN_COMP_SEQ","LEFT(FT_TCR4_TRAN_COMP_SEQ,1)","1","1","0","0","0","0","0","0","0","99","2023-03-11 23:22:51.071","Common_Team"
"INT_L_B2K_BCFDTLR_1_0_T1","FT_ACQUIRER_MEMBER_ID_A","LEFT(FT_ACQUIRER_MEMBER_ID_A,8)","1","1","0","0","0","0","0","0","0","100","2023-03-11 23:22:51.071","Common_Team"
"INT_L_B2K_BCFDTLR_1_0_T1","FT_ACQUIRER_MEMBER_ID","LEFT(FT_ACQUIRER_MEMBER_ID,8)","1","1","0","0","0","0","0","0","0","101","2023-03-11 23:22:51.071","Common_Team"
"INT_L_B2K_BCFDTLR_1_0_T1","FT_ATM_ACCT_SELECTION","LEFT(FT_ATM_ACCT_SELECTION,1)","1","1","0","0","0","0","0","0","0","102","2023-03-11 23:22:51.071","Common_Team"
"INT_L_B2K_BCFDTLR_1_0_T1","FT_ORIG_CENTRL_PROC_DT","LEFT(FT_ORIG_CENTRL_PROC_DT,4)","1","1","0","0","0","0","0","0","0","103","2023-03-11 23:22:51.071","Common_Team"
"INT_L_B2K_BCFDTLR_1_0_T1","FT_NEW_TCR4_DATA","LEFT(FT_NEW_TCR4_DATA,4)","1","1","0","0","0","0","0","0","0","104","2023-03-11 23:22:51.071","Common_Team"
"INT_L_B2K_BCFDTLR_1_0_T1","FT_DEBIT_PRODUCT_CODE","LEFT(FT_DEBIT_PRODUCT_CODE,4)","1","1","0","0","0","0","0","0","0","105","2023-03-11 23:22:51.071","Common_Team"
"INT_L_B2K_BCFDTLR_1_0_T1","FT_BUSINESS_FORMAT","LEFT(FT_BUSINESS_FORMAT,2)","1","1","0","0","0","0","0","0","0","106","2023-03-11 23:22:51.071","Common_Team"
"INT_L_B2K_BCFDTLR_1_0_T1","FT_PSNGR_NAME","LEFT(FT_PSNGR_NAME,29)","1","1","0","0","0","0","0","0","0","107","2023-03-11 23:22:51.071","Common_Team"
"INT_L_B2K_BCFDTLR_1_0_T1","FT_DEPART_DATE","LEFT(FT_DEPART_DATE,6)","1","1","0","0","0","0","0","0","0","108","2023-03-11 23:22:51.071","Common_Team"
"INT_L_B2K_BCFDTLR_1_0_T1","FT_DEPART_MM","B2K_BCFDTLR_1_0_T1.FT_DEPART_MM","0","1","0","0","0","0","0","0","0","109","2023-03-11 23:22:51.071","hathaipat"
"INT_L_B2K_BCFDTLR_1_0_T1","FT_DEPART_DD","B2K_BCFDTLR_1_0_T1.FT_DEPART_DD","0","1","0","0","0","0","0","0","0","110","2023-03-11 23:22:51.071","hathaipat"
"INT_L_B2K_BCFDTLR_1_0_T1","FT_DEPART_YY","B2K_BCFDTLR_1_0_T1.FT_DEPART_YY","0","1","0","0","0","0","0","0","0","111","2023-03-11 23:22:51.071","hathaipat"
"INT_L_B2K_BCFDTLR_1_0_T1","FT_ORIG_CITY_AIRPORT","LEFT(FT_ORIG_CITY_AIRPORT,5)","1","1","0","0","0","0","0","0","0","112","2023-03-11 23:22:51.071","Common_Team"
"INT_L_B2K_BCFDTLR_1_0_T1","FT_CARRIER_1","LEFT(FT_CARRIER_1,2)","1","1","0","0","0","0","0","0","0","113","2023-03-11 23:22:51.071","Common_Team"
"INT_L_B2K_BCFDTLR_1_0_T1","FT_SERVICE_CLASS_1","LEFT(FT_SERVICE_CLASS_1,2)","1","1","0","0","0","0","0","0","0","114","2023-03-11 23:22:51.071","Common_Team"
"INT_L_B2K_BCFDTLR_1_0_T1","FT_STOPOVER_CODE_1","LEFT(FT_STOPOVER_CODE_1,1)","1","1","0","0","0","0","0","0","0","115","2023-03-11 23:22:51.071","Common_Team"
"INT_L_B2K_BCFDTLR_1_0_T1","FT_DEST_CITY_AIRPORT_1","LEFT(FT_DEST_CITY_AIRPORT_1,5)","1","1","0","0","0","0","0","0","0","116","2023-03-11 23:22:51.071","Common_Team"
"INT_L_B2K_BCFDTLR_1_0_T1","FT_CARRIER_2","LEFT(FT_CARRIER_2,2)","1","1","0","0","0","0","0","0","0","117","2023-03-11 23:22:51.071","Common_Team"
"INT_L_B2K_BCFDTLR_1_0_T1","FT_SERVICE_CLASS_2","LEFT(FT_SERVICE_CLASS_2,2)","1","1","0","0","0","0","0","0","0","118","2023-03-11 23:22:51.071","Common_Team"
"INT_L_B2K_BCFDTLR_1_0_T1","FT_STOPOVER_CODE_2","LEFT(FT_STOPOVER_CODE_2,1)","1","1","0","0","0","0","0","0","0","119","2023-03-11 23:22:51.071","Common_Team"
"INT_L_B2K_BCFDTLR_1_0_T1","FT_DEST_CITY_AIRPORT_2","LEFT(FT_DEST_CITY_AIRPORT_2,5)","1","1","0","0","0","0","0","0","0","120","2023-03-11 23:22:51.071","Common_Team"
"INT_L_B2K_BCFDTLR_1_0_T1","FT_CARRIER_3","LEFT(FT_CARRIER_3,2)","1","1","0","0","0","0","0","0","0","121","2023-03-11 23:22:51.071","Common_Team"
"INT_L_B2K_BCFDTLR_1_0_T1","FT_SERVICE_CLASS_3","LEFT(FT_SERVICE_CLASS_3,2)","1","1","0","0","0","0","0","0","0","122","2023-03-11 23:22:51.071","Common_Team"
"INT_L_B2K_BCFDTLR_1_0_T1","FT_STOPOVER_CODE_3","LEFT(FT_STOPOVER_CODE_3,1)","1","1","0","0","0","0","0","0","0","123","2023-03-11 23:22:51.071","Common_Team"
"INT_L_B2K_BCFDTLR_1_0_T1","FT_DEST_CITY_AIRPORT_3","LEFT(FT_DEST_CITY_AIRPORT_3,5)","1","1","0","0","0","0","0","0","0","124","2023-03-11 23:22:51.071","Common_Team"
"INT_L_B2K_BCFDTLR_1_0_T1","FT_CARRIER_4","LEFT(FT_CARRIER_4,2)","1","1","0","0","0","0","0","0","0","125","2023-03-11 23:22:51.071","Common_Team"
"INT_L_B2K_BCFDTLR_1_0_T1","FT_SERVICE_CLASS_4","LEFT(FT_SERVICE_CLASS_4,2)","1","1","0","0","0","0","0","0","0","126","2023-03-11 23:22:51.071","Common_Team"
"INT_L_B2K_BCFDTLR_1_0_T1","FT_STOPOVER_CODE_4","LEFT(FT_STOPOVER_CODE_4,1)","1","1","0","0","0","0","0","0","0","127","2023-03-11 23:22:51.071","Common_Team"
"INT_L_B2K_BCFDTLR_1_0_T1","FT_DEST_CITY_AIRPORT_4","LEFT(FT_DEST_CITY_AIRPORT_4,5)","1","1","0","0","0","0","0","0","0","128","2023-03-11 23:22:51.071","Common_Team"
"INT_L_B2K_BCFDTLR_1_0_T1","FT_TRVL_AGNCY_CODE","LEFT(FT_TRVL_AGNCY_CODE,8)","1","1","0","0","0","0","0","0","0","129","2023-03-11 23:22:51.071","Common_Team"
"INT_L_B2K_BCFDTLR_1_0_T1","FT_TRVL_AGNCY_NAME","LEFT(FT_TRVL_AGNCY_NAME,25)","1","1","0","0","0","0","0","0","0","130","2023-03-11 23:22:51.071","Common_Team"
"INT_L_B2K_BCFDTLR_1_0_T1","FT_RESTRICT_TICKET_IND","LEFT(FT_RESTRICT_TICKET_IND,1)","1","1","0","0","0","0","0","0","0","131","2023-03-11 23:22:51.071","Common_Team"
"INT_L_B2K_BCFDTLR_1_0_T1","FT_ISSUING_CARRIER","LEFT(FT_ISSUING_CARRIER,4)","1","1","0","0","0","0","0","0","0","132","2023-03-11 23:22:51.071","Common_Team"
"INT_L_B2K_BCFDTLR_1_0_T1","FT_AIRLINE_TICKET_INFO","LEFT(FT_AIRLINE_TICKET_INFO,15)","1","1","0","0","0","0","0","0","0","133","2023-03-11 23:22:51.071","Common_Team"
"INT_L_B2K_BCFDTLR_1_0_T1","FT_AIRLINE_TICKET_NUM2","LEFT(FT_AIRLINE_TICKET_NUM2,14)","1","1","0","0","0","0","0","0","0","134","2023-03-11 23:22:51.071","Common_Team"
"INT_L_B2K_BCFDTLR_1_0_T1","FT_AIRLINE_TICKET_CKDIGIT","LEFT(FT_AIRLINE_TICKET_CKDIGIT,1)","1","1","0","0","0","0","0","0","0","135","2023-03-11 23:22:51.071","Common_Team"
"INT_L_B2K_BCFDTLR_1_0_T1","FT_ITEM_DESCRIPTOR_1ST_POS","LEFT(FT_ITEM_DESCRIPTOR_1ST_POS,1)","1","1","0","0","0","0","0","0","0","136","2023-03-11 23:22:51.071","Common_Team"
"INT_L_B2K_BCFDTLR_1_0_T1","FT_VPLUS_ADJUSTMENT_INDIC","LEFT(FT_VPLUS_ADJUSTMENT_INDIC,1)","1","1","0","0","0","0","0","0","0","137","2023-03-11 23:22:51.071","Common_Team"
"INT_L_B2K_BCFDTLR_1_0_T1","FT_VPLUS_MIS_CAS_CODE","LEFT(FT_VPLUS_MIS_CAS_CODE,4)","1","1","0","0","0","0","0","0","0","138","2023-03-11 23:22:51.071","Common_Team"
"INT_L_B2K_BCFDTLR_1_0_T1","FT_VPLUS_SURCHG_AMT","LEFT(FT_VPLUS_SURCHG_AMT,8)","1","1","0","0","0","0","0","0","0","139","2023-03-11 23:22:51.071","Common_Team"
"INT_L_B2K_BCFDTLR_1_0_T1","FT_VPLUS_SURCHG_DB_CR_INDIC","LEFT(FT_VPLUS_SURCHG_DB_CR_INDIC,2)","1","1","0","0","0","0","0","0","0","140","2023-03-11 23:22:51.071","Common_Team"
"INT_L_B2K_BCFDTLR_1_0_T1","FT_ONLINE_MON_IND","LEFT(FT_ONLINE_MON_IND,2)","1","1","0","0","0","0","0","0","0","141","2023-03-11 23:22:51.071","Common_Team"
"INT_L_B2K_BCFDTLR_1_0_T1","FT_ORIG_POST_DT","LEFT(FT_ORIG_POST_DT,9)","1","1","0","0","0","0","0","0","0","142","2023-03-11 23:22:51.071","Common_Team"
"INT_L_B2K_BCFDTLR_1_0_T1","FT_ORIG_TRAN_DT","LEFT(FT_ORIG_TRAN_DT,9)","1","1","0","0","0","0","0","0","0","143","2023-03-11 23:22:51.071","Common_Team"
"INT_L_B2K_BCFDTLR_1_0_T1","FT_ORIG_AGGR_EFF_DT","LEFT(FT_ORIG_AGGR_EFF_DT,9)","1","1","0","0","0","0","0","0","0","144","2023-03-11 23:22:51.071","Common_Team"
"INT_L_B2K_BCFDTLR_1_0_T1","FT_ORIG_ACCRUAL_IND","LEFT(FT_ORIG_ACCRUAL_IND,1)","1","1","0","0","0","0","0","0","0","145","2023-03-11 23:22:51.071","Common_Team"
"INT_L_B2K_BCFDTLR_1_0_T1","FT_ORIG_TRAN_INIT_ACCR","LEFT(FT_ORIG_TRAN_INIT_ACCR,1)","1","1","0","0","0","0","0","0","0","146","2023-03-11 23:22:51.071","Common_Team"
"INT_L_B2K_BCFDTLR_1_0_T1","FT_ORIG_TRAN_CODE","LEFT(FT_ORIG_TRAN_CODE,2)","1","1","0","0","0","0","0","0","0","147","2023-03-11 23:22:51.071","Common_Team"
"INT_L_B2K_BCFDTLR_1_0_T1","FT_ORIG_REASON_CODE","LEFT(FT_ORIG_REASON_CODE,2)","1","1","0","0","0","0","0","0","0","148","2023-03-11 23:22:51.071","Common_Team"
"INT_L_B2K_BCFDTLR_1_0_T1","FT_ORIG_REF_NUMBER","LEFT(FT_ORIG_REF_NUMBER,23)","1","1","0","0","0","0","0","0","0","149","2023-03-11 23:22:51.071","Common_Team"
"INT_L_B2K_BCFDTLR_1_0_T1","FT_CASH_BACK_AMT","LEFT(FT_CASH_BACK_AMT,9)","1","1","0","0","0","0","0","0","0","150","2023-03-11 23:22:51.071","Common_Team"
"INT_L_B2K_BCFDTLR_1_0_T1","FT_TMP_POS_ENTRY_MODE","LEFT(FT_TMP_POS_ENTRY_MODE,2)","1","1","0","0","0","0","0","0","0","151","2023-03-11 23:22:51.071","Common_Team"
"INT_L_B2K_BCFDTLR_1_0_T1","FT_TCR5_TRAN_COMP_SEQ_A","LEFT(FT_TCR5_TRAN_COMP_SEQ_A,1)","1","1","0","0","0","0","0","0","0","152","2023-03-11 23:22:51.071","Common_Team"
"INT_L_B2K_BCFDTLR_1_0_T1","FT_TCR5_TRAN_COMP_SEQ","LEFT(FT_TCR5_TRAN_COMP_SEQ,1)","1","1","0","0","0","0","0","0","0","153","2023-03-11 23:22:51.071","Common_Team"
"INT_L_B2K_BCFDTLR_1_0_T1","FT_TCR5_TRANS_ID","LEFT(FT_TCR5_TRANS_ID,15)","1","1","0","0","0","0","0","0","0","154","2023-03-11 23:22:51.071","Common_Team"
"INT_L_B2K_BCFDTLR_1_0_T1","FT_TCR5_AUTH_AMOUNT","LEFT(FT_TCR5_AUTH_AMOUNT,12)","1","1","0","0","0","0","0","0","0","155","2023-03-11 23:22:51.071","Common_Team"
"INT_L_B2K_BCFDTLR_1_0_T1","FT_TCR5_AUTH_AMOUNT_A","LEFT(FT_TCR5_AUTH_AMOUNT_A,12)","1","1","0","0","0","0","0","0","0","156","2023-03-11 23:22:51.071","Common_Team"
"INT_L_B2K_BCFDTLR_1_0_T1","FT_TCR5_AUTH_CURRENCY_CODE","LEFT(FT_TCR5_AUTH_CURRENCY_CODE,3)","1","1","0","0","0","0","0","0","0","157","2023-03-11 23:22:51.071","Common_Team"
"INT_L_B2K_BCFDTLR_1_0_T1","FT_TCR5_AUTH_RESP_CODE","LEFT(FT_TCR5_AUTH_RESP_CODE,2)","1","1","0","0","0","0","0","0","0","158","2023-03-11 23:22:51.071","Common_Team"
"INT_L_B2K_BCFDTLR_1_0_T1","FT_TCR5_VALIDATE_CODE","LEFT(FT_TCR5_VALIDATE_CODE,4)","1","1","0","0","0","0","0","0","0","159","2023-03-11 23:22:51.071","Common_Team"
"INT_L_B2K_BCFDTLR_1_0_T1","FT_TCR5_EXC_TRAN_ID_REASON","LEFT(FT_TCR5_EXC_TRAN_ID_REASON,1)","1","1","0","0","0","0","0","0","0","160","2023-03-11 23:22:51.071","Common_Team"
"INT_L_B2K_BCFDTLR_1_0_T1","FT_TCR5_CRS_PROCESS_CODE","LEFT(FT_TCR5_CRS_PROCESS_CODE,1)","1","1","0","0","0","0","0","0","0","161","2023-03-11 23:22:51.071","Common_Team"
"INT_L_B2K_BCFDTLR_1_0_T1","FT_TCR5_CHGBK_CONDITION_CODE","LEFT(FT_TCR5_CHGBK_CONDITION_CODE,2)","1","1","0","0","0","0","0","0","0","162","2023-03-11 23:22:51.071","Common_Team"
"INT_L_B2K_BCFDTLR_1_0_T1","FT_TCR5_MULT_CLEARING_SEQ","LEFT(FT_TCR5_MULT_CLEARING_SEQ,2)","1","1","0","0","0","0","0","0","0","163","2023-03-11 23:22:51.071","Common_Team"
"INT_L_B2K_BCFDTLR_1_0_T1","FT_TCR5_MULT_CLEARING_CNT","LEFT(FT_TCR5_MULT_CLEARING_CNT,2)","1","1","0","0","0","0","0","0","0","164","2023-03-11 23:22:51.071","Common_Team"
"INT_L_B2K_BCFDTLR_1_0_T1","FT_TCR5_MKT_AUTH_DATA_INDIC","LEFT(FT_TCR5_MKT_AUTH_DATA_INDIC,1)","1","1","0","0","0","0","0","0","0","165","2023-03-11 23:22:51.071","Common_Team"
"INT_L_B2K_BCFDTLR_1_0_T1","FT_TCR5_TOTAL_AUTH_AMOUNT","LEFT(FT_TCR5_TOTAL_AUTH_AMOUNT,12)","1","1","0","0","0","0","0","0","0","166","2023-03-11 23:22:51.071","Common_Team"
"INT_L_B2K_BCFDTLR_1_0_T1","FT_TCR5_TOTAL_AUTH_AMOUNT_A","LEFT(FT_TCR5_TOTAL_AUTH_AMOUNT_A,12)","1","1","0","0","0","0","0","0","0","167","2023-03-11 23:22:51.071","Common_Team"
"INT_L_B2K_BCFDTLR_1_0_T1","FT_TCR5_INFO_IND","LEFT(FT_TCR5_INFO_IND,1)","1","1","0","0","0","0","0","0","0","168","2023-03-11 23:22:51.071","Common_Team"
"INT_L_B2K_BCFDTLR_1_0_T1","FT_TCR5_MERCH_PHONE","LEFT(FT_TCR5_MERCH_PHONE,14)","1","1","0","0","0","0","0","0","0","169","2023-03-11 23:22:51.071","Common_Team"
"INT_L_B2K_BCFDTLR_1_0_T1","FT_TCR5_ADDITIONAL_IND","LEFT(FT_TCR5_ADDITIONAL_IND,1)","1","1","0","0","0","0","0","0","0","170","2023-03-11 23:22:51.071","Common_Team"
"INT_L_B2K_BCFDTLR_1_0_T1","FT_TCR5_MERCH_VOLUME_IND","LEFT(FT_TCR5_MERCH_VOLUME_IND,2)","1","1","0","0","0","0","0","0","0","171","2023-03-11 23:22:51.071","Common_Team"
"INT_L_B2K_BCFDTLR_1_0_T1","FT_VI_TCR5_MERCH_VER_VALUE","LEFT(FT_VI_TCR5_MERCH_VER_VALUE,10)","1","1","0","0","0","0","0","0","0","172","2023-03-11 23:22:51.071","Common_Team"
"INT_L_B2K_BCFDTLR_1_0_T1","FT_TCR5_INTCHG_FEE_AMOUNT","LEFT(FT_TCR5_INTCHG_FEE_AMOUNT,15)","1","1","0","0","0","0","0","0","0","173","2023-03-11 23:22:51.071","Common_Team"
"INT_L_B2K_BCFDTLR_1_0_T1","FT_TCR5_INTCHG_FEE_SIGN","LEFT(FT_TCR5_INTCHG_FEE_SIGN,1)","1","1","0","0","0","0","0","0","0","174","2023-03-11 23:22:51.071","Common_Team"
"INT_L_B2K_BCFDTLR_1_0_T1","FT_TCR5_CURR_RATE_SRCE_BASE","LEFT(FT_TCR5_CURR_RATE_SRCE_BASE,8)","1","1","0","0","0","0","0","0","0","175","2023-03-11 23:22:51.071","Common_Team"
"INT_L_B2K_BCFDTLR_1_0_T1","FT_TCR5_CURR_RATE_BASE_DEST","LEFT(FT_TCR5_CURR_RATE_BASE_DEST,8)","1","1","0","0","0","0","0","0","0","176","2023-03-11 23:22:51.071","Common_Team"
"INT_L_B2K_BCFDTLR_1_0_T1","FT_OPTIONAL_ISSUER_FEE","LEFT(FT_OPTIONAL_ISSUER_FEE,12)","1","1","0","0","0","0","0","0","0","177","2023-03-11 23:22:51.071","Common_Team"
"INT_L_B2K_BCFDTLR_1_0_T1","FT_TCR5_PRODUCT_IDENTIFIER","LEFT(FT_TCR5_PRODUCT_IDENTIFIER,2)","1","1","0","0","0","0","0","0","0","178","2023-03-11 23:22:51.071","Common_Team"
"INT_L_B2K_BCFDTLR_1_0_T1","FT_TCR5_PROGRAM_IDENTIFIER","LEFT(FT_TCR5_PROGRAM_IDENTIFIER,6)","1","1","0","0","0","0","0","0","0","179","2023-03-11 23:22:51.071","Common_Team"
"INT_L_B2K_BCFDTLR_1_0_T1","FT_TCR5_CVV2_RESULT_CODE","LEFT(FT_TCR5_CVV2_RESULT_CODE,1)","1","1","0","0","0","0","0","0","0","180","2023-03-11 23:22:51.071","Common_Team"
"INT_L_B2K_BCFDTLR_1_0_T1","FT_EURO_TRAN_COMP_SEQ","B2K_BCFDTLR_1_0_T1.FT_EURO_TRAN_COMP_SEQ","0","1","0","0","0","0","0","0","0","181","2023-03-11 23:22:51.071","hathaipat"
"INT_L_B2K_BCFDTLR_1_0_T1","FT_EURO_TRANS_TIME","B2K_BCFDTLR_1_0_T1.FT_EURO_TRANS_TIME","0","1","0","0","0","0","0","0","0","182","2023-03-11 23:22:51.071","hathaipat"
"INT_L_B2K_BCFDTLR_1_0_T1","FT_EURO_TRANS_HH","B2K_BCFDTLR_1_0_T1.FT_EURO_TRANS_HH","0","1","0","0","0","0","0","0","0","183","2023-03-11 23:22:51.071","hathaipat"
"INT_L_B2K_BCFDTLR_1_0_T1","FT_EURO_TRANS_MM","B2K_BCFDTLR_1_0_T1.FT_EURO_TRANS_MM","0","1","0","0","0","0","0","0","0","184","2023-03-11 23:22:51.071","hathaipat"
"INT_L_B2K_BCFDTLR_1_0_T1","FT_EURO_TRANS_SS","B2K_BCFDTLR_1_0_T1.FT_EURO_TRANS_SS","0","1","0","0","0","0","0","0","0","185","2023-03-11 23:22:51.071","hathaipat"
"INT_L_B2K_BCFDTLR_1_0_T1","FT_TRANS_TIME","B2K_BCFDTLR_1_0_T1.FT_TRANS_TIME","0","1","0","0","0","0","0","0","0","186","2023-03-11 23:22:51.071","hathaipat"
"INT_L_B2K_BCFDTLR_1_0_T1","FT_TRANS_HH","B2K_BCFDTLR_1_0_T1.FT_TRANS_HH","0","1","0","0","0","0","0","0","0","187","2023-03-11 23:22:51.071","hathaipat"
"INT_L_B2K_BCFDTLR_1_0_T1","FT_TRANS_MM","B2K_BCFDTLR_1_0_T1.FT_TRANS_MM","0","1","0","0","0","0","0","0","0","188","2023-03-11 23:22:51.071","hathaipat"
"INT_L_B2K_BCFDTLR_1_0_T1","FT_TRANS_SS","B2K_BCFDTLR_1_0_T1.FT_TRANS_SS","0","1","0","0","0","0","0","0","0","189","2023-03-11 23:22:51.071","hathaipat"
"INT_L_B2K_BCFDTLR_1_0_T1","FT_EURO_EXPIRE_DATE_YYMM","LEFT(FT_EURO_EXPIRE_DATE_YYMM,4)","1","1","0","0","0","0","0","0","0","190","2023-03-11 23:22:51.071","Common_Team"
"INT_L_B2K_BCFDTLR_1_0_T1","FT_POINT_OF_SERVICE_DATA","LEFT(FT_POINT_OF_SERVICE_DATA,12)","1","1","0","0","0","0","0","0","0","191","2023-03-11 23:22:51.071","Common_Team"
"INT_L_B2K_BCFDTLR_1_0_T1","FT_CARD_DATA_INPUT_CAPABILITY","LEFT(FT_CARD_DATA_INPUT_CAPABILITY,1)","1","1","0","0","0","0","0","0","0","192","2023-03-11 23:22:51.071","Common_Team"
"INT_L_B2K_BCFDTLR_1_0_T1","FT_CARDHOLDER_AUTH_CAP_A","LEFT(FT_CARDHOLDER_AUTH_CAP_A,1)","1","1","0","0","0","0","0","0","0","193","2023-03-11 23:22:51.071","Common_Team"
"INT_L_B2K_BCFDTLR_1_0_T1","FT_CARDHOLDER_AUTH_CAPABILITY","B2K_BCFDTLR_1_0_T1.FT_CARDHOLDER_AUTH_CAPABILITY","0","1","0","0","0","0","0","0","0","194","2023-03-11 23:22:51.071","hathaipat"
"INT_L_B2K_BCFDTLR_1_0_T1","FT_CARD_CAPTURE_CAPABILITY_A","LEFT(FT_CARD_CAPTURE_CAPABILITY_A,1)","1","1","0","0","0","0","0","0","0","195","2023-03-11 23:22:51.071","Common_Team"
"INT_L_B2K_BCFDTLR_1_0_T1","FT_CARD_CAPTURE_CAPABILITY","B2K_BCFDTLR_1_0_T1.FT_CARD_CAPTURE_CAPABILITY","0","1","0","0","0","0","0","0","0","196","2023-03-11 23:22:51.071","hathaipat"
"INT_L_B2K_BCFDTLR_1_0_T1","FT_TERM_OPERATING_ENVIRON_A","LEFT(FT_TERM_OPERATING_ENVIRON_A,1)","1","1","0","0","0","0","0","0","0","197","2023-03-11 23:22:51.071","Common_Team"
"INT_L_B2K_BCFDTLR_1_0_T1","FT_TERM_OPERATING_ENVIRON","B2K_BCFDTLR_1_0_T1.FT_TERM_OPERATING_ENVIRON","0","1","0","0","0","0","0","0","0","198","2023-03-11 23:22:51.071","hathaipat"
"INT_L_B2K_BCFDTLR_1_0_T1","FT_CARDHOLDER_PRESENT_DATA","LEFT(FT_CARDHOLDER_PRESENT_DATA,1)","1","1","0","0","0","0","0","0","0","199","2023-03-11 23:22:51.071","Common_Team"
"INT_L_B2K_BCFDTLR_1_0_T1","FT_CARD_PRESENT_DATA_A","LEFT(FT_CARD_PRESENT_DATA_A,1)","1","1","0","0","0","0","0","0","0","200","2023-03-11 23:22:51.071","Common_Team"
"INT_L_B2K_BCFDTLR_1_0_T1","FT_CARD_PRESENT_DATA","B2K_BCFDTLR_1_0_T1.FT_CARD_PRESENT_DATA","0","1","0","0","0","0","0","0","0","201","2023-03-11 23:22:51.071","hathaipat"
"INT_L_B2K_BCFDTLR_1_0_T1","FT_CARD_DATA_INPUT_MODE","LEFT(FT_CARD_DATA_INPUT_MODE,1)","1","1","0","0","0","0","0","0","0","202","2023-03-11 23:22:51.071","Common_Team"
"INT_L_B2K_BCFDTLR_1_0_T1","FT_CARDHOLDER_AUTH_METHOD","LEFT(FT_CARDHOLDER_AUTH_METHOD,1)","1","1","0","0","0","0","0","0","0","203","2023-03-11 23:22:51.071","Common_Team"
"INT_L_B2K_BCFDTLR_1_0_T1","FT_CARDHOLDER_AUTH_ENTITY","B2K_BCFDTLR_1_0_T1.FT_CARDHOLDER_AUTH_ENTITY","0","1","0","0","0","0","0","0","0","204","2023-03-11 23:22:51.071","hathaipat"
"INT_L_B2K_BCFDTLR_1_0_T1","FT_TMP_AUTH_SOURCE","LEFT(FT_TMP_AUTH_SOURCE,1)","1","1","0","0","0","0","0","0","0","205","2023-03-11 23:22:51.071","Common_Team"
"INT_L_B2K_BCFDTLR_1_0_T1","FT_CARD_DATA_OUTPUT_CAPABILITY","LEFT(FT_CARD_DATA_OUTPUT_CAPABILITY,1)","1","1","0","0","0","0","0","0","0","206","2023-03-11 23:22:51.071","Common_Team"
"INT_L_B2K_BCFDTLR_1_0_T1","FT_TERM_DATA_OUTPUT_CAP_A","LEFT(FT_TERM_DATA_OUTPUT_CAP_A,1)","1","1","0","0","0","0","0","0","0","207","2023-03-11 23:22:51.071","Common_Team"
"INT_L_B2K_BCFDTLR_1_0_T1","FT_TERM_DATA_OUTPUT_CAPABILITY","B2K_BCFDTLR_1_0_T1.FT_TERM_DATA_OUTPUT_CAPABILITY","0","1","0","0","0","0","0","0","0","208","2023-03-11 23:22:51.071","hathaipat"
"INT_L_B2K_BCFDTLR_1_0_T1","FT_PIN_CAPTURE_CAPABILITY","LEFT(FT_PIN_CAPTURE_CAPABILITY,1)","1","1","0","0","0","0","0","0","0","209","2023-03-11 23:22:51.071","Common_Team"
"INT_L_B2K_BCFDTLR_1_0_T1","FT_EURO_RETRIEVAL_REFERENCE","LEFT(FT_EURO_RETRIEVAL_REFERENCE,12)","1","1","0","0","0","0","0","0","0","210","2023-03-11 23:22:51.071","Common_Team"
"INT_L_B2K_BCFDTLR_1_0_T1","FT_EURO_MAGNETIC_TRACK","B2K_BCFDTLR_1_0_T1.FT_EURO_MAGNETIC_TRACK","0","1","0","0","0","0","0","0","0","211","2023-03-11 23:22:51.071","hathaipat"
"INT_L_B2K_BCFDTLR_1_0_T1","FT_EURO_ACCEPTOR_TERMINAL_ID","LEFT(FT_EURO_ACCEPTOR_TERMINAL_ID,8)","1","1","0","0","0","0","0","0","0","212","2023-03-11 23:22:51.071","Common_Team"
"INT_L_B2K_BCFDTLR_1_0_T1","FT_MC_ACQUIRING_INST_ID","LEFT(FT_MC_ACQUIRING_INST_ID,11)","1","1","0","0","0","0","0","0","0","213","2023-03-11 23:22:51.071","Common_Team"
"INT_L_B2K_BCFDTLR_1_0_T1","FT_MC_FORWARDING_INST_ID","LEFT(FT_MC_FORWARDING_INST_ID,11)","1","1","0","0","0","0","0","0","0","214","2023-03-11 23:22:51.071","Common_Team"
"INT_L_B2K_BCFDTLR_1_0_T1","FT_EURO_PROCESSING_CLASS","LEFT(FT_EURO_PROCESSING_CLASS,1)","1","1","0","0","0","0","0","0","0","215","2023-03-11 23:22:51.071","Common_Team"
"INT_L_B2K_BCFDTLR_1_0_T1","FT_EURO_SYS_TRACE_AUDIT","LEFT(FT_EURO_SYS_TRACE_AUDIT,6)","1","1","0","0","0","0","0","0","0","216","2023-03-11 23:22:51.071","Common_Team"
"INT_L_B2K_BCFDTLR_1_0_T1","FT_TERMINAL_CATEGORY","LEFT(FT_TERMINAL_CATEGORY,1)","1","1","0","0","0","0","0","0","0","217","2023-03-11 23:22:51.071","Common_Team"
"INT_L_B2K_BCFDTLR_1_0_T1","FT_REQUESTED_PMT_SVC","LEFT(FT_REQUESTED_PMT_SVC,1)","1","1","0","0","0","0","0","0","0","218","2023-03-11 23:22:51.071","Common_Team"
"INT_L_B2K_BCFDTLR_1_0_T1","FT_INTERNATIONAL_FEE_INDIC","LEFT(FT_INTERNATIONAL_FEE_INDIC,1)","1","1","0","0","0","0","0","0","0","219","2023-03-11 23:22:51.071","Common_Team"
"INT_L_B2K_BCFDTLR_1_0_T1","FT_AVS_RESPONSE_CODE","LEFT(FT_AVS_RESPONSE_CODE,1)","1","1","0","0","0","0","0","0","0","220","2023-03-11 23:22:51.071","Common_Team"
"INT_L_B2K_BCFDTLR_1_0_T1","FT_PURCH_ID_FORMAT","LEFT(FT_PURCH_ID_FORMAT,1)","1","1","0","0","0","0","0","0","0","221","2023-03-11 23:22:51.071","Common_Team"
"INT_L_B2K_BCFDTLR_1_0_T1","FT_TCR6_SALES_TAX_NO_DEC","LEFT(FT_TCR6_SALES_TAX_NO_DEC,12)","1","1","0","0","0","0","0","0","0","222","2023-03-11 23:22:51.071","Common_Team"
"INT_L_B2K_BCFDTLR_1_0_T1","FT_TCR6_SALES_TAX_INDIC","LEFT(FT_TCR6_SALES_TAX_INDIC,1)","1","1","0","0","0","0","0","0","0","223","2023-03-11 23:22:51.071","Common_Team"
"INT_L_B2K_BCFDTLR_1_0_T1","FT_ORIG_CARD_CODE","LEFT(FT_ORIG_CARD_CODE,1)","1","1","0","0","0","0","0","0","0","224","2023-03-11 23:22:51.071","Common_Team"
"INT_L_B2K_BCFDTLR_1_0_T1","FT_AUTH_ADDITIONAL_DATA","LEFT(FT_AUTH_ADDITIONAL_DATA,1)","1","1","0","0","0","0","0","0","0","225","2023-03-11 23:22:51.071","Common_Team"
"INT_L_B2K_BCFDTLR_1_0_T1","FT_DISPUTE_OPTION","LEFT(FT_DISPUTE_OPTION,1)","1","1","0","0","0","0","0","0","0","226","2023-03-11 23:22:51.071","Common_Team"
"INT_L_B2K_BCFDTLR_1_0_T1","FT_RESOLUTION_TYPE","LEFT(FT_RESOLUTION_TYPE,1)","1","1","0","0","0","0","0","0","0","227","2023-03-11 23:22:51.071","Common_Team"
"INT_L_B2K_BCFDTLR_1_0_T1","FT_PLAN_ID","LEFT(FT_PLAN_ID,6)","1","1","0","0","0","0","0","0","0","228","2023-03-11 23:22:51.071","Common_Team"
"INT_L_B2K_BCFDTLR_1_0_T1","FT_PLAN_SEQ","LEFT(FT_PLAN_SEQ,3)","1","1","0","0","0","0","0","0","0","229","2023-03-11 23:22:51.071","Common_Team"
"INT_L_B2K_BCFDTLR_1_0_T1","FT_PLAN_SEQ_A","LEFT(FT_PLAN_SEQ_A,3)","1","1","0","0","0","0","0","0","0","230","2023-03-11 23:22:51.071","Common_Team"
"INT_L_B2K_BCFDTLR_1_0_T1","FT_STORE_NBR","LEFT(FT_STORE_NBR,9)","1","1","0","0","0","0","0","0","0","231","2023-03-11 23:22:51.071","Common_Team"
"INT_L_B2K_BCFDTLR_1_0_T1","FT_PMTS_FIXED","B2K_BCFDTLR_1_0_T1.FT_PMTS_FIXED","0","1","0","0","0","0","0","0","0","232","2023-03-11 23:22:51.071","hathaipat"
"INT_L_B2K_BCFDTLR_1_0_T1","FT_PMTS_FIXED_A","LEFT(FT_PMTS_FIXED_A,13)","1","1","0","0","0","0","0","0","0","233","2023-03-11 23:22:51.071","Common_Team"
"INT_L_B2K_BCFDTLR_1_0_T1","FT_INSTALL_TERM","LEFT(FT_INSTALL_TERM,3)","1","1","0","0","0","0","0","0","0","234","2023-03-11 23:22:51.071","Common_Team"
"INT_L_B2K_BCFDTLR_1_0_T1","FT_USER_CODE","LEFT(FT_USER_CODE,6)","1","1","0","0","0","0","0","0","0","235","2023-03-11 23:22:51.071","Common_Team"
"INT_L_B2K_BCFDTLR_1_0_T1","FT_INVOICE_NBR_A","LEFT(FT_INVOICE_NBR_A,4)","1","1","0","0","0","0","0","0","0","236","2023-03-11 23:22:51.071","Common_Team"
"INT_L_B2K_BCFDTLR_1_0_T1","FT_INVOICE_NBR","LEFT(FT_INVOICE_NBR,7)","1","1","0","0","0","0","0","0","0","237","2023-03-11 23:22:51.071","Common_Team"
"INT_L_B2K_BCFDTLR_1_0_T1","FT_PURCH_ORDER","LEFT(FT_PURCH_ORDER,10)","1","1","0","0","0","0","0","0","0","238","2023-03-11 23:22:51.071","Common_Team"
"INT_L_B2K_BCFDTLR_1_0_T1","FT_DISP_REF_NBR","LEFT(FT_DISP_REF_NBR,10)","1","1","0","0","0","0","0","0","0","239","2023-03-11 23:22:51.071","Common_Team"
"INT_L_B2K_BCFDTLR_1_0_T1","FT_MULTI_INVOICE_IND","LEFT(FT_MULTI_INVOICE_IND,1)","1","1","0","0","0","0","0","0","0","240","2023-03-11 23:22:51.071","Common_Team"
"INT_L_B2K_BCFDTLR_1_0_T1","FT_ASSOC_ACCT_NBR","LEFT(FT_ASSOC_ACCT_NBR,16)","1","1","0","0","0","0","0","0","0","241","2023-03-11 23:22:51.071","Common_Team"
"INT_L_B2K_BCFDTLR_1_0_T1","FT_FL_INTEREST_AMT","B2K_BCFDTLR_1_0_T1.FT_FL_INTEREST_AMT","0","1","0","0","0","0","0","0","0","242","2023-03-11 23:22:51.071","hathaipat"
"INT_L_B2K_BCFDTLR_1_0_T1","FT_FL_INSURANCE_AMT","B2K_BCFDTLR_1_0_T1.FT_FL_INSURANCE_AMT","0","1","0","0","0","0","0","0","0","243","2023-03-11 23:22:51.071","hathaipat"
"INT_L_B2K_BCFDTLR_1_0_T1","FT_FL_INTEREST_RATE","B2K_BCFDTLR_1_0_T1.FT_FL_INTEREST_RATE","0","1","0","0","0","0","0","0","0","244","2023-03-11 23:22:51.071","hathaipat"
"INT_L_B2K_BCFDTLR_1_0_T1","FT_ENTRY_CURR_CODE","LEFT(FT_ENTRY_CURR_CODE,3)","1","1","0","0","0","0","0","0","0","245","2023-03-11 23:22:51.071","Common_Team"
"INT_L_B2K_BCFDTLR_1_0_T1","FT_CARD_ACCEPTOR_ADDRESS","LEFT(FT_CARD_ACCEPTOR_ADDRESS,40)","1","1","0","0","0","0","0","0","0","246","2023-03-11 23:22:51.071","Common_Team"
"INT_L_B2K_BCFDTLR_1_0_T1","FT_PROGRAM_REGISTRATION_ID","LEFT(FT_PROGRAM_REGISTRATION_ID,3)","1","1","0","0","0","0","0","0","0","247","2023-03-11 23:22:51.071","Common_Team"
"INT_L_B2K_BCFDTLR_1_0_T1","FT_MBA_ACCEPT_BRAND_ID","LEFT(FT_MBA_ACCEPT_BRAND_ID,3)","1","1","0","0","0","0","0","0","0","248","2023-03-11 23:22:51.071","Common_Team"
"INT_L_B2K_BCFDTLR_1_0_T1","FT_MBA_BUS_SERVICE_LEVEL","LEFT(FT_MBA_BUS_SERVICE_LEVEL,1)","1","1","0","0","0","0","0","0","0","249","2023-03-11 23:22:51.071","Common_Team"
"INT_L_B2K_BCFDTLR_1_0_T1","FT_MBA_BUS_SERVICE_ID","LEFT(FT_MBA_BUS_SERVICE_ID,6)","1","1","0","0","0","0","0","0","0","250","2023-03-11 23:22:51.071","Common_Team"
"INT_L_B2K_BCFDTLR_1_0_T1","FT_MBA_INTCHG_RATE_DESIGNATOR","LEFT(FT_MBA_INTCHG_RATE_DESIGNATOR,2)","1","1","0","0","0","0","0","0","0","251","2023-03-11 23:22:51.071","Common_Team"
"INT_L_B2K_BCFDTLR_1_0_T1","FT_MBA_BUSINESS_DATE","LEFT(FT_MBA_BUSINESS_DATE,6)","1","1","0","0","0","0","0","0","0","252","2023-03-11 23:22:51.071","Common_Team"
"INT_L_B2K_BCFDTLR_1_0_T1","FT_MBA_BUSINESS_YY","B2K_BCFDTLR_1_0_T1.FT_MBA_BUSINESS_YY","0","1","0","0","0","0","0","0","0","253","2023-03-11 23:22:51.071","hathaipat"
"INT_L_B2K_BCFDTLR_1_0_T1","FT_MBA_BUSINESS_MM","B2K_BCFDTLR_1_0_T1.FT_MBA_BUSINESS_MM","0","1","0","0","0","0","0","0","0","254","2023-03-11 23:22:51.071","hathaipat"
"INT_L_B2K_BCFDTLR_1_0_T1","FT_MBA_BUSINESS_DD","B2K_BCFDTLR_1_0_T1.FT_MBA_BUSINESS_DD","0","1","0","0","0","0","0","0","0","255","2023-03-11 23:22:51.071","hathaipat"
"INT_L_B2K_BCFDTLR_1_0_T1","FT_MBA_BUSINESS_CYCLE","B2K_BCFDTLR_1_0_T1.FT_MBA_BUSINESS_CYCLE","0","1","0","0","0","0","0","0","0","256","2023-03-11 23:22:51.071","hathaipat"
"INT_L_B2K_BCFDTLR_1_0_T1","FT_MERCH_INQUIRY","LEFT(FT_MERCH_INQUIRY,57)","1","1","0","0","0","0","0","0","0","257","2023-03-11 23:22:51.071","Common_Team"
"INT_L_B2K_BCFDTLR_1_0_T1","FT_CUST_SVC_PHONE","LEFT(FT_CUST_SVC_PHONE,16)","1","1","0","0","0","0","0","0","0","258","2023-03-11 23:22:51.071","Common_Team"
"INT_L_B2K_BCFDTLR_1_0_T1","FT_MERCH_PHONE","LEFT(FT_MERCH_PHONE,16)","1","1","0","0","0","0","0","0","0","259","2023-03-11 23:22:51.071","Common_Team"
"INT_L_B2K_BCFDTLR_1_0_T1","FT_CONTACT_INFO","LEFT(FT_CONTACT_INFO,25)","1","1","0","0","0","0","0","0","0","260","2023-03-11 23:22:51.071","Common_Team"
"INT_L_B2K_BCFDTLR_1_0_T1","FT_POI_PHONE_FORMAT","B2K_BCFDTLR_1_0_T1.FT_POI_PHONE_FORMAT","0","1","0","0","0","0","0","0","0","261","2023-03-11 23:22:51.071","hathaipat"
"INT_L_B2K_BCFDTLR_1_0_T1","FT_POI_PHONE_FORMAT_A","LEFT(FT_POI_PHONE_FORMAT_A,1)","1","1","0","0","0","0","0","0","0","262","2023-03-11 23:22:51.071","Common_Team"
"INT_L_B2K_BCFDTLR_1_0_T1","FT_POI_PHONE_DETAIL","LEFT(FT_POI_PHONE_DETAIL,41)","1","1","0","0","0","0","0","0","0","263","2023-03-11 23:22:51.071","Common_Team"
"INT_L_B2K_BCFDTLR_1_0_T1","FT_SOLE_PROPRIETOR_NAME","LEFT(FT_SOLE_PROPRIETOR_NAME,30)","1","1","0","0","0","0","0","0","0","264","2023-03-11 23:22:51.071","Common_Team"
"INT_L_B2K_BCFDTLR_1_0_T1","FT_CORPORATE_NAME","LEFT(FT_CORPORATE_NAME,30)","1","1","0","0","0","0","0","0","0","265","2023-03-11 23:22:51.071","Common_Team"
"INT_L_B2K_BCFDTLR_1_0_T1","FT_MERCH_LOC_POSTAL_CODE","LEFT(FT_MERCH_LOC_POSTAL_CODE,10)","1","1","0","0","0","0","0","0","0","266","2023-03-11 23:22:51.071","Common_Team"
"INT_L_B2K_BCFDTLR_1_0_T1","FT_DUN_NUMBER_X","LEFT(FT_DUN_NUMBER_X,15)","1","1","0","0","0","0","0","0","0","267","2023-03-11 23:22:51.071","Common_Team"
"INT_L_B2K_BCFDTLR_1_0_T1","FT_DUN_NUMBER","LEFT(FT_DUN_NUMBER,15)","1","1","0","0","0","0","0","0","0","268","2023-03-11 23:22:51.071","Common_Team"
"INT_L_B2K_BCFDTLR_1_0_T1","FT_VI_TRAN_QUAL","LEFT(FT_VI_TRAN_QUAL,1)","1","1","0","0","0","0","0","0","0","269","2023-03-11 23:22:51.071","Common_Team"
"INT_L_B2K_BCFDTLR_1_0_T1","FT_SEC_LVL_IND","LEFT(FT_SEC_LVL_IND,3)","1","1","0","0","0","0","0","0","0","270","2023-03-11 23:22:51.071","Common_Team"
"INT_L_B2K_BCFDTLR_1_0_T1","FT_SEC_PROTOCOL","LEFT(FT_SEC_PROTOCOL,1)","1","1","0","0","0","0","0","0","0","271","2023-03-11 23:22:51.071","Common_Team"
"INT_L_B2K_BCFDTLR_1_0_T1","FT_CHD_AUTHENTICATION","LEFT(FT_CHD_AUTHENTICATION,1)","1","1","0","0","0","0","0","0","0","272","2023-03-11 23:22:51.071","Common_Team"
"INT_L_B2K_BCFDTLR_1_0_T1","FT_UCAF_IND","LEFT(FT_UCAF_IND,1)","1","1","0","0","0","0","0","0","0","273","2023-03-11 23:22:51.071","Common_Team"
"INT_L_B2K_BCFDTLR_1_0_T1","FT_MERCHANT_CORP","LEFT(FT_MERCHANT_CORP,2)","1","1","0","0","0","0","0","0","0","274","2023-03-11 23:22:51.071","Common_Team"
"INT_L_B2K_BCFDTLR_1_0_T1","FT_MERCHANT_NO","LEFT(FT_MERCHANT_NO,16)","1","1","0","0","0","0","0","0","0","275","2023-03-11 23:22:51.071","Common_Team"
"INT_L_B2K_BCFDTLR_1_0_T1","FT_ISS_OR_ACQ","LEFT(FT_ISS_OR_ACQ,1)","1","1","0","0","0","0","0","0","0","276","2023-03-11 23:22:51.071","Common_Team"
"INT_L_B2K_BCFDTLR_1_0_T1","FT_ORIG_RECD_SEQ_NUM","LEFT(FT_ORIG_RECD_SEQ_NUM,6)","1","1","0","0","0","0","0","0","0","277","2023-03-11 23:22:51.071","Common_Team"
"INT_L_B2K_BCFDTLR_1_0_T1","FT_A_TID","LEFT(FT_A_TID,15)","1","1","0","0","0","0","0","0","0","278","2023-03-11 23:22:51.071","Common_Team"
"INT_L_B2K_BCFDTLR_1_0_T1","FT_A_PROC_CODE","LEFT(FT_A_PROC_CODE,6)","1","1","0","0","0","0","0","0","0","279","2023-03-11 23:22:51.071","Common_Team"
"INT_L_B2K_BCFDTLR_1_0_T1","FT_A_NET_DATE","LEFT(FT_A_NET_DATE,9)","1","1","0","0","0","0","0","0","0","280","2023-03-11 23:22:51.071","Common_Team"
"INT_L_B2K_BCFDTLR_1_0_T1","FT_A_NET_TIME","LEFT(FT_A_NET_TIME,7)","1","1","0","0","0","0","0","0","0","281","2023-03-11 23:22:51.071","Common_Team"
"INT_L_B2K_BCFDTLR_1_0_T1","FT_A_ISS_INST_ID","LEFT(FT_A_ISS_INST_ID,11)","1","1","0","0","0","0","0","0","0","282","2023-03-11 23:22:51.071","Common_Team"
"INT_L_B2K_BCFDTLR_1_0_T1","FT_A_ISS_INST_PID","LEFT(FT_A_ISS_INST_PID,11)","1","1","0","0","0","0","0","0","0","283","2023-03-11 23:22:51.071","Common_Team"
"INT_L_B2K_BCFDTLR_1_0_T1","FT_A_MRCH_POSTAL_CD","LEFT(FT_A_MRCH_POSTAL_CD,15)","1","1","0","0","0","0","0","0","0","284","2023-03-11 23:22:51.071","Common_Team"
"INT_L_B2K_BCFDTLR_1_0_T1","FT_A_PP_CONVRATE","LEFT(FT_A_PP_CONVRATE,15)","1","1","0","0","0","0","0","0","0","285","2023-03-11 23:22:51.071","Common_Team"
"INT_L_B2K_BCFDTLR_1_0_T1","FT_OFFER_PROC","LEFT(FT_OFFER_PROC,1)","1","1","0","0","0","0","0","0","0","286","2023-03-11 23:22:51.071","Common_Team"
"INT_L_B2K_BCFDTLR_1_0_T1","FT_GL_INPUT_SOURCE","LEFT(FT_GL_INPUT_SOURCE,3)","1","1","0","0","0","0","0","0","0","287","2023-03-11 23:22:51.071","Common_Team"
"INT_L_B2K_BCFDTLR_1_0_T1","FT_EUROPAY_TRAN_RULE","LEFT(FT_EUROPAY_TRAN_RULE,4)","1","1","0","0","0","0","0","0","0","288","2023-03-11 23:22:51.071","Common_Team"
"INT_L_B2K_BCFDTLR_1_0_T1","FT_EXTENDED_SVC_CODE_A","LEFT(FT_EXTENDED_SVC_CODE_A,3)","1","1","0","0","0","0","0","0","0","289","2023-03-11 23:22:51.071","Common_Team"
"INT_L_B2K_BCFDTLR_1_0_T1","FT_EXTENDED_SVC_CODE","B2K_BCFDTLR_1_0_T1.FT_EXTENDED_SVC_CODE","0","1","0","0","0","0","0","0","0","290","2023-03-11 23:22:51.071","hathaipat"
"INT_L_B2K_BCFDTLR_1_0_T1","FT_ICCR_AMOUNT","LEFT(FT_ICCR_AMOUNT,12)","1","1","0","0","0","0","0","0","0","291","2023-03-11 23:22:51.071","Common_Team"
"INT_L_B2K_BCFDTLR_1_0_T1","FT_MCCR_AMOUNT","LEFT(FT_MCCR_AMOUNT,12)","1","1","0","0","0","0","0","0","0","292","2023-03-11 23:22:51.071","Common_Team"
"INT_L_B2K_BCFDTLR_1_0_T1","FT_INTL_SERVICE_ASSESSMENT","LEFT(FT_INTL_SERVICE_ASSESSMENT,12)","1","1","0","0","0","0","0","0","0","293","2023-03-11 23:22:51.071","Common_Team"
"INT_L_B2K_BCFDTLR_1_0_T1","FT_LIFE_CYC_VAL_CDE","LEFT(FT_LIFE_CYC_VAL_CDE,15)","1","1","0","0","0","0","0","0","0","294","2023-03-11 23:22:51.071","Common_Team"
"INT_L_B2K_BCFDTLR_1_0_T1","FT_VISA_FEE_PROG_IND","LEFT(FT_VISA_FEE_PROG_IND,3)","1","1","0","0","0","0","0","0","0","295","2023-03-11 23:22:51.071","Common_Team"
"INT_L_B2K_BCFDTLR_1_0_T1","FT_ALT_CARD_ACCEPTOR_LGH","B2K_BCFDTLR_1_0_T1.FT_ALT_CARD_ACCEPTOR_LGH","0","1","0","0","0","0","0","0","0","296","2023-03-11 23:22:51.071","hathaipat"
"INT_L_B2K_BCFDTLR_1_0_T1","FT_ALT_CARD_ACCEPTOR_ID","LEFT(FT_ALT_CARD_ACCEPTOR_ID,15)","1","1","0","0","0","0","0","0","0","297","2023-03-11 23:22:51.071","Common_Team"
"INT_L_B2K_BCFDTLR_1_0_T1","FT_CROSS_BORDER_DATA","LEFT(FT_CROSS_BORDER_DATA,2)","1","1","0","0","0","0","0","0","0","298","2023-03-11 23:22:51.071","Common_Team"
"INT_L_B2K_BCFDTLR_1_0_T1","FT_OTHER_FILES_IND","LEFT(FT_OTHER_FILES_IND,1)","1","1","0","0","0","0","0","0","0","299","2023-03-11 23:22:51.071","Common_Team"
"INT_L_B2K_BCFDTLR_1_0_T1","FT_TBS_TRAN_ID","LEFT(FT_TBS_TRAN_ID,15)","1","1","0","0","0","0","0","0","0","300","2023-03-11 23:22:51.071","Common_Team"
"INT_L_B2K_BCFDTLR_1_0_T1","FT_EURO_CONV_RATE","B2K_BCFDTLR_1_0_T1.FT_EURO_CONV_RATE","0","1","0","0","0","0","0","0","0","301","2023-03-11 23:22:51.071","hathaipat"
"INT_L_B2K_BCFDTLR_1_0_T1","FT_MC_PROCESSING_CODE","LEFT(FT_MC_PROCESSING_CODE,6)","1","1","0","0","0","0","0","0","0","302","2023-03-11 23:22:51.071","Common_Team"
"INT_L_B2K_BCFDTLR_1_0_T1","FT_MC_TRANS_TYPE","LEFT(FT_MC_TRANS_TYPE,2)","1","1","0","0","0","0","0","0","0","303","2023-03-11 23:22:51.071","Common_Team"
"INT_L_B2K_BCFDTLR_1_0_T1","FT_MC_FROM_ACCT_TYPE","LEFT(FT_MC_FROM_ACCT_TYPE,2)","1","1","0","0","0","0","0","0","0","304","2023-03-11 23:22:51.071","Common_Team"
"INT_L_B2K_BCFDTLR_1_0_T1","FT_MC_TO_ACCT_TYPE","LEFT(FT_MC_TO_ACCT_TYPE,2)","1","1","0","0","0","0","0","0","0","305","2023-03-11 23:22:51.071","Common_Team"
"INT_L_B2K_BCFDTLR_1_0_T1","FT_TCR7_TRAN_COMP_SEQ","B2K_BCFDTLR_1_0_T1.FT_TCR7_TRAN_COMP_SEQ","0","1","0","0","0","0","0","0","0","306","2023-03-11 23:22:51.071","hathaipat"
"INT_L_B2K_BCFDTLR_1_0_T1","FT_TCR7_CRYPT_TRAN_TYPE","LEFT(FT_TCR7_CRYPT_TRAN_TYPE,2)","1","1","0","0","0","0","0","0","0","307","2023-03-11 23:22:51.071","Common_Team"
"INT_L_B2K_BCFDTLR_1_0_T1","FT_TCR7_CARD_SEQ_NO","B2K_BCFDTLR_1_0_T1.FT_TCR7_CARD_SEQ_NO","0","1","0","0","0","0","0","0","0","308","2023-03-11 23:22:51.071","hathaipat"
"INT_L_B2K_BCFDTLR_1_0_T1","FT_TCR7_TERM_TRAN_DATE","LEFT(FT_TCR7_TERM_TRAN_DATE,6)","1","1","0","0","0","0","0","0","0","309","2023-03-11 23:22:51.071","Common_Team"
"INT_L_B2K_BCFDTLR_1_0_T1","FT_TCR7_TERM_CAP_PROF","LEFT(FT_TCR7_TERM_CAP_PROF,6)","1","1","0","0","0","0","0","0","0","310","2023-03-11 23:22:51.071","Common_Team"
"INT_L_B2K_BCFDTLR_1_0_T1","FT_TCR7_TERM_CNTRY_CODE","B2K_BCFDTLR_1_0_T1.FT_TCR7_TERM_CNTRY_CODE","0","1","0","0","0","0","0","0","0","311","2023-03-11 23:22:51.071","hathaipat"
"INT_L_B2K_BCFDTLR_1_0_T1","FT_TCR7_TERM_SERIAL_NO","LEFT(FT_TCR7_TERM_SERIAL_NO,8)","1","1","0","0","0","0","0","0","0","312","2023-03-11 23:22:51.071","Common_Team"
"INT_L_B2K_BCFDTLR_1_0_T1","FT_TCR7_UNPREDIC_NO","LEFT(FT_TCR7_UNPREDIC_NO,8)","1","1","0","0","0","0","0","0","0","313","2023-03-11 23:22:51.071","Common_Team"
"INT_L_B2K_BCFDTLR_1_0_T1","FT_TCR7_APPL_TRAN_COUNTER","LEFT(FT_TCR7_APPL_TRAN_COUNTER,4)","1","1","0","0","0","0","0","0","0","314","2023-03-11 23:22:51.071","Common_Team"
"INT_L_B2K_BCFDTLR_1_0_T1","FT_TCR7_APPL_INTCHG_PROF","LEFT(FT_TCR7_APPL_INTCHG_PROF,4)","1","1","0","0","0","0","0","0","0","315","2023-03-11 23:22:51.071","Common_Team"
"INT_L_B2K_BCFDTLR_1_0_T1","FT_TCR7_CRYPTOGRAM","LEFT(FT_TCR7_CRYPTOGRAM,16)","1","1","0","0","0","0","0","0","0","316","2023-03-11 23:22:51.071","Common_Team"
"INT_L_B2K_BCFDTLR_1_0_T1","FT_TCR7_DERIVE_KEY_INDEX","LEFT(FT_TCR7_DERIVE_KEY_INDEX,2)","1","1","0","0","0","0","0","0","0","317","2023-03-11 23:22:51.071","Common_Team"
"INT_L_B2K_BCFDTLR_1_0_T1","FT_TCR7_CRYPT_VERSION_NO","LEFT(FT_TCR7_CRYPT_VERSION_NO,2)","1","1","0","0","0","0","0","0","0","318","2023-03-11 23:22:51.071","Common_Team"
"INT_L_B2K_BCFDTLR_1_0_T1","FT_TCR7_TERM_VERIFY_RESULT","LEFT(FT_TCR7_TERM_VERIFY_RESULT,10)","1","1","0","0","0","0","0","0","0","319","2023-03-11 23:22:51.071","Common_Team"
"INT_L_B2K_BCFDTLR_1_0_T1","FT_TCR7_CARD_VERIFY_RESULT","LEFT(FT_TCR7_CARD_VERIFY_RESULT,10)","1","1","0","0","0","0","0","0","0","320","2023-03-11 23:22:51.071","Common_Team"
"INT_L_B2K_BCFDTLR_1_0_T1","FT_TCR7_CRYPTOGRAM_AMOUNT","LEFT(FT_TCR7_CRYPTOGRAM_AMOUNT,12)","1","1","0","0","0","0","0","0","0","321","2023-03-11 23:22:51.071","Common_Team"
"INT_L_B2K_BCFDTLR_1_0_T1","FT_TCR7_ISS_SCRIPT_RESULT","LEFT(FT_TCR7_ISS_SCRIPT_RESULT,10)","1","1","0","0","0","0","0","0","0","322","2023-03-11 23:22:51.071","Common_Team"
"INT_L_B2K_BCFDTLR_1_0_T1","FT_CRYTOGRAM_DATA","LEFT(FT_CRYTOGRAM_DATA,2)","1","1","0","0","0","0","0","0","0","323","2023-03-11 23:22:51.071","Common_Team"
"INT_L_B2K_BCFDTLR_1_0_T1","FT_LENGTH_IND","LEFT(FT_LENGTH_IND,2)","1","1","0","0","0","0","0","0","0","324","2023-03-11 23:22:51.071","Common_Team"
"INT_L_B2K_BCFDTLR_1_0_T1","FT_TRANSACTION_TYPE","LEFT(FT_TRANSACTION_TYPE,2)","1","1","0","0","0","0","0","0","0","325","2023-03-11 23:22:51.071","Common_Team"
"INT_L_B2K_BCFDTLR_1_0_T1","FT_AMOUNT_OTHER","LEFT(FT_AMOUNT_OTHER,12)","1","1","0","0","0","0","0","0","0","326","2023-03-11 23:22:51.071","Common_Team"
"INT_L_B2K_BCFDTLR_1_0_T1","FT_CVM_RESULT","LEFT(FT_CVM_RESULT,6)","1","1","0","0","0","0","0","0","0","327","2023-03-11 23:22:51.071","Common_Team"
"INT_L_B2K_BCFDTLR_1_0_T1","FT_TERMINAL_TYPE","LEFT(FT_TERMINAL_TYPE,2)","1","1","0","0","0","0","0","0","0","328","2023-03-11 23:22:51.071","Common_Team"
"INT_L_B2K_BCFDTLR_1_0_T1","FT_INPUT_BATCH_NBR","LEFT(FT_INPUT_BATCH_NBR,4)","1","1","0","0","0","0","0","0","0","329","2023-03-11 23:22:51.071","Common_Team"
"INT_L_B2K_BCFDTLR_1_0_T1","FT_STOLEN_DATE","LEFT(FT_STOLEN_DATE,8)","1","1","0","0","0","0","0","0","0","330","2023-03-11 23:22:51.071","Common_Team"
"INT_L_B2K_BCFDTLR_1_0_T1","FT_SEG11_FILLER","LEFT(FT_SEG11_FILLER,18)","1","1","0","0","0","0","0","0","0","331","2023-03-11 23:22:51.071","Common_Team"
"INT_L_B2K_BCFDTLR_1_0_T1","START_DT","","0","1","0","0","0","0","0","0","0","332","2023-03-11 23:22:51.071","hathaipat"
"INT_L_B2K_BCFDTLR_1_0_T1","END_DT","","0","1","0","0","0","0","0","0","0","333","2023-03-11 23:22:51.071","hathaipat"
"INT_L_B2K_BCFDTLR_1_0_T1","RECORD_DELETED_FLAG","","0","1","0","0","0","0","0","0","0","334","2023-03-11 23:22:51.071","hathaipat"
"INT_L_B2K_BCFDTLR_1_0_T1","CTL_ID","","0","1","0","0","0","0","0","0","0","335","2023-03-11 23:22:51.071","hathaipat"
"INT_L_B2K_BCFDTLR_1_0_T1","INS_PROC_NAME","","0","1","0","0","0","0","0","0","0","336","2023-03-11 23:22:51.071","hathaipat"
"INT_L_B2K_BCFDTLR_1_0_T1","INS_TXF_BATCHID","","0","1","0","0","0","0","0","0","0","337","2023-03-11 23:22:51.071","hathaipat"
"INT_L_B2K_BCFDTLR_1_0_T1","UPD_PROC_NAME","","0","1","0","0","0","0","0","0","0","338","2023-03-11 23:22:51.071","hathaipat"
"INT_L_B2K_BCFDTLR_1_0_T1","UPD_TXF_BATCHID","","0","1","0","0","0","0","0","0","0","339","2023-03-11 23:22:51.071","hathaipat"
"INT_L_B2K_BCFDTLR_1_0_T1","FT_CREDIT_FLAG","LEFT(FT_CREDIT_FLAG,1)","1","1","0","0","0","0","0","0","0","340","2023-03-11 23:22:51.071","Common_Team"
"INT_L_B2K_BCFDTLR_1_0_T1","FT_INTER_FLAG","LEFT(FT_INTER_FLAG,1)","1","1","0","0","0","0","0","0","0","341","2023-03-11 23:22:51.071","Common_Team"
"INT_L_B2K_BCFDTLR_1_0_T1","BIN_8_DIGIT","LEFT(BIN_8_DIGIT,8)","1","1","0","0","0","0","0","0","0","342","2023-03-11 23:22:51.071","Common_Team"
