"INTERFACE_NAME","COL_NAME","EXPRESSION","EXE_DB","INSERT_FLAG","UPDATE_FLAG","KEY_UPD","UD1","UD2","UD3","UD4","UD5","COL_POSITION","LAST_UPDATE_DATE","LAST_UPDATE_USER"
"INT_L_FRC_EDW_FRCISWTR_T1","CENTREF","LEFT(CENTREF,20)","1","1","0","0","0","0","0","0","0","1","2023-03-12 00:19:23.776","Common_Team"
"INT_L_FRC_EDW_FRCISWTR_T1","TRANREF","LEFT(TRANREF,20)","1","1","0","0","0","0","0","0","0","2","2023-03-12 00:19:23.776","Common_Team"
"INT_L_FRC_EDW_FRCISWTR_T1","REMTYPE","LEFT(REMTYPE,4)","1","1","0","0","0","0","0","0","0","3","2023-03-12 00:19:23.776","Common_Team"
"INT_L_FRC_EDW_FRCISWTR_T1","SRCTRAN","LEFT(SRCTRAN,1)","1","1","0","0","0","0","0","0","0","4","2023-03-12 00:19:23.776","Common_Team"
"INT_L_FRC_EDW_FRCISWTR_T1","REMBANK","LEFT(REMBANK,12)","1","1","0","0","0","0","0","0","0","5","2023-03-12 00:19:23.776","Common_Team"
"INT_L_FRC_EDW_FRCISWTR_T1","REIMBANK","LEFT(REIMBANK,12)","1","1","0","0","0","0","0","0","0","6","2023-03-12 00:19:23.776","Common_Team"
"INT_L_FRC_EDW_FRCISWTR_T1","ORDERBANK","LEFT(ORDERBANK,12)","1","1","0","0","0","0","0","0","0","7","2023-03-12 00:19:23.776","Common_Team"
"INT_L_FRC_EDW_FRCISWTR_T1","PAYBANK","LEFT(PAYBANK,12)","1","1","0","0","0","0","0","0","0","8","2023-03-12 00:19:23.776","Common_Team"
"INT_L_FRC_EDW_FRCISWTR_T1","ISN","LEFT(ISN,6)","1","1","0","0","0","0","0","0","0","9","2023-03-12 00:19:23.776","Common_Team"
"INT_L_FRC_EDW_FRCISWTR_T1","MSGTYPE","LEFT(MSGTYPE,3)","1","1","0","0","0","0","0","0","0","10","2023-03-12 00:19:23.776","Common_Team"
"INT_L_FRC_EDW_FRCISWTR_T1","RCVDATE","(COALESCE(to_date(SUBSTR(replace(RCVDATE,'-',''),1,8),'yyyyMMdd') ,to_date('1000-01-03')))","1","1","0","0","0","0","0","0","0","11","2023-03-12 00:19:23.776","hathaipat"
"INT_L_FRC_EDW_FRCISWTR_T1","RCVTIME","(COALESCE(to_timestamp(SUBSTR(COALESCE(TRIM(RCVTIME),''),1,8)), to_timestamp('00:00:00')))","1","1","0","0","0","0","0","0","0","12","2023-03-12 00:19:23.776","hathaipat"
"INT_L_FRC_EDW_FRCISWTR_T1","RCVUSER","LEFT(RCVUSER,20)","1","1","0","0","0","0","0","0","0","13","2023-03-12 00:19:23.776","Common_Team"
"INT_L_FRC_EDW_FRCISWTR_T1","CUSTAC","LEFT(CUSTAC,35)","1","1","0","0","0","0","0","0","0","14","2023-03-12 00:19:23.776","Common_Team"
"INT_L_FRC_EDW_FRCISWTR_T1","CUSTID","LEFT(CUSTID,20)","1","1","0","0","0","0","0","0","0","15","2023-03-12 00:19:23.776","Common_Team"
"INT_L_FRC_EDW_FRCISWTR_T1","CUSTNAME1","LEFT(CUSTNAME1,35)","1","1","0","0","0","0","0","0","0","16","2023-03-12 00:19:23.776","Common_Team"
"INT_L_FRC_EDW_FRCISWTR_T1","CUSTNAME2","LEFT(CUSTNAME2,35)","1","1","0","0","0","0","0","0","0","17","2023-03-12 00:19:23.776","Common_Team"
"INT_L_FRC_EDW_FRCISWTR_T1","DRTYPE","LEFT(DRTYPE,3)","1","1","0","0","0","0","0","0","0","18","2023-03-12 00:19:23.776","Common_Team"
"INT_L_FRC_EDW_FRCISWTR_T1","PROCSTAT","LEFT(PROCSTAT,2)","1","1","0","0","0","0","0","0","0","19","2023-03-12 00:19:23.776","Common_Team"
"INT_L_FRC_EDW_FRCISWTR_T1","RATEDATE","(COALESCE(to_date(SUBSTR(replace(RATEDATE,'-',''),1,8), 'yyyyMMdd'),to_date('1000-01-03')))","1","1","0","0","0","0","0","0","0","20","2023-03-12 00:19:23.776","hathaipat"
"INT_L_FRC_EDW_FRCISWTR_T1","RATETIME","(COALESCE(to_timestamp(SUBSTR(COALESCE(TRIM(RATETIME),''),1,8)) , to_timestamp('00:00:00')))","1","1","0","0","0","0","0","0","0","21","2023-03-12 00:19:23.776","hathaipat"
"INT_L_FRC_EDW_FRCISWTR_T1","NOMRATE","FRC_FRCISWTR_1_0.NOMRATE","0","1","0","0","0","0","0","0","0","22","2023-03-12 00:19:23.776","hathaipat"
"INT_L_FRC_EDW_FRCISWTR_T1","SELLRATE","FRC_FRCISWTR_1_0.SELLRATE","0","1","0","0","0","0","0","0","0","23","2023-03-12 00:19:23.776","hathaipat"
"INT_L_FRC_EDW_FRCISWTR_T1","BUYRATE","FRC_FRCISWTR_1_0.BUYRATE","0","1","0","0","0","0","0","0","0","24","2023-03-12 00:19:23.776","hathaipat"
"INT_L_FRC_EDW_FRCISWTR_T1","USDSELL","FRC_FRCISWTR_1_0.USDSELL","0","1","0","0","0","0","0","0","0","25","2023-03-12 00:19:23.776","hathaipat"
"INT_L_FRC_EDW_FRCISWTR_T1","USDBUY","FRC_FRCISWTR_1_0.USDBUY","0","1","0","0","0","0","0","0","0","26","2023-03-12 00:19:23.776","hathaipat"
"INT_L_FRC_EDW_FRCISWTR_T1","USDNOM","FRC_FRCISWTR_1_0.USDNOM","0","1","0","0","0","0","0","0","0","27","2023-03-12 00:19:23.776","hathaipat"
"INT_L_FRC_EDW_FRCISWTR_T1","SENDCNTR","LEFT(SENDCNTR,2)","1","1","0","0","0","0","0","0","0","28","2023-03-12 00:19:23.776","Common_Team"
"INT_L_FRC_EDW_FRCISWTR_T1","VALDATE","(COALESCE(to_date(SUBSTR(replace(VALDATE,'-',''),1,8),'yyyyMMdd'),to_date('1000-01-03')))","1","1","0","0","0","0","0","0","0","29","2023-03-12 00:19:23.776","hathaipat"
"INT_L_FRC_EDW_FRCISWTR_T1","REMCUR","LEFT(REMCUR,3)","1","1","0","0","0","0","0","0","0","30","2023-03-12 00:19:23.776","Common_Team"
"INT_L_FRC_EDW_FRCISWTR_T1","REMAMT","FRC_FRCISWTR_1_0.REMAMT","0","1","0","0","0","0","0","0","0","31","2023-03-12 00:19:23.776","hathaipat"
"INT_L_FRC_EDW_FRCISWTR_T1","REMBAHT","FRC_FRCISWTR_1_0.REMBAHT","0","1","0","0","0","0","0","0","0","32","2023-03-12 00:19:23.776","hathaipat"
"INT_L_FRC_EDW_FRCISWTR_T1","DOCNO","LEFT(DOCNO,20)","1","1","0","0","0","0","0","0","0","33","2023-03-12 00:19:23.776","Common_Team"
"INT_L_FRC_EDW_FRCISWTR_T1","DDTYPE","LEFT(DDTYPE,2)","1","1","0","0","0","0","0","0","0","34","2023-03-12 00:19:23.776","Common_Team"
"INT_L_FRC_EDW_FRCISWTR_T1","PRNCOPY","FRC_FRCISWTR_1_0.PRNCOPY","0","1","0","0","0","0","0","0","0","35","2023-03-12 00:19:23.776","hathaipat"
"INT_L_FRC_EDW_FRCISWTR_T1","RECCHRCUR","LEFT(RECCHRCUR,3)","1","1","0","0","0","0","0","0","0","36","2023-03-12 00:19:23.776","Common_Team"
"INT_L_FRC_EDW_FRCISWTR_T1","RECCHRAMT","FRC_FRCISWTR_1_0.RECCHRAMT","0","1","0","0","0","0","0","0","0","37","2023-03-12 00:19:23.776","hathaipat"
"INT_L_FRC_EDW_FRCISWTR_T1","SMSID","LEFT(SMSID,60)","1","1","0","0","0","0","0","0","0","38","2023-03-12 00:19:23.776","Common_Team"
"INT_L_FRC_EDW_FRCISWTR_T1","SMSFG","LEFT(SMSFG,1)","1","1","0","0","0","0","0","0","0","39","2023-03-12 00:19:23.776","Common_Team"
"INT_L_FRC_EDW_FRCISWTR_T1","CUSTTYPE","LEFT(CUSTTYPE,3)","1","1","0","0","0","0","0","0","0","40","2023-03-12 00:19:23.776","Common_Team"
"INT_L_FRC_EDW_FRCISWTR_T1","YTDAVGBAL","FRC_FRCISWTR_1_0.YTDAVGBAL","0","1","0","0","0","0","0","0","0","41","2023-03-12 00:19:23.776","hathaipat"
"INT_L_FRC_EDW_FRCISWTR_T1","PRNRCPCOPY","FRC_FRCISWTR_1_0.PRNRCPCOPY","0","1","0","0","0","0","0","0","0","42","2023-03-12 00:19:23.776","hathaipat"
"INT_L_FRC_EDW_FRCISWTR_T1","START_DT","","0","1","0","0","0","0","0","0","0","43","2023-03-12 00:19:23.776","hathaipat"
"INT_L_FRC_EDW_FRCISWTR_T1","END_DT","","0","1","0","0","0","0","0","0","0","44","2023-03-12 00:19:23.776","hathaipat"
"INT_L_FRC_EDW_FRCISWTR_T1","RECORD_DELETED_FLAG","","0","1","0","0","0","0","0","0","0","45","2023-03-12 00:19:23.776","hathaipat"
"INT_L_FRC_EDW_FRCISWTR_T1","CTL_ID","","0","1","0","0","0","0","0","0","0","46","2023-03-12 00:19:23.776","hathaipat"
"INT_L_FRC_EDW_FRCISWTR_T1","INS_PROC_NAME","","0","1","0","0","0","0","0","0","0","47","2023-03-12 00:19:23.776","hathaipat"
"INT_L_FRC_EDW_FRCISWTR_T1","INS_TXF_BATCHID","","0","1","0","0","0","0","0","0","0","48","2023-03-12 00:19:23.776","hathaipat"
"INT_L_FRC_EDW_FRCISWTR_T1","UPD_PROC_NAME","","0","1","0","0","0","0","0","0","0","49","2023-03-12 00:19:23.776","hathaipat"
"INT_L_FRC_EDW_FRCISWTR_T1","UPD_TXF_BATCHID","","0","1","0","0","0","0","0","0","0","50","2023-03-12 00:19:23.776","hathaipat"
"INT_L_FRC_EDW_FRCISWTR_T1","BK_PARTY_121_001","(COALESCE(TRIM(ORDERBANK),'') || '_121')","1","1","0","0","0","0","0","1","1","51","2023-03-12 00:19:23.776","Common_Team"
"INT_L_FRC_EDW_FRCISWTR_T1","BK_PARTY_121_002","(COALESCE(TRIM(REMBANK),'') || '_121')","1","1","0","0","0","0","0","1","1","52","2023-03-12 00:19:23.776","Common_Team"
"INT_L_FRC_EDW_FRCISWTR_T1","BK_PARTY_121_003","(COALESCE(TRIM(REIMBANK),'') || '_121')","1","1","0","0","0","0","0","1","1","53","2023-03-12 00:19:23.776","Common_Team"
"INT_L_FRC_EDW_FRCISWTR_T1","BK_PARTY_121_004","(COALESCE(TRIM(PAYBANK),'') || '_121')","1","1","0","0","0","0","0","1","1","54","2023-03-12 00:19:23.776","Common_Team"
"INT_L_FRC_EDW_FRCISWTR_T1","BK_LOCATION_123_001","(COALESCE(TRIM(SENDCNTR),'') || '_123')","1","1","0","0","0","0","0","1","1","55","2023-03-12 00:19:23.776","Common_Team"
"INT_L_FRC_EDW_FRCISWTR_T1","SENFXPOSFG","LEFT(SENFXPOSFG,3)","1","1","0","0","0","0","0","0","0","56","2023-03-12 00:19:23.776","Common_Team"
"INT_L_FRC_EDW_FRCISWTR_T1","DRACNO","LEFT(DRACNO,20)","1","1","0","0","0","0","0","0","0","57","2023-03-12 00:19:23.776","Common_Team"
"INT_L_FRC_EDW_FRCISWTR_T1","SNDMITFGDR","LEFT(SNDMITFGDR,1)","1","1","0","0","0","0","0","0","0","58","2023-03-12 00:19:23.776","Common_Team"
"INT_L_FRC_EDW_FRCISWTR_T1","DROBJCD","LEFT(DROBJCD,6)","1","1","0","0","0","0","0","0","0","59","2023-03-12 00:19:23.776","Common_Team"
"INT_L_FRC_EDW_FRCISWTR_T1","DROBJDESC","LEFT(DROBJDESC,100)","1","1","0","0","0","0","0","0","0","60","2023-03-12 00:19:23.776","Common_Team"
"INT_L_FRC_EDW_FRCISWTR_T1","SNDMITFGDRCHR","LEFT(SNDMITFGDRCHR,1)","1","1","0","0","0","0","0","0","0","61","2023-03-12 00:19:23.776","Common_Team"
"INT_L_FRC_EDW_FRCISWTR_T1","DRCHROBJCD","LEFT(DRCHROBJCD,6)","1","1","0","0","0","0","0","0","0","62","2023-03-12 00:19:23.776","Common_Team"
"INT_L_FRC_EDW_FRCISWTR_T1","DRCHROBJDESC","LEFT(DRCHROBJDESC,100)","1","1","0","0","0","0","0","0","0","63","2023-03-12 00:19:23.776","Common_Team"
"INT_L_FRC_EDW_FRCISWTR_T1","RQUIDDR","LEFT(RQUIDDR,60)","1","1","0","0","0","0","0","0","0","64","2023-03-12 00:19:23.776","Common_Team"
"INT_L_FRC_EDW_FRCISWTR_T1","RQUIDDRCHR","LEFT(RQUIDDRCHR,60)","1","1","0","0","0","0","0","0","0","65","2023-03-12 00:19:23.776","Common_Team"
"INT_L_FRC_EDW_FRCISWTR_T1","SMARTFG","LEFT(SMARTFG,1)","1","1","0","0","0","0","0","0","0","66","2023-03-12 00:19:23.776","Common_Team"
"INT_L_FRC_EDW_FRCISWTR_T1","CUSTADDR","LEFT(CUSTADDR,30)","1","1","0","0","0","0","0","0","0","67","2023-03-12 00:19:23.776","Common_Team"
"INT_L_FRC_EDW_FRCISWTR_T1","CUSTSUBDIST","LEFT(CUSTSUBDIST,30)","1","1","0","0","0","0","0","0","0","68","2023-03-12 00:19:23.776","Common_Team"
"INT_L_FRC_EDW_FRCISWTR_T1","CUSTDISTRICT","LEFT(CUSTDISTRICT,30)","1","1","0","0","0","0","0","0","0","69","2023-03-12 00:19:23.776","Common_Team"
"INT_L_FRC_EDW_FRCISWTR_T1","CUSTCITY","LEFT(CUSTCITY,20)","1","1","0","0","0","0","0","0","0","70","2023-03-12 00:19:23.776","Common_Team"
"INT_L_FRC_EDW_FRCISWTR_T1","CUSTZIPCODE","LEFT(CUSTZIPCODE,5)","1","1","0","0","0","0","0","0","0","71","2023-03-12 00:19:23.776","Common_Team"
"INT_L_FRC_EDW_FRCISWTR_T1","CUSTCNTRY","LEFT(CUSTCNTRY,2)","1","1","0","0","0","0","0","0","0","72","2023-03-12 00:19:23.776","Common_Team"
"INT_L_FRC_EDW_FRCISWTR_T1","NEEDPRNFT","LEFT(NEEDPRNFT,1)","1","1","0","0","0","0","0","0","0","73","2023-03-12 00:19:23.776","Common_Team"
"INT_L_FRC_EDW_FRCISWTR_T1","PRNFTCOPY","FRC_FRCISWTR_1_0.PRNFTCOPY","0","1","0","0","0","0","0","0","0","74","2023-03-12 00:19:23.776","hathaipat"
"INT_L_FRC_EDW_FRCISWTR_T1","RLTNCUST","LEFT(RLTNCUST,6)","1","1","0","0","0","0","0","0","0","75","2023-03-12 00:19:23.776","Common_Team"
"INT_L_FRC_EDW_FRCISWTR_T1","SENDADDR1","LEFT(SENDADDR1,35)","1","1","0","0","0","0","0","0","0","76","2023-03-12 00:19:23.776","Common_Team"
"INT_L_FRC_EDW_FRCISWTR_T1","SENDADDR2","LEFT(SENDADDR2,35)","1","1","0","0","0","0","0","0","0","77","2023-03-12 00:19:23.776","Common_Team"
"INT_L_FRC_EDW_FRCISWTR_T1","SENDADDR3","LEFT(SENDADDR3,35)","1","1","0","0","0","0","0","0","0","78","2023-03-12 00:19:23.776","Common_Team"
