"INTERFACE_NAME","COL_NAME","EXPRESSION","EXE_DB","INSERT_FLAG","UPDATE_FLAG","KEY_UPD","UD1","UD2","UD3","UD4","UD5","COL_POSITION","LAST_UPDATE_DATE","LAST_UPDATE_USER"
"INT_L_FLTC_EDW_ACCOUNT_MASTER","CM_ORG_NMBR","LEFT(CM_ORG_NMBR,3)","1","1","0","0","1","0","0","0","0","1","2023-03-12 00:51:20.514","Common_Team"
"INT_L_FLTC_EDW_ACCOUNT_MASTER","CM_TYPE","LEFT(CM_TYPE,3)","1","1","0","0","1","0","0","0","0","2","2023-03-12 00:51:20.514","Common_Team"
"INT_L_FLTC_EDW_ACCOUNT_MASTER","CM_CARD_NMBR","LEFT(CM_CARD_NMBR,16)","1","1","0","0","1","0","0","0","0","3","2023-03-12 00:51:20.514","Common_Team"
"INT_L_FLTC_EDW_ACCOUNT_MASTER","CM_CUSTOMER_NMBR","LEFT(CM_CUSTOMER_NMBR,16)","1","1","0","0","1","0","0","0","0","4","2023-03-12 00:51:20.514","Common_Team"
"INT_L_FLTC_EDW_ACCOUNT_MASTER","CM_CRLIMIT","FLTC_ACCOUNT_MASTER_1_0.CM_CRLIMIT","0","1","0","0","0","0","0","0","0","5","2023-03-12 00:51:20.514","hathaipat"
"INT_L_FLTC_EDW_ACCOUNT_MASTER","CM_SHORT_NAME","LEFT(CM_SHORT_NAME,15)","1","1","0","0","0","0","0","0","0","6","2023-03-12 00:51:20.514","Common_Team"
"INT_L_FLTC_EDW_ACCOUNT_MASTER","CM_STATUS","LEFT(CM_STATUS,1)","1","1","0","0","0","0","0","0","0","7","2023-03-12 00:51:20.514","Common_Team"
"INT_L_FLTC_EDW_ACCOUNT_MASTER","CM_XFR_ORG_NMBR","LEFT(CM_XFR_ORG_NMBR,3)","1","1","0","0","0","0","0","0","0","8","2023-03-12 00:51:20.514","Common_Team"
"INT_L_FLTC_EDW_ACCOUNT_MASTER","CM_XFR_TYPE_NMBR","LEFT(CM_XFR_TYPE_NMBR,3)","1","1","0","0","0","0","0","0","0","9","2023-03-12 00:51:20.514","Common_Team"
"INT_L_FLTC_EDW_ACCOUNT_MASTER","CM_XFR_ACCT_NMBR","LEFT(CM_XFR_ACCT_NMBR,16)","1","1","0","0","0","0","0","0","0","10","2023-03-12 00:51:20.514","Common_Team"
"INT_L_FLTC_EDW_ACCOUNT_MASTER","CM_DTE_XFER_EFFECTIVE","to_date(FLTC_ACCOUNT_MASTER_1_0.CM_DTE_XFER_EFFECTIVE, 'yyyy-MM-dd')","1","1","0","0","0","0","0","0","0","11","2023-03-12 00:51:20.514","hathaipat"
"INT_L_FLTC_EDW_ACCOUNT_MASTER","CM_STMT_DTE","to_date(FLTC_ACCOUNT_MASTER_1_0.CM_STMT_DTE, 'yyyy-MM-dd')","1","1","0","0","0","0","0","0","0","12","2023-03-12 00:51:20.514","hathaipat"
"INT_L_FLTC_EDW_ACCOUNT_MASTER","CM_DUE_DTE","to_date(FLTC_ACCOUNT_MASTER_1_0.CM_DUE_DTE, 'yyyy-MM-dd')","1","1","0","0","0","0","0","0","0","13","2023-03-12 00:51:20.514","hathaipat"
"INT_L_FLTC_EDW_ACCOUNT_MASTER","CM_ALPHA_KEY","LEFT(CM_ALPHA_KEY,16)","1","1","0","0","0","0","0","0","0","14","2023-03-12 00:51:20.514","Common_Team"
"INT_L_FLTC_EDW_ACCOUNT_MASTER","CM_CUSTOMER_ORG","LEFT(CM_CUSTOMER_ORG,3)","1","1","0","0","0","0","0","0","0","15","2023-03-12 00:51:20.514","Common_Team"
"INT_L_FLTC_EDW_ACCOUNT_MASTER","CM_ALT_CUSTOMER_ORG","LEFT(CM_ALT_CUSTOMER_ORG,3)","1","1","0","0","0","0","0","0","0","16","2023-03-12 00:51:20.514","Common_Team"
"INT_L_FLTC_EDW_ACCOUNT_MASTER","CM_ALT_CUSTOMER_NMBR","LEFT(CM_ALT_CUSTOMER_NMBR,16)","1","1","0","0","0","0","0","0","0","17","2023-03-12 00:51:20.514","Common_Team"
"INT_L_FLTC_EDW_ACCOUNT_MASTER","CM_DUP_STMT_ORG","LEFT(CM_DUP_STMT_ORG,3)","1","1","0","0","0","0","0","0","0","18","2023-03-12 00:51:20.514","Common_Team"
"INT_L_FLTC_EDW_ACCOUNT_MASTER","CM_DUP_STMT_NBR","LEFT(CM_DUP_STMT_NBR,16)","1","1","0","0","0","0","0","0","0","19","2023-03-12 00:51:20.514","Common_Team"
"INT_L_FLTC_EDW_ACCOUNT_MASTER","CM_OFFICER","LEFT(CM_OFFICER,3)","1","1","0","0","0","0","0","0","0","20","2023-03-12 00:51:20.514","Common_Team"
"INT_L_FLTC_EDW_ACCOUNT_MASTER","CM_CURR_COLLECTOR","LEFT(CM_CURR_COLLECTOR,3)","1","1","0","0","0","0","0","0","0","21","2023-03-12 00:51:20.514","Common_Team"
"INT_L_FLTC_EDW_ACCOUNT_MASTER","CM_PERM_COLLECTOR","LEFT(CM_PERM_COLLECTOR,3)","1","1","0","0","0","0","0","0","0","22","2023-03-12 00:51:20.514","Common_Team"
"INT_L_FLTC_EDW_ACCOUNT_MASTER","CM_AGENT_BANK_NMBR","LEFT(CM_AGENT_BANK_NMBR,5)","1","1","0","0","0","0","0","0","0","23","2023-03-12 00:51:20.514","Common_Team"
"INT_L_FLTC_EDW_ACCOUNT_MASTER","CM_CORP_ACCT_ORG","LEFT(CM_CORP_ACCT_ORG,3)","1","1","0","0","0","0","0","0","0","24","2023-03-12 00:51:20.514","Common_Team"
"INT_L_FLTC_EDW_ACCOUNT_MASTER","CM_CORP_ACCT_NMBR","LEFT(CM_CORP_ACCT_NMBR,16)","1","1","0","0","0","0","0","0","0","25","2023-03-12 00:51:20.514","Common_Team"
"INT_L_FLTC_EDW_ACCOUNT_MASTER","CM_DOMICILE_BRANCH","LEFT(CM_DOMICILE_BRANCH,5)","1","1","0","0","0","0","0","0","0","26","2023-03-12 00:51:20.514","Common_Team"
"INT_L_FLTC_EDW_ACCOUNT_MASTER","CM_COLLATERAL_CODE","LEFT(CM_COLLATERAL_CODE,2)","1","1","0","0","0","0","0","0","0","27","2023-03-12 00:51:20.514","Common_Team"
"INT_L_FLTC_EDW_ACCOUNT_MASTER","CM_USER_CODE","LEFT(CM_USER_CODE,2)","1","1","0","0","0","0","0","0","0","28","2023-03-12 00:51:20.514","Common_Team"
"INT_L_FLTC_EDW_ACCOUNT_MASTER","CM_USER_CODE_2","LEFT(CM_USER_CODE_2,2)","1","1","0","0","0","0","0","0","0","29","2023-03-12 00:51:20.514","Common_Team"
"INT_L_FLTC_EDW_ACCOUNT_MASTER","CM_USER_CODE_3","LEFT(CM_USER_CODE_3,2)","1","1","0","0","0","0","0","0","0","30","2023-03-12 00:51:20.514","Common_Team"
"INT_L_FLTC_EDW_ACCOUNT_MASTER","CM_INS_CODE","LEFT(CM_INS_CODE,1)","1","1","0","0","0","0","0","0","0","31","2023-03-12 00:51:20.514","Common_Team"
"INT_L_FLTC_EDW_ACCOUNT_MASTER","CM_OWNERSHIP_FLAG","LEFT(CM_OWNERSHIP_FLAG,1)","1","1","0","0","0","0","0","0","0","32","2023-03-12 00:51:20.514","Common_Team"
"INT_L_FLTC_EDW_ACCOUNT_MASTER","CM_BLOCK_CODE","LEFT(CM_BLOCK_CODE,1)","1","1","0","0","0","0","0","0","0","33","2023-03-12 00:51:20.514","Common_Team"
"INT_L_FLTC_EDW_ACCOUNT_MASTER","CM_ALT_BLOCK_CODE","LEFT(CM_ALT_BLOCK_CODE,1)","1","1","0","0","0","0","0","0","0","34","2023-03-12 00:51:20.514","Common_Team"
"INT_L_FLTC_EDW_ACCOUNT_MASTER","CM_STATEMENT_FLAG","FLTC_ACCOUNT_MASTER_1_0.CM_STATEMENT_FLAG","0","1","0","0","0","0","0","0","0","35","2023-03-12 00:51:20.514","hathaipat"
"INT_L_FLTC_EDW_ACCOUNT_MASTER","CM_STMT_FREQ","FLTC_ACCOUNT_MASTER_1_0.CM_STMT_FREQ","0","1","0","0","0","0","0","0","0","36","2023-03-12 00:51:20.514","hathaipat"
"INT_L_FLTC_EDW_ACCOUNT_MASTER","CM_WAIVE_LATE_CHG","FLTC_ACCOUNT_MASTER_1_0.CM_WAIVE_LATE_CHG","0","1","0","0","0","0","0","0","0","37","2023-03-12 00:51:20.514","hathaipat"
"INT_L_FLTC_EDW_ACCOUNT_MASTER","CM_WAIVE_LATE_NOTICE","FLTC_ACCOUNT_MASTER_1_0.CM_WAIVE_LATE_NOTICE","0","1","0","0","0","0","0","0","0","38","2023-03-12 00:51:20.514","hathaipat"
"INT_L_FLTC_EDW_ACCOUNT_MASTER","CM_WAIVE_OVER_LIMIT","FLTC_ACCOUNT_MASTER_1_0.CM_WAIVE_OVER_LIMIT","0","1","0","0","0","0","0","0","0","39","2023-03-12 00:51:20.514","hathaipat"
"INT_L_FLTC_EDW_ACCOUNT_MASTER","CM_WAIVE_SVC_CHRG","FLTC_ACCOUNT_MASTER_1_0.CM_WAIVE_SVC_CHRG","0","1","0","0","0","0","0","0","0","40","2023-03-12 00:51:20.514","hathaipat"
"INT_L_FLTC_EDW_ACCOUNT_MASTER","CM_COLL_CARD_RQTD","FLTC_ACCOUNT_MASTER_1_0.CM_COLL_CARD_RQTD","0","1","0","0","0","0","0","0","0","41","2023-03-12 00:51:20.514","hathaipat"
"INT_L_FLTC_EDW_ACCOUNT_MASTER","CM_STAT_CHNG_FLAG","FLTC_ACCOUNT_MASTER_1_0.CM_STAT_CHNG_FLAG","0","1","0","0","0","0","0","0","0","42","2023-03-12 00:51:20.514","hathaipat"
"INT_L_FLTC_EDW_ACCOUNT_MASTER","CM_REQUEST_DISPLAY","FLTC_ACCOUNT_MASTER_1_0.CM_REQUEST_DISPLAY","0","1","0","0","0","0","0","0","0","43","2023-03-12 00:51:20.514","hathaipat"
"INT_L_FLTC_EDW_ACCOUNT_MASTER","CM_CHGOFF_STATUS_FLAG","FLTC_ACCOUNT_MASTER_1_0.CM_CHGOFF_STATUS_FLAG","0","1","0","0","0","0","0","0","0","44","2023-03-12 00:51:20.514","hathaipat"
"INT_L_FLTC_EDW_ACCOUNT_MASTER","CM_WRITE_OFF_DAYS","FLTC_ACCOUNT_MASTER_1_0.CM_WRITE_OFF_DAYS","0","1","0","0","0","0","0","0","0","45","2023-03-12 00:51:20.514","hathaipat"
"INT_L_FLTC_EDW_ACCOUNT_MASTER","CM_CR_BAL_REFUND_DAYS","FLTC_ACCOUNT_MASTER_1_0.CM_CR_BAL_REFUND_DAYS","0","1","0","0","0","0","0","0","0","46","2023-03-12 00:51:20.514","hathaipat"
"INT_L_FLTC_EDW_ACCOUNT_MASTER","CM_1098_FLAG","FLTC_ACCOUNT_MASTER_1_0.CM_1098_FLAG","0","1","0","0","0","0","0","0","0","47","2023-03-12 00:51:20.514","hathaipat"
"INT_L_FLTC_EDW_ACCOUNT_MASTER","CM_ANN_FEE_DISCLOSURE_SW","LEFT(CM_ANN_FEE_DISCLOSURE_SW,1)","1","1","0","0","0","0","0","0","0","48","2023-03-12 00:51:20.514","Common_Team"
"INT_L_FLTC_EDW_ACCOUNT_MASTER","CM_DTE_OPENED","to_date(FLTC_ACCOUNT_MASTER_1_0.CM_DTE_OPENED, 'yyyy-MM-dd')","1","1","0","0","0","0","0","0","0","49","2023-03-12 00:51:20.514","hathaipat"
"INT_L_FLTC_EDW_ACCOUNT_MASTER","CM_DTE_LST_STAT_CHNG","to_date(FLTC_ACCOUNT_MASTER_1_0.CM_DTE_LST_STAT_CHNG, 'yyyy-MM-dd')","1","1","0","0","0","0","0","0","0","50","2023-03-12 00:51:20.514","hathaipat"
"INT_L_FLTC_EDW_ACCOUNT_MASTER","CM_DTE_CLOSED","to_date(FLTC_ACCOUNT_MASTER_1_0.CM_DTE_CLOSED, 'yyyy-MM-dd')","1","1","0","0","0","0","0","0","0","51","2023-03-12 00:51:20.514","hathaipat"
"INT_L_FLTC_EDW_ACCOUNT_MASTER","CM_DTE_LST_PURCHASE","to_date(FLTC_ACCOUNT_MASTER_1_0.CM_DTE_LST_PURCHASE, 'yyyy-MM-dd')","1","1","0","0","0","0","0","0","0","52","2023-03-12 00:51:20.514","hathaipat"
"INT_L_FLTC_EDW_ACCOUNT_MASTER","CM_DTE_LST_ADVANCE","to_date(FLTC_ACCOUNT_MASTER_1_0.CM_DTE_LST_ADVANCE, 'yyyy-MM-dd')","1","1","0","0","0","0","0","0","0","53","2023-03-12 00:51:20.514","hathaipat"
"INT_L_FLTC_EDW_ACCOUNT_MASTER","CM_DTE_LST_DELQ","to_date(FLTC_ACCOUNT_MASTER_1_0.CM_DTE_LST_DELQ, 'yyyy-MM-dd')","1","1","0","0","0","0","0","0","0","54","2023-03-12 00:51:20.514","hathaipat"
"INT_L_FLTC_EDW_ACCOUNT_MASTER","CM_DTE_PRIOR_DELQ","to_date(FLTC_ACCOUNT_MASTER_1_0.CM_DTE_PRIOR_DELQ, 'yyyy-MM-dd')","1","1","0","0","0","0","0","0","0","55","2023-03-12 00:51:20.514","hathaipat"
"INT_L_FLTC_EDW_ACCOUNT_MASTER","CM_DTE_LST_ACCR","to_date(FLTC_ACCOUNT_MASTER_1_0.CM_DTE_LST_ACCR, 'yyyy-MM-dd')","1","1","0","0","0","0","0","0","0","56","2023-03-12 00:51:20.514","hathaipat"
"INT_L_FLTC_EDW_ACCOUNT_MASTER","CM_DTE_ACCR_THRU","to_date(FLTC_ACCOUNT_MASTER_1_0.CM_DTE_ACCR_THRU, 'yyyy-MM-dd')","1","1","0","0","0","0","0","0","0","57","2023-03-12 00:51:20.514","hathaipat"
"INT_L_FLTC_EDW_ACCOUNT_MASTER","CM_DTE_LST_ACTIVE","to_date(FLTC_ACCOUNT_MASTER_1_0.CM_DTE_LST_ACTIVE, 'yyyy-MM-dd')","1","1","0","0","0","0","0","0","0","58","2023-03-12 00:51:20.514","hathaipat"
"INT_L_FLTC_EDW_ACCOUNT_MASTER","CM_DTE_LST_CASH_PYMT","to_date(FLTC_ACCOUNT_MASTER_1_0.CM_DTE_LST_CASH_PYMT, 'yyyy-MM-dd')","1","1","0","0","0","0","0","0","0","59","2023-03-12 00:51:20.514","hathaipat"
"INT_L_FLTC_EDW_ACCOUNT_MASTER","CM_DTE_LST_RTL_PYMT","to_date(FLTC_ACCOUNT_MASTER_1_0.CM_DTE_LST_RTL_PYMT, 'yyyy-MM-dd')","1","1","0","0","0","0","0","0","0","60","2023-03-12 00:51:20.514","hathaipat"
"INT_L_FLTC_EDW_ACCOUNT_MASTER","CM_CRLIMIT_DTE","to_date(FLTC_ACCOUNT_MASTER_1_0.CM_CRLIMIT_DTE, 'yyyy-MM-dd')","1","1","0","0","0","0","0","0","0","61","2023-03-12 00:51:20.514","hathaipat"
"INT_L_FLTC_EDW_ACCOUNT_MASTER","CM_LST_CRLIMIT_DTE","to_date(FLTC_ACCOUNT_MASTER_1_0.CM_LST_CRLIMIT_DTE, 'yyyy-MM-dd')","1","1","0","0","0","0","0","0","0","62","2023-03-12 00:51:20.514","hathaipat"
"INT_L_FLTC_EDW_ACCOUNT_MASTER","CM_ACH_PYMT_EXP_DTE","to_date(FLTC_ACCOUNT_MASTER_1_0.CM_ACH_PYMT_EXP_DTE, 'yyyy-MM-dd')","1","1","0","0","0","0","0","0","0","63","2023-03-12 00:51:20.514","hathaipat"
"INT_L_FLTC_EDW_ACCOUNT_MASTER","CM_DTE_LST_STMT","to_date(FLTC_ACCOUNT_MASTER_1_0.CM_DTE_LST_STMT, 'yyyy-MM-dd')","1","1","0","0","0","0","0","0","0","64","2023-03-12 00:51:20.514","hathaipat"
"INT_L_FLTC_EDW_ACCOUNT_MASTER","CM_DTE_NXT_STMT","to_date(FLTC_ACCOUNT_MASTER_1_0.CM_DTE_NXT_STMT, 'yyyy-MM-dd')","1","1","0","0","0","0","0","0","0","65","2023-03-12 00:51:20.514","hathaipat"
"INT_L_FLTC_EDW_ACCOUNT_MASTER","CM_DTE_HI_BALANCE","to_date(FLTC_ACCOUNT_MASTER_1_0.CM_DTE_HI_BALANCE, 'yyyy-MM-dd')","1","1","0","0","0","0","0","0","0","66","2023-03-12 00:51:20.514","hathaipat"
"INT_L_FLTC_EDW_ACCOUNT_MASTER","CM_DTE_LST_PYMT","to_date(FLTC_ACCOUNT_MASTER_1_0.CM_DTE_LST_PYMT, 'yyyy-MM-dd')","1","1","0","0","0","0","0","0","0","67","2023-03-12 00:51:20.514","hathaipat"
"INT_L_FLTC_EDW_ACCOUNT_MASTER","CM_DTE_CR_BALANCE","to_date(FLTC_ACCOUNT_MASTER_1_0.CM_DTE_CR_BALANCE, 'yyyy-MM-dd')","1","1","0","0","0","0","0","0","0","68","2023-03-12 00:51:20.514","hathaipat"
"INT_L_FLTC_EDW_ACCOUNT_MASTER","CM_DTE_LST_RTN_CHECK","to_date(FLTC_ACCOUNT_MASTER_1_0.CM_DTE_LST_RTN_CHECK, 'yyyy-MM-dd')","1","1","0","0","0","0","0","0","0","69","2023-03-12 00:51:20.514","hathaipat"
"INT_L_FLTC_EDW_ACCOUNT_MASTER","CM_DTE_LST_DEBIT","to_date(FLTC_ACCOUNT_MASTER_1_0.CM_DTE_LST_DEBIT, 'yyyy-MM-dd')","1","1","0","0","0","0","0","0","0","70","2023-03-12 00:51:20.514","hathaipat"
"INT_L_FLTC_EDW_ACCOUNT_MASTER","CM_DTE_TBL_HI_BALANCE","to_date(FLTC_ACCOUNT_MASTER_1_0.CM_DTE_TBL_HI_BALANCE, 'yyyy-MM-dd')","1","1","0","0","0","0","0","0","0","71","2023-03-12 00:51:20.514","hathaipat"
"INT_L_FLTC_EDW_ACCOUNT_MASTER","CM_DTE_LST_MAINT","to_date(FLTC_ACCOUNT_MASTER_1_0.CM_DTE_LST_MAINT, 'yyyy-MM-dd')","1","1","0","0","0","0","0","0","0","72","2023-03-12 00:51:20.514","hathaipat"
"INT_L_FLTC_EDW_ACCOUNT_MASTER","CM_DTE_LST_RATE_CHG","to_date(FLTC_ACCOUNT_MASTER_1_0.CM_DTE_LST_RATE_CHG, 'yyyy-MM-dd')","1","1","0","0","0","0","0","0","0","73","2023-03-12 00:51:20.514","hathaipat"
"INT_L_FLTC_EDW_ACCOUNT_MASTER","CM_DTE_INTO_COLLECTION","to_date(FLTC_ACCOUNT_MASTER_1_0.CM_DTE_INTO_COLLECTION , 'yyyyMMdd')","1","1","0","0","0","0","0","0","0","74","2023-03-12 00:51:20.514","hathaipat"
"INT_L_FLTC_EDW_ACCOUNT_MASTER","CM_ALT_CUST_EXPIR_DTE","to_date(FLTC_ACCOUNT_MASTER_1_0.CM_ALT_CUST_EXPIR_DTE, 'yyyy-MM-dd')","1","1","0","0","0","0","0","0","0","75","2023-03-12 00:51:20.514","hathaipat"
"INT_L_FLTC_EDW_ACCOUNT_MASTER","CM_DUP_STMT_EXPIR_DTE","to_date(FLTC_ACCOUNT_MASTER_1_0.CM_DUP_STMT_EXPIR_DTE , 'yyyyMMdd')","1","1","0","0","0","0","0","0","0","76","2023-03-12 00:51:20.514","hathaipat"
"INT_L_FLTC_EDW_ACCOUNT_MASTER","CM_PYMT_TABLE_DTE","to_date(FLTC_ACCOUNT_MASTER_1_0.CM_PYMT_TABLE_DTE , 'yyyyMMdd')","1","1","0","0","0","0","0","0","0","77","2023-03-12 00:51:20.514","hathaipat"
"INT_L_FLTC_EDW_ACCOUNT_MASTER","CM_USER_DTE_1","to_date(FLTC_ACCOUNT_MASTER_1_0.CM_USER_DTE_1 , 'yyyyMMdd')","1","1","0","0","0","0","0","0","0","78","2023-03-12 00:51:20.514","hathaipat"
"INT_L_FLTC_EDW_ACCOUNT_MASTER","CM_USER_DTE_2","to_date(FLTC_ACCOUNT_MASTER_1_0.CM_USER_DTE_2 , 'yyyyMMdd')","1","1","0","0","0","0","0","0","0","79","2023-03-12 00:51:20.514","hathaipat"
"INT_L_FLTC_EDW_ACCOUNT_MASTER","CM_LATE_FEE_DATE","to_date(FLTC_ACCOUNT_MASTER_1_0.CM_LATE_FEE_DATE, 'yyyy-MM-dd')","1","1","0","0","0","0","0","0","0","80","2023-03-12 00:51:20.514","hathaipat"
"INT_L_FLTC_EDW_ACCOUNT_MASTER","CM_1ST_LATE_NOTICE_DATE","to_date(FLTC_ACCOUNT_MASTER_1_0.CM_1ST_LATE_NOTICE_DATE , 'yyyyMMdd')","1","1","0","0","0","0","0","0","0","81","2023-03-12 00:51:20.514","hathaipat"
"INT_L_FLTC_EDW_ACCOUNT_MASTER","CM_2ND_LATE_NOTICE_DATE","to_date(FLTC_ACCOUNT_MASTER_1_0.CM_2ND_LATE_NOTICE_DATE , 'yyyyMMdd')","1","1","0","0","0","0","0","0","0","82","2023-03-12 00:51:20.514","hathaipat"
"INT_L_FLTC_EDW_ACCOUNT_MASTER","CM_DTE_CHGOFF_STAT_CHANGE","to_date(FLTC_ACCOUNT_MASTER_1_0.CM_DTE_CHGOFF_STAT_CHANGE , 'yyyyMMdd')","1","1","0","0","0","0","0","0","0","83","2023-03-12 00:51:20.514","hathaipat"
"INT_L_FLTC_EDW_ACCOUNT_MASTER","CM_DTE_CR_BAL_RANGE","to_date(FLTC_ACCOUNT_MASTER_1_0.CM_DTE_CR_BAL_RANGE , 'yyyyMMdd')","1","1","0","0","0","0","0","0","0","84","2023-03-12 00:51:20.514","hathaipat"
"INT_L_FLTC_EDW_ACCOUNT_MASTER","CM_DTE_BLOCK_CODE","to_date(FLTC_ACCOUNT_MASTER_1_0.CM_DTE_BLOCK_CODE, 'yyyy-MM-dd')","1","1","0","0","0","0","0","0","0","85","2023-03-12 00:51:20.514","hathaipat"
"INT_L_FLTC_EDW_ACCOUNT_MASTER","CM_DTE_ALT_BLOCK_CODE","to_date(FLTC_ACCOUNT_MASTER_1_0.CM_DTE_ALT_BLOCK_CODE, 'yyyy-MM-dd')","1","1","0","0","0","0","0","0","0","86","2023-03-12 00:51:20.514","hathaipat"
"INT_L_FLTC_EDW_ACCOUNT_MASTER","CM_LST_CRLIMIT","FLTC_ACCOUNT_MASTER_1_0.CM_LST_CRLIMIT","0","1","0","0","0","0","0","0","0","87","2023-03-12 00:51:20.514","hathaipat"
"INT_L_FLTC_EDW_ACCOUNT_MASTER","CM_HI_BALANCE","FLTC_ACCOUNT_MASTER_1_0.CM_HI_BALANCE","0","1","0","0","0","0","0","0","0","88","2023-03-12 00:51:20.514","hathaipat"
"INT_L_FLTC_EDW_ACCOUNT_MASTER","CM_PYMT_TABLE_HI_BAL","FLTC_ACCOUNT_MASTER_1_0.CM_PYMT_TABLE_HI_BAL","0","1","0","0","0","0","0","0","0","89","2023-03-12 00:51:20.514","hathaipat"
"INT_L_FLTC_EDW_ACCOUNT_MASTER","CM_NMBR_RTN_CHECKS","FLTC_ACCOUNT_MASTER_1_0.CM_NMBR_RTN_CHECKS","0","1","0","0","0","0","0","0","0","90","2023-03-12 00:51:20.514","hathaipat"
"INT_L_FLTC_EDW_ACCOUNT_MASTER","CM_MONTHS_BALANCE","FLTC_ACCOUNT_MASTER_1_0.CM_MONTHS_BALANCE","0","1","0","0","0","0","0","0","0","91","2023-03-12 00:51:20.514","hathaipat"
"INT_L_FLTC_EDW_ACCOUNT_MASTER","CM_MONTHS_PURCHASE","FLTC_ACCOUNT_MASTER_1_0.CM_MONTHS_PURCHASE","0","1","0","0","0","0","0","0","0","92","2023-03-12 00:51:20.514","hathaipat"
"INT_L_FLTC_EDW_ACCOUNT_MASTER","CM_HISTORY","LEFT(CM_HISTORY,48)","1","1","0","0","0","0","0","0","0","93","2023-03-12 00:51:20.514","Common_Team"
"INT_L_FLTC_EDW_ACCOUNT_MASTER","CM_COLL_HISTORY_FLAG","LEFT(CM_COLL_HISTORY_FLAG,1)","1","1","0","0","0","0","0","0","0","94","2023-03-12 00:51:20.514","Common_Team"
"INT_L_FLTC_EDW_ACCOUNT_MASTER","CM_OL_FLAG","FLTC_ACCOUNT_MASTER_1_0.CM_OL_FLAG","0","1","0","0","0","0","0","0","0","95","2023-03-12 00:51:20.514","hathaipat"
"INT_L_FLTC_EDW_ACCOUNT_MASTER","CM_CC_REASON","LEFT(CM_CC_REASON,1)","1","1","0","0","0","0","0","0","0","96","2023-03-12 00:51:20.514","Common_Team"
"INT_L_FLTC_EDW_ACCOUNT_MASTER","CM_OL_AMT_DUE","FLTC_ACCOUNT_MASTER_1_0.CM_OL_AMT_DUE","0","1","0","0","0","0","0","0","0","97","2023-03-12 00:51:20.514","hathaipat"
"INT_L_FLTC_EDW_ACCOUNT_MASTER","CM_CC_RESTRUCTURE_BAL","FLTC_ACCOUNT_MASTER_1_0.CM_CC_RESTRUCTURE_BAL","0","1","0","0","0","0","0","0","0","98","2023-03-12 00:51:20.514","hathaipat"
"INT_L_FLTC_EDW_ACCOUNT_MASTER","CM_CHGOFF_RSN_CD_1","LEFT(CM_CHGOFF_RSN_CD_1,1)","1","1","0","0","0","0","0","0","0","99","2023-03-12 00:51:20.514","Common_Team"
"INT_L_FLTC_EDW_ACCOUNT_MASTER","CM_CHGOFF_RSN_CD_2","LEFT(CM_CHGOFF_RSN_CD_2,1)","1","1","0","0","0","0","0","0","0","100","2023-03-12 00:51:20.514","Common_Team"
"INT_L_FLTC_EDW_ACCOUNT_MASTER","CM_PYMT_SKIP_FLAG","FLTC_ACCOUNT_MASTER_1_0.CM_PYMT_SKIP_FLAG","0","1","0","0","0","0","0","0","0","101","2023-03-12 00:51:20.514","hathaipat"
"INT_L_FLTC_EDW_ACCOUNT_MASTER","CM_PYMT_FLAG","FLTC_ACCOUNT_MASTER_1_0.CM_PYMT_FLAG","0","1","0","0","0","0","0","0","0","102","2023-03-12 00:51:20.514","hathaipat"
"INT_L_FLTC_EDW_ACCOUNT_MASTER","CM_ACH_FLAG","FLTC_ACCOUNT_MASTER_1_0.CM_ACH_FLAG","0","1","0","0","0","0","0","0","0","103","2023-03-12 00:51:20.514","hathaipat"
"INT_L_FLTC_EDW_ACCOUNT_MASTER","CM_FIXED_PYMT_AMNT","FLTC_ACCOUNT_MASTER_1_0.CM_FIXED_PYMT_AMNT","0","1","0","0","0","0","0","0","0","104","2023-03-12 00:51:20.514","hathaipat"
"INT_L_FLTC_EDW_ACCOUNT_MASTER","CM_ACH_RT_NMBR","LEFT(CM_ACH_RT_NMBR,9)","1","1","0","0","0","0","0","0","0","105","2023-03-12 00:51:20.514","Common_Team"
"INT_L_FLTC_EDW_ACCOUNT_MASTER","CM_ACH_DB_NMBR","LEFT(CM_ACH_DB_NMBR,16)","1","1","0","0","0","0","0","0","0","106","2023-03-12 00:51:20.514","Common_Team"
"INT_L_FLTC_EDW_ACCOUNT_MASTER","CM_BEG_CYCLE_DUE","FLTC_ACCOUNT_MASTER_1_0.CM_BEG_CYCLE_DUE","0","1","0","0","0","0","0","0","0","107","2023-03-12 00:51:20.514","hathaipat"
"INT_L_FLTC_EDW_ACCOUNT_MASTER","CM_CYCLE_DUE","FLTC_ACCOUNT_MASTER_1_0.CM_CYCLE_DUE","0","1","0","0","0","0","0","0","0","108","2023-03-12 00:51:20.514","hathaipat"
"INT_L_FLTC_EDW_ACCOUNT_MASTER","CM_AMNT_PREPAID","FLTC_ACCOUNT_MASTER_1_0.CM_AMNT_PREPAID","0","1","0","0","0","0","0","0","0","109","2023-03-12 00:51:20.514","hathaipat"
"INT_L_FLTC_EDW_ACCOUNT_MASTER","CM_TOTAL_AMNT_DUE","FLTC_ACCOUNT_MASTER_1_0.CM_TOTAL_AMNT_DUE","0","1","0","0","0","0","0","0","0","110","2023-03-12 00:51:20.514","hathaipat"
"INT_L_FLTC_EDW_ACCOUNT_MASTER","CM_REAGE_REQUEST","LEFT(CM_REAGE_REQUEST,1)","1","1","0","0","0","0","0","0","0","111","2023-03-12 00:51:20.514","Common_Team"
"INT_L_FLTC_EDW_ACCOUNT_MASTER","CM_DTE_LST_REAGE","to_date(FLTC_ACCOUNT_MASTER_1_0.CM_DTE_LST_REAGE , 'yyyyMMdd')","1","1","0","0","0","0","0","0","0","112","2023-03-12 00:51:20.514","hathaipat"
"INT_L_FLTC_EDW_ACCOUNT_MASTER","CM_CURR_DUE","FLTC_ACCOUNT_MASTER_1_0.CM_CURR_DUE","0","1","0","0","0","0","0","0","0","113","2023-03-12 00:51:20.514","hathaipat"
"INT_L_FLTC_EDW_ACCOUNT_MASTER","CM_PAST_DUE","FLTC_ACCOUNT_MASTER_1_0.CM_PAST_DUE","0","1","0","0","0","0","0","0","0","114","2023-03-12 00:51:20.514","hathaipat"
"INT_L_FLTC_EDW_ACCOUNT_MASTER","CM_30DAYS_DELQ","FLTC_ACCOUNT_MASTER_1_0.CM_30DAYS_DELQ","0","1","0","0","0","0","0","0","0","115","2023-03-12 00:51:20.514","hathaipat"
"INT_L_FLTC_EDW_ACCOUNT_MASTER","CM_60DAYS_DELQ","FLTC_ACCOUNT_MASTER_1_0.CM_60DAYS_DELQ","0","1","0","0","0","0","0","0","0","116","2023-03-12 00:51:20.514","hathaipat"
"INT_L_FLTC_EDW_ACCOUNT_MASTER","CM_90DAYS_DELQ","FLTC_ACCOUNT_MASTER_1_0.CM_90DAYS_DELQ","0","1","0","0","0","0","0","0","0","117","2023-03-12 00:51:20.514","hathaipat"
"INT_L_FLTC_EDW_ACCOUNT_MASTER","CM_120DAYS_DELQ","FLTC_ACCOUNT_MASTER_1_0.CM_120DAYS_DELQ","0","1","0","0","0","0","0","0","0","118","2023-03-12 00:51:20.514","hathaipat"
"INT_L_FLTC_EDW_ACCOUNT_MASTER","CM_150DAYS_DELQ","FLTC_ACCOUNT_MASTER_1_0.CM_150DAYS_DELQ","0","1","0","0","0","0","0","0","0","119","2023-03-12 00:51:20.514","hathaipat"
"INT_L_FLTC_EDW_ACCOUNT_MASTER","CM_180DAYS_DELQ","FLTC_ACCOUNT_MASTER_1_0.CM_180DAYS_DELQ","0","1","0","0","0","0","0","0","0","120","2023-03-12 00:51:20.514","hathaipat"
"INT_L_FLTC_EDW_ACCOUNT_MASTER","CM_210DAYS_DELQ","FLTC_ACCOUNT_MASTER_1_0.CM_210DAYS_DELQ","0","1","0","0","0","0","0","0","0","121","2023-03-12 00:51:20.514","hathaipat"
"INT_L_FLTC_EDW_ACCOUNT_MASTER","CM_DELQ_COUNTER_1","FLTC_ACCOUNT_MASTER_1_0.CM_DELQ_COUNTER_1","0","1","0","0","0","0","0","0","0","122","2023-03-12 00:51:20.514","hathaipat"
"INT_L_FLTC_EDW_ACCOUNT_MASTER","CM_DELQ_COUNTER_2","FLTC_ACCOUNT_MASTER_1_0.CM_DELQ_COUNTER_2","0","1","0","0","0","0","0","0","0","123","2023-03-12 00:51:20.514","hathaipat"
"INT_L_FLTC_EDW_ACCOUNT_MASTER","CM_DELQ_COUNTER_3","FLTC_ACCOUNT_MASTER_1_0.CM_DELQ_COUNTER_3","0","1","0","0","0","0","0","0","0","124","2023-03-12 00:51:20.514","hathaipat"
"INT_L_FLTC_EDW_ACCOUNT_MASTER","CM_DELQ_COUNTER_4","FLTC_ACCOUNT_MASTER_1_0.CM_DELQ_COUNTER_4","0","1","0","0","0","0","0","0","0","125","2023-03-12 00:51:20.514","hathaipat"
"INT_L_FLTC_EDW_ACCOUNT_MASTER","CM_DELQ_COUNTER_5","FLTC_ACCOUNT_MASTER_1_0.CM_DELQ_COUNTER_5","0","1","0","0","0","0","0","0","0","126","2023-03-12 00:51:20.514","hathaipat"
"INT_L_FLTC_EDW_ACCOUNT_MASTER","CM_DELQ_COUNTER_6","FLTC_ACCOUNT_MASTER_1_0.CM_DELQ_COUNTER_6","0","1","0","0","0","0","0","0","0","127","2023-03-12 00:51:20.514","hathaipat"
"INT_L_FLTC_EDW_ACCOUNT_MASTER","CM_DELQ_COUNTER_7","FLTC_ACCOUNT_MASTER_1_0.CM_DELQ_COUNTER_7","0","1","0","0","0","0","0","0","0","128","2023-03-12 00:51:20.514","hathaipat"
"INT_L_FLTC_EDW_ACCOUNT_MASTER","CM_DELQ_COUNTER_8","FLTC_ACCOUNT_MASTER_1_0.CM_DELQ_COUNTER_8","0","1","0","0","0","0","0","0","0","129","2023-03-12 00:51:20.514","hathaipat"
"INT_L_FLTC_EDW_ACCOUNT_MASTER","CM_WAIVE_PREPAY","FLTC_ACCOUNT_MASTER_1_0.CM_WAIVE_PREPAY","0","1","0","0","0","0","0","0","0","130","2023-03-12 00:51:20.514","hathaipat"
"INT_L_FLTC_EDW_ACCOUNT_MASTER","CM_PREPAY_CYCLES_LEFT","FLTC_ACCOUNT_MASTER_1_0.CM_PREPAY_CYCLES_LEFT","0","1","0","0","0","0","0","0","0","131","2023-03-12 00:51:20.514","hathaipat"
"INT_L_FLTC_EDW_ACCOUNT_MASTER","CM_LAST_PYMT_SW","LEFT(CM_LAST_PYMT_SW,1)","1","1","0","0","0","0","0","0","0","132","2023-03-12 00:51:20.514","Common_Team"
"INT_L_FLTC_EDW_ACCOUNT_MASTER","CM_LAST_PYMT_AGED_COUNT","FLTC_ACCOUNT_MASTER_1_0.CM_LAST_PYMT_AGED_COUNT","0","1","0","0","0","0","0","0","0","133","2023-03-12 00:51:20.514","hathaipat"
"INT_L_FLTC_EDW_ACCOUNT_MASTER","CM_LAST_PYMT_CHANGE_1","FLTC_ACCOUNT_MASTER_1_0.CM_LAST_PYMT_CHANGE_1","0","1","0","0","0","0","0","0","0","134","2023-03-12 00:51:20.514","hathaipat"
"INT_L_FLTC_EDW_ACCOUNT_MASTER","CM_LAST_PYMT_CHANGE_2","FLTC_ACCOUNT_MASTER_1_0.CM_LAST_PYMT_CHANGE_2","0","1","0","0","0","0","0","0","0","135","2023-03-12 00:51:20.514","hathaipat"
"INT_L_FLTC_EDW_ACCOUNT_MASTER","CM_LAST_PYMT_CHANGE_3","FLTC_ACCOUNT_MASTER_1_0.CM_LAST_PYMT_CHANGE_3","0","1","0","0","0","0","0","0","0","136","2023-03-12 00:51:20.514","hathaipat"
"INT_L_FLTC_EDW_ACCOUNT_MASTER","CM_LAST_PYMT_CHANGE_4","FLTC_ACCOUNT_MASTER_1_0.CM_LAST_PYMT_CHANGE_4","0","1","0","0","0","0","0","0","0","137","2023-03-12 00:51:20.514","hathaipat"
"INT_L_FLTC_EDW_ACCOUNT_MASTER","CM_LAST_PYMT_CHANGE_5","FLTC_ACCOUNT_MASTER_1_0.CM_LAST_PYMT_CHANGE_5","0","1","0","0","0","0","0","0","0","138","2023-03-12 00:51:20.514","hathaipat"
"INT_L_FLTC_EDW_ACCOUNT_MASTER","CM_LAST_PYMT_CHANGE_6","FLTC_ACCOUNT_MASTER_1_0.CM_LAST_PYMT_CHANGE_6","0","1","0","0","0","0","0","0","0","139","2023-03-12 00:51:20.514","hathaipat"
"INT_L_FLTC_EDW_ACCOUNT_MASTER","CM_LAST_PYMT_CHANGE_7","FLTC_ACCOUNT_MASTER_1_0.CM_LAST_PYMT_CHANGE_7","0","1","0","0","0","0","0","0","0","140","2023-03-12 00:51:20.514","hathaipat"
"INT_L_FLTC_EDW_ACCOUNT_MASTER","CM_LAST_PYMT_CHANGE_8","FLTC_ACCOUNT_MASTER_1_0.CM_LAST_PYMT_CHANGE_8","0","1","0","0","0","0","0","0","0","141","2023-03-12 00:51:20.514","hathaipat"
"INT_L_FLTC_EDW_ACCOUNT_MASTER","CM_LAST_PYMT_CHANGE_9","FLTC_ACCOUNT_MASTER_1_0.CM_LAST_PYMT_CHANGE_9","0","1","0","0","0","0","0","0","0","142","2023-03-12 00:51:20.514","hathaipat"
"INT_L_FLTC_EDW_ACCOUNT_MASTER","CM_LAST_PYMT_PREPAY_CHANGE","FLTC_ACCOUNT_MASTER_1_0.CM_LAST_PYMT_PREPAY_CHANGE","0","1","0","0","0","0","0","0","0","143","2023-03-12 00:51:20.514","hathaipat"
"INT_L_FLTC_EDW_ACCOUNT_MASTER","CM_RTL_BEG_BALANCE","FLTC_ACCOUNT_MASTER_1_0.CM_RTL_BEG_BALANCE","0","1","0","0","0","0","0","0","0","144","2023-03-12 00:51:20.514","hathaipat"
"INT_L_FLTC_EDW_ACCOUNT_MASTER","CM_RTL_AMNT_DB","FLTC_ACCOUNT_MASTER_1_0.CM_RTL_AMNT_DB","0","1","0","0","0","0","0","0","0","145","2023-03-12 00:51:20.514","hathaipat"
"INT_L_FLTC_EDW_ACCOUNT_MASTER","CM_RTL_AMNT_CR","FLTC_ACCOUNT_MASTER_1_0.CM_RTL_AMNT_CR","0","1","0","0","0","0","0","0","0","146","2023-03-12 00:51:20.514","hathaipat"
"INT_L_FLTC_EDW_ACCOUNT_MASTER","CM_RTL_BALANCE","FLTC_ACCOUNT_MASTER_1_0.CM_RTL_BALANCE","0","1","0","0","0","0","0","0","0","147","2023-03-12 00:51:20.514","hathaipat"
"INT_L_FLTC_EDW_ACCOUNT_MASTER","CM_RTL_IBNP","FLTC_ACCOUNT_MASTER_1_0.CM_RTL_IBNP","0","1","0","0","0","0","0","0","0","148","2023-03-12 00:51:20.514","hathaipat"
"INT_L_FLTC_EDW_ACCOUNT_MASTER","CM_RTL_SVC_BNP","FLTC_ACCOUNT_MASTER_1_0.CM_RTL_SVC_BNP","0","1","0","0","0","0","0","0","0","149","2023-03-12 00:51:20.514","hathaipat"
"INT_L_FLTC_EDW_ACCOUNT_MASTER","CM_RTL_SVC_CTD","FLTC_ACCOUNT_MASTER_1_0.CM_RTL_SVC_CTD","0","1","0","0","0","0","0","0","0","150","2023-03-12 00:51:20.514","hathaipat"
"INT_L_FLTC_EDW_ACCOUNT_MASTER","CM_RTL_MISC_FEES","FLTC_ACCOUNT_MASTER_1_0.CM_RTL_MISC_FEES","0","1","0","0","0","0","0","0","0","151","2023-03-12 00:51:20.514","hathaipat"
"INT_L_FLTC_EDW_ACCOUNT_MASTER","CM_RTL_INSUR_BNP","FLTC_ACCOUNT_MASTER_1_0.CM_RTL_INSUR_BNP","0","1","0","0","0","0","0","0","0","152","2023-03-12 00:51:20.514","hathaipat"
"INT_L_FLTC_EDW_ACCOUNT_MASTER","CM_RTL_INSUR_CTD","FLTC_ACCOUNT_MASTER_1_0.CM_RTL_INSUR_CTD","0","1","0","0","0","0","0","0","0","153","2023-03-12 00:51:20.514","hathaipat"
"INT_L_FLTC_EDW_ACCOUNT_MASTER","CM_RTL_MEMBER_BNP","FLTC_ACCOUNT_MASTER_1_0.CM_RTL_MEMBER_BNP","0","1","0","0","0","0","0","0","0","154","2023-03-12 00:51:20.514","hathaipat"
"INT_L_FLTC_EDW_ACCOUNT_MASTER","CM_RTL_MEMBER_CTD","FLTC_ACCOUNT_MASTER_1_0.CM_RTL_MEMBER_CTD","0","1","0","0","0","0","0","0","0","155","2023-03-12 00:51:20.514","hathaipat"
"INT_L_FLTC_EDW_ACCOUNT_MASTER","CM_RTL_MISC_CTD","FLTC_ACCOUNT_MASTER_1_0.CM_RTL_MISC_CTD","0","1","0","0","0","0","0","0","0","156","2023-03-12 00:51:20.514","hathaipat"
"INT_L_FLTC_EDW_ACCOUNT_MASTER","CM_RTL_DISPUTED_BAL","FLTC_ACCOUNT_MASTER_1_0.CM_RTL_DISPUTED_BAL","0","1","0","0","0","0","0","0","0","157","2023-03-12 00:51:20.514","hathaipat"
"INT_L_FLTC_EDW_ACCOUNT_MASTER","CM_RTL_CURR_MON_BAL","FLTC_ACCOUNT_MASTER_1_0.CM_RTL_CURR_MON_BAL","0","1","0","0","0","0","0","0","0","158","2023-03-12 00:51:20.514","hathaipat"
"INT_L_FLTC_EDW_ACCOUNT_MASTER","CM_RTL_ACCRUED_INTR","FLTC_ACCOUNT_MASTER_1_0.CM_RTL_ACCRUED_INTR","0","1","0","0","0","0","0","0","0","159","2023-03-12 00:51:20.514","hathaipat"
"INT_L_FLTC_EDW_ACCOUNT_MASTER","CM_RTL_NMBR_DB","FLTC_ACCOUNT_MASTER_1_0.CM_RTL_NMBR_DB","0","1","0","0","0","0","0","0","0","160","2023-03-12 00:51:20.514","hathaipat"
"INT_L_FLTC_EDW_ACCOUNT_MASTER","CM_RTL_NMBR_CR","FLTC_ACCOUNT_MASTER_1_0.CM_RTL_NMBR_CR","0","1","0","0","0","0","0","0","0","161","2023-03-12 00:51:20.514","hathaipat"
"INT_L_FLTC_EDW_ACCOUNT_MASTER","CM_RTL_PYMT_CTD","FLTC_ACCOUNT_MASTER_1_0.CM_RTL_PYMT_CTD","0","1","0","0","0","0","0","0","0","162","2023-03-12 00:51:20.514","hathaipat"
"INT_L_FLTC_EDW_ACCOUNT_MASTER","CM_RTL_YTD_INTR_BILLED","FLTC_ACCOUNT_MASTER_1_0.CM_RTL_YTD_INTR_BILLED","0","1","0","0","0","0","0","0","0","163","2023-03-12 00:51:20.514","hathaipat"
"INT_L_FLTC_EDW_ACCOUNT_MASTER","CM_RTL_IBNP_LST_STMT","FLTC_ACCOUNT_MASTER_1_0.CM_RTL_IBNP_LST_STMT","0","1","0","0","0","0","0","0","0","164","2023-03-12 00:51:20.514","hathaipat"
"INT_L_FLTC_EDW_ACCOUNT_MASTER","CM_RTL_YTD_INTR_PAID","FLTC_ACCOUNT_MASTER_1_0.CM_RTL_YTD_INTR_PAID","0","1","0","0","0","0","0","0","0","165","2023-03-12 00:51:20.514","hathaipat"
"INT_L_FLTC_EDW_ACCOUNT_MASTER","CM_RTL_LST_YTD_INTR_PAID","FLTC_ACCOUNT_MASTER_1_0.CM_RTL_LST_YTD_INTR_PAID","0","1","0","0","0","0","0","0","0","166","2023-03-12 00:51:20.514","hathaipat"
"INT_L_FLTC_EDW_ACCOUNT_MASTER","CM_RTL_AMNT_PYMT_REV","FLTC_ACCOUNT_MASTER_1_0.CM_RTL_AMNT_PYMT_REV","0","1","0","0","0","0","0","0","0","167","2023-03-12 00:51:20.514","hathaipat"
"INT_L_FLTC_EDW_ACCOUNT_MASTER","CM_RTL_STD_INTR","FLTC_ACCOUNT_MASTER_1_0.CM_RTL_STD_INTR","0","1","0","0","0","0","0","0","0","168","2023-03-12 00:51:20.514","hathaipat"
"INT_L_FLTC_EDW_ACCOUNT_MASTER","CM_RTL_PROVIS_BAL","FLTC_ACCOUNT_MASTER_1_0.CM_RTL_PROVIS_BAL","0","1","0","0","0","0","0","0","0","169","2023-03-12 00:51:20.514","hathaipat"
"INT_L_FLTC_EDW_ACCOUNT_MASTER","CM_RTL_PROVIS_INTR","FLTC_ACCOUNT_MASTER_1_0.CM_RTL_PROVIS_INTR","0","1","0","0","0","0","0","0","0","170","2023-03-12 00:51:20.514","hathaipat"
"INT_L_FLTC_EDW_ACCOUNT_MASTER","CM_RTL_NEG_PROVIS_INTR","FLTC_ACCOUNT_MASTER_1_0.CM_RTL_NEG_PROVIS_INTR","0","1","0","0","0","0","0","0","0","171","2023-03-12 00:51:20.514","hathaipat"
"INT_L_FLTC_EDW_ACCOUNT_MASTER","CM_RTL_NEG_ANTICI_INTR","FLTC_ACCOUNT_MASTER_1_0.CM_RTL_NEG_ANTICI_INTR","0","1","0","0","0","0","0","0","0","172","2023-03-12 00:51:20.514","hathaipat"
"INT_L_FLTC_EDW_ACCOUNT_MASTER","CM_RTL_NEG_ANTICI_BAL","FLTC_ACCOUNT_MASTER_1_0.CM_RTL_NEG_ANTICI_BAL","0","1","0","0","0","0","0","0","0","173","2023-03-12 00:51:20.514","hathaipat"
"INT_L_FLTC_EDW_ACCOUNT_MASTER","CM_RTL_NEG_PROVIS_BAL","FLTC_ACCOUNT_MASTER_1_0.CM_RTL_NEG_PROVIS_BAL","0","1","0","0","0","0","0","0","0","174","2023-03-12 00:51:20.514","hathaipat"
"INT_L_FLTC_EDW_ACCOUNT_MASTER","CM_RTL1_DISPUTED_BAL","FLTC_ACCOUNT_MASTER_1_0.CM_RTL1_DISPUTED_BAL","0","1","0","0","0","0","0","0","0","175","2023-03-12 00:51:20.514","hathaipat"
"INT_L_FLTC_EDW_ACCOUNT_MASTER","CM_RTL2_DISPUTED_BAL","FLTC_ACCOUNT_MASTER_1_0.CM_RTL2_DISPUTED_BAL","0","1","0","0","0","0","0","0","0","176","2023-03-12 00:51:20.514","hathaipat"
"INT_L_FLTC_EDW_ACCOUNT_MASTER","CM_RTL3_DISPUTED_BAL","FLTC_ACCOUNT_MASTER_1_0.CM_RTL3_DISPUTED_BAL","0","1","0","0","0","0","0","0","0","177","2023-03-12 00:51:20.514","hathaipat"
"INT_L_FLTC_EDW_ACCOUNT_MASTER","CM_RTL1_PROVIS_BAL","FLTC_ACCOUNT_MASTER_1_0.CM_RTL1_PROVIS_BAL","0","1","0","0","0","0","0","0","0","178","2023-03-12 00:51:20.514","hathaipat"
"INT_L_FLTC_EDW_ACCOUNT_MASTER","CM_RTL2_PROVIS_BAL","FLTC_ACCOUNT_MASTER_1_0.CM_RTL2_PROVIS_BAL","0","1","0","0","0","0","0","0","0","179","2023-03-12 00:51:20.514","hathaipat"
"INT_L_FLTC_EDW_ACCOUNT_MASTER","CM_RTL3_PROVIS_BAL","FLTC_ACCOUNT_MASTER_1_0.CM_RTL3_PROVIS_BAL","0","1","0","0","0","0","0","0","0","180","2023-03-12 00:51:20.514","hathaipat"
"INT_L_FLTC_EDW_ACCOUNT_MASTER","CM_RTL1_NEG_ANTICI_BAL","FLTC_ACCOUNT_MASTER_1_0.CM_RTL1_NEG_ANTICI_BAL","0","1","0","0","0","0","0","0","0","181","2023-03-12 00:51:20.514","hathaipat"
"INT_L_FLTC_EDW_ACCOUNT_MASTER","CM_RTL2_NEG_ANTICI_BAL","FLTC_ACCOUNT_MASTER_1_0.CM_RTL2_NEG_ANTICI_BAL","0","1","0","0","0","0","0","0","0","182","2023-03-12 00:51:20.514","hathaipat"
"INT_L_FLTC_EDW_ACCOUNT_MASTER","CM_RTL3_NEG_ANTICI_BAL","FLTC_ACCOUNT_MASTER_1_0.CM_RTL3_NEG_ANTICI_BAL","0","1","0","0","0","0","0","0","0","183","2023-03-12 00:51:20.514","hathaipat"
"INT_L_FLTC_EDW_ACCOUNT_MASTER","CM_RTL1_NEG_PROVIS_BAL","FLTC_ACCOUNT_MASTER_1_0.CM_RTL1_NEG_PROVIS_BAL","0","1","0","0","0","0","0","0","0","184","2023-03-12 00:51:20.514","hathaipat"
"INT_L_FLTC_EDW_ACCOUNT_MASTER","CM_RTL2_NEG_PROVIS_BAL","FLTC_ACCOUNT_MASTER_1_0.CM_RTL2_NEG_PROVIS_BAL","0","1","0","0","0","0","0","0","0","185","2023-03-12 00:51:20.514","hathaipat"
"INT_L_FLTC_EDW_ACCOUNT_MASTER","CM_RTL3_NEG_PROVIS_BAL","FLTC_ACCOUNT_MASTER_1_0.CM_RTL3_NEG_PROVIS_BAL","0","1","0","0","0","0","0","0","0","186","2023-03-12 00:51:20.514","hathaipat"
"INT_L_FLTC_EDW_ACCOUNT_MASTER","CM_RTL1_BALANCE","FLTC_ACCOUNT_MASTER_1_0.CM_RTL1_BALANCE","0","1","0","0","0","0","0","0","0","187","2023-03-12 00:51:20.514","hathaipat"
"INT_L_FLTC_EDW_ACCOUNT_MASTER","CM_RTL2_BALANCE","FLTC_ACCOUNT_MASTER_1_0.CM_RTL2_BALANCE","0","1","0","0","0","0","0","0","0","188","2023-03-12 00:51:20.514","hathaipat"
"INT_L_FLTC_EDW_ACCOUNT_MASTER","CM_RTL3_BALANCE","FLTC_ACCOUNT_MASTER_1_0.CM_RTL3_BALANCE","0","1","0","0","0","0","0","0","0","189","2023-03-12 00:51:20.514","hathaipat"
"INT_L_FLTC_EDW_ACCOUNT_MASTER","CM_RTL1_BALANCE_STMT","FLTC_ACCOUNT_MASTER_1_0.CM_RTL1_BALANCE_STMT","0","1","0","0","0","0","0","0","0","190","2023-03-12 00:51:20.514","hathaipat"
"INT_L_FLTC_EDW_ACCOUNT_MASTER","CM_RTL2_BALANCE_STMT","FLTC_ACCOUNT_MASTER_1_0.CM_RTL2_BALANCE_STMT","0","1","0","0","0","0","0","0","0","191","2023-03-12 00:51:20.514","hathaipat"
"INT_L_FLTC_EDW_ACCOUNT_MASTER","CM_RTL3_BALANCE_STMT","FLTC_ACCOUNT_MASTER_1_0.CM_RTL3_BALANCE_STMT","0","1","0","0","0","0","0","0","0","192","2023-03-12 00:51:20.514","hathaipat"
"INT_L_FLTC_EDW_ACCOUNT_MASTER","CM_RTL1_FEE","FLTC_ACCOUNT_MASTER_1_0.CM_RTL1_FEE","0","1","0","0","0","0","0","0","0","193","2023-03-12 00:51:20.514","hathaipat"
"INT_L_FLTC_EDW_ACCOUNT_MASTER","CM_RTL2_FEE","FLTC_ACCOUNT_MASTER_1_0.CM_RTL2_FEE","0","1","0","0","0","0","0","0","0","194","2023-03-12 00:51:20.514","hathaipat"
"INT_L_FLTC_EDW_ACCOUNT_MASTER","CM_RTL3_FEE","FLTC_ACCOUNT_MASTER_1_0.CM_RTL3_FEE","0","1","0","0","0","0","0","0","0","195","2023-03-12 00:51:20.514","hathaipat"
"INT_L_FLTC_EDW_ACCOUNT_MASTER","CM_RTL1_FEE_CTD","FLTC_ACCOUNT_MASTER_1_0.CM_RTL1_FEE_CTD","0","1","0","0","0","0","0","0","0","196","2023-03-12 00:51:20.514","hathaipat"
"INT_L_FLTC_EDW_ACCOUNT_MASTER","CM_RTL2_FEE_CTD","FLTC_ACCOUNT_MASTER_1_0.CM_RTL2_FEE_CTD","0","1","0","0","0","0","0","0","0","197","2023-03-12 00:51:20.514","hathaipat"
"INT_L_FLTC_EDW_ACCOUNT_MASTER","CM_RTL3_FEE_CTD","FLTC_ACCOUNT_MASTER_1_0.CM_RTL3_FEE_CTD","0","1","0","0","0","0","0","0","0","198","2023-03-12 00:51:20.514","hathaipat"
"INT_L_FLTC_EDW_ACCOUNT_MASTER","CM_RTL1_STMT_BILLING","FLTC_ACCOUNT_MASTER_1_0.CM_RTL1_STMT_BILLING","0","1","0","0","0","0","0","0","0","199","2023-03-12 00:51:20.514","hathaipat"
"INT_L_FLTC_EDW_ACCOUNT_MASTER","CM_RTL2_STMT_BILLING","FLTC_ACCOUNT_MASTER_1_0.CM_RTL2_STMT_BILLING","0","1","0","0","0","0","0","0","0","200","2023-03-12 00:51:20.514","hathaipat"
"INT_L_FLTC_EDW_ACCOUNT_MASTER","CM_RTL3_STMT_BILLING","FLTC_ACCOUNT_MASTER_1_0.CM_RTL3_STMT_BILLING","0","1","0","0","0","0","0","0","0","201","2023-03-12 00:51:20.514","hathaipat"
"INT_L_FLTC_EDW_ACCOUNT_MASTER","CM_RTL1_CURR_MON_BAL","FLTC_ACCOUNT_MASTER_1_0.CM_RTL1_CURR_MON_BAL","0","1","0","0","0","0","0","0","0","202","2023-03-12 00:51:20.514","hathaipat"
"INT_L_FLTC_EDW_ACCOUNT_MASTER","CM_RTL2_CURR_MON_BAL","FLTC_ACCOUNT_MASTER_1_0.CM_RTL2_CURR_MON_BAL","0","1","0","0","0","0","0","0","0","203","2023-03-12 00:51:20.514","hathaipat"
"INT_L_FLTC_EDW_ACCOUNT_MASTER","CM_RTL3_CURR_MON_BAL","FLTC_ACCOUNT_MASTER_1_0.CM_RTL3_CURR_MON_BAL","0","1","0","0","0","0","0","0","0","204","2023-03-12 00:51:20.514","hathaipat"
"INT_L_FLTC_EDW_ACCOUNT_MASTER","CM_CASH_BEG_BALANCE","FLTC_ACCOUNT_MASTER_1_0.CM_CASH_BEG_BALANCE","0","1","0","0","0","0","0","0","0","205","2023-03-12 00:51:20.514","hathaipat"
"INT_L_FLTC_EDW_ACCOUNT_MASTER","CM_CASH_AMNT_DB","FLTC_ACCOUNT_MASTER_1_0.CM_CASH_AMNT_DB","0","1","0","0","0","0","0","0","0","206","2023-03-12 00:51:20.514","hathaipat"
"INT_L_FLTC_EDW_ACCOUNT_MASTER","CM_CASH_AMNT_CR","FLTC_ACCOUNT_MASTER_1_0.CM_CASH_AMNT_CR","0","1","0","0","0","0","0","0","0","207","2023-03-12 00:51:20.514","hathaipat"
"INT_L_FLTC_EDW_ACCOUNT_MASTER","CM_CASH_BALANCE","FLTC_ACCOUNT_MASTER_1_0.CM_CASH_BALANCE","0","1","0","0","0","0","0","0","0","208","2023-03-12 00:51:20.514","hathaipat"
"INT_L_FLTC_EDW_ACCOUNT_MASTER","CM_CASH_IBNP","FLTC_ACCOUNT_MASTER_1_0.CM_CASH_IBNP","0","1","0","0","0","0","0","0","0","209","2023-03-12 00:51:20.514","hathaipat"
"INT_L_FLTC_EDW_ACCOUNT_MASTER","CM_CASH_SVC_BNP","FLTC_ACCOUNT_MASTER_1_0.CM_CASH_SVC_BNP","0","1","0","0","0","0","0","0","0","210","2023-03-12 00:51:20.514","hathaipat"
"INT_L_FLTC_EDW_ACCOUNT_MASTER","CM_CASH_SVC_CTD","FLTC_ACCOUNT_MASTER_1_0.CM_CASH_SVC_CTD","0","1","0","0","0","0","0","0","0","211","2023-03-12 00:51:20.514","hathaipat"
"INT_L_FLTC_EDW_ACCOUNT_MASTER","CM_CASH_DISPUTED_BAL","FLTC_ACCOUNT_MASTER_1_0.CM_CASH_DISPUTED_BAL","0","1","0","0","0","0","0","0","0","212","2023-03-12 00:51:20.514","hathaipat"
"INT_L_FLTC_EDW_ACCOUNT_MASTER","CM_CASH_CURR_MON_BAL","FLTC_ACCOUNT_MASTER_1_0.CM_CASH_CURR_MON_BAL","0","1","0","0","0","0","0","0","0","213","2023-03-12 00:51:20.514","hathaipat"
"INT_L_FLTC_EDW_ACCOUNT_MASTER","CM_CASH_ACCRUED_INTR","FLTC_ACCOUNT_MASTER_1_0.CM_CASH_ACCRUED_INTR","0","1","0","0","0","0","0","0","0","214","2023-03-12 00:51:20.514","hathaipat"
"INT_L_FLTC_EDW_ACCOUNT_MASTER","CM_CASH_NMBR_DB","FLTC_ACCOUNT_MASTER_1_0.CM_CASH_NMBR_DB","0","1","0","0","0","0","0","0","0","215","2023-03-12 00:51:20.514","hathaipat"
"INT_L_FLTC_EDW_ACCOUNT_MASTER","CM_CASH_NMBR_CR","FLTC_ACCOUNT_MASTER_1_0.CM_CASH_NMBR_CR","0","1","0","0","0","0","0","0","0","216","2023-03-12 00:51:20.514","hathaipat"
"INT_L_FLTC_EDW_ACCOUNT_MASTER","CM_CASH_PYMT_CTD","FLTC_ACCOUNT_MASTER_1_0.CM_CASH_PYMT_CTD","0","1","0","0","0","0","0","0","0","217","2023-03-12 00:51:20.514","hathaipat"
"INT_L_FLTC_EDW_ACCOUNT_MASTER","CM_CASH_YTD_INTR_BILLED","FLTC_ACCOUNT_MASTER_1_0.CM_CASH_YTD_INTR_BILLED","0","1","0","0","0","0","0","0","0","218","2023-03-12 00:51:20.514","hathaipat"
"INT_L_FLTC_EDW_ACCOUNT_MASTER","CM_CASH_IBNP_LST_STMT","FLTC_ACCOUNT_MASTER_1_0.CM_CASH_IBNP_LST_STMT","0","1","0","0","0","0","0","0","0","219","2023-03-12 00:51:20.514","hathaipat"
"INT_L_FLTC_EDW_ACCOUNT_MASTER","CM_CASH_YTD_INTR_PAID","FLTC_ACCOUNT_MASTER_1_0.CM_CASH_YTD_INTR_PAID","0","1","0","0","0","0","0","0","0","220","2023-03-12 00:51:20.514","hathaipat"
"INT_L_FLTC_EDW_ACCOUNT_MASTER","CM_CASH_LST_YTD_INTR_PAID","FLTC_ACCOUNT_MASTER_1_0.CM_CASH_LST_YTD_INTR_PAID","0","1","0","0","0","0","0","0","0","221","2023-03-12 00:51:20.514","hathaipat"
"INT_L_FLTC_EDW_ACCOUNT_MASTER","CM_CASH_AMNT_PYMT_REV","FLTC_ACCOUNT_MASTER_1_0.CM_CASH_AMNT_PYMT_REV","0","1","0","0","0","0","0","0","0","222","2023-03-12 00:51:20.514","hathaipat"
"INT_L_FLTC_EDW_ACCOUNT_MASTER","CM_CASH_STD_INTR","FLTC_ACCOUNT_MASTER_1_0.CM_CASH_STD_INTR","0","1","0","0","0","0","0","0","0","223","2023-03-12 00:51:20.514","hathaipat"
"INT_L_FLTC_EDW_ACCOUNT_MASTER","CM_CASH1_DISPUTED_BAL","FLTC_ACCOUNT_MASTER_1_0.CM_CASH1_DISPUTED_BAL","0","1","0","0","0","0","0","0","0","224","2023-03-12 00:51:20.514","hathaipat"
"INT_L_FLTC_EDW_ACCOUNT_MASTER","CM_CASH2_DISPUTED_BAL","FLTC_ACCOUNT_MASTER_1_0.CM_CASH2_DISPUTED_BAL","0","1","0","0","0","0","0","0","0","225","2023-03-12 00:51:20.514","hathaipat"
"INT_L_FLTC_EDW_ACCOUNT_MASTER","CM_CASH1_BALANCE","FLTC_ACCOUNT_MASTER_1_0.CM_CASH1_BALANCE","0","1","0","0","0","0","0","0","0","226","2023-03-12 00:51:20.514","hathaipat"
"INT_L_FLTC_EDW_ACCOUNT_MASTER","CM_CASH2_BALANCE","FLTC_ACCOUNT_MASTER_1_0.CM_CASH2_BALANCE","0","1","0","0","0","0","0","0","0","227","2023-03-12 00:51:20.514","hathaipat"
"INT_L_FLTC_EDW_ACCOUNT_MASTER","CM_CASH1_BALANCE_STMT","FLTC_ACCOUNT_MASTER_1_0.CM_CASH1_BALANCE_STMT","0","1","0","0","0","0","0","0","0","228","2023-03-12 00:51:20.514","hathaipat"
"INT_L_FLTC_EDW_ACCOUNT_MASTER","CM_CASH2_BALANCE_STMT","FLTC_ACCOUNT_MASTER_1_0.CM_CASH2_BALANCE_STMT","0","1","0","0","0","0","0","0","0","229","2023-03-12 00:51:20.514","hathaipat"
"INT_L_FLTC_EDW_ACCOUNT_MASTER","CM_CASH1_FEE","FLTC_ACCOUNT_MASTER_1_0.CM_CASH1_FEE","0","1","0","0","0","0","0","0","0","230","2023-03-12 00:51:20.514","hathaipat"
"INT_L_FLTC_EDW_ACCOUNT_MASTER","CM_CASH2_FEE","FLTC_ACCOUNT_MASTER_1_0.CM_CASH2_FEE","0","1","0","0","0","0","0","0","0","231","2023-03-12 00:51:20.514","hathaipat"
"INT_L_FLTC_EDW_ACCOUNT_MASTER","CM_CASH1_FEE_CTD","FLTC_ACCOUNT_MASTER_1_0.CM_CASH1_FEE_CTD","0","1","0","0","0","0","0","0","0","232","2023-03-12 00:51:20.514","hathaipat"
"INT_L_FLTC_EDW_ACCOUNT_MASTER","CM_CASH2_FEE_CTD","FLTC_ACCOUNT_MASTER_1_0.CM_CASH2_FEE_CTD","0","1","0","0","0","0","0","0","0","233","2023-03-12 00:51:20.514","hathaipat"
"INT_L_FLTC_EDW_ACCOUNT_MASTER","CM_CASH1_STMT_BILLING","FLTC_ACCOUNT_MASTER_1_0.CM_CASH1_STMT_BILLING","0","1","0","0","0","0","0","0","0","234","2023-03-12 00:51:20.514","hathaipat"
"INT_L_FLTC_EDW_ACCOUNT_MASTER","CM_CASH2_STMT_BILLING","FLTC_ACCOUNT_MASTER_1_0.CM_CASH2_STMT_BILLING","0","1","0","0","0","0","0","0","0","235","2023-03-12 00:51:20.514","hathaipat"
"INT_L_FLTC_EDW_ACCOUNT_MASTER","CM_CASH1_CURR_MON_BAL","FLTC_ACCOUNT_MASTER_1_0.CM_CASH1_CURR_MON_BAL","0","1","0","0","0","0","0","0","0","236","2023-03-12 00:51:20.514","hathaipat"
"INT_L_FLTC_EDW_ACCOUNT_MASTER","CM_CASH2_CURR_MON_BAL","FLTC_ACCOUNT_MASTER_1_0.CM_CASH2_CURR_MON_BAL","0","1","0","0","0","0","0","0","0","237","2023-03-12 00:51:20.514","hathaipat"
"INT_L_FLTC_EDW_ACCOUNT_MASTER","CM_CURR_BALANCE","FLTC_ACCOUNT_MASTER_1_0.CM_CURR_BALANCE","0","1","0","0","0","0","0","0","0","238","2023-03-12 00:51:20.514","hathaipat"
"INT_L_FLTC_EDW_ACCOUNT_MASTER","CM_AMNT_LST_DEBIT","FLTC_ACCOUNT_MASTER_1_0.CM_AMNT_LST_DEBIT","0","1","0","0","0","0","0","0","0","239","2023-03-12 00:51:20.514","hathaipat"
"INT_L_FLTC_EDW_ACCOUNT_MASTER","CM_AMNT_LST_PURCH","FLTC_ACCOUNT_MASTER_1_0.CM_AMNT_LST_PURCH","0","1","0","0","0","0","0","0","0","240","2023-03-12 00:51:20.514","hathaipat"
"INT_L_FLTC_EDW_ACCOUNT_MASTER","CM_AMNT_LST_ADV","FLTC_ACCOUNT_MASTER_1_0.CM_AMNT_LST_ADV","0","1","0","0","0","0","0","0","0","241","2023-03-12 00:51:20.514","hathaipat"
"INT_L_FLTC_EDW_ACCOUNT_MASTER","CM_AMNT_OUTST_AUTH","FLTC_ACCOUNT_MASTER_1_0.CM_AMNT_OUTST_AUTH","0","1","0","0","0","0","0","0","0","242","2023-03-12 00:51:20.514","hathaipat"
"INT_L_FLTC_EDW_ACCOUNT_MASTER","CM_NMBR_OUTST_AUTH","FLTC_ACCOUNT_MASTER_1_0.CM_NMBR_OUTST_AUTH","0","1","0","0","0","0","0","0","0","243","2023-03-12 00:51:20.514","hathaipat"
"INT_L_FLTC_EDW_ACCOUNT_MASTER","CM_AVAIL_CREDIT","FLTC_ACCOUNT_MASTER_1_0.CM_AVAIL_CREDIT","0","1","0","0","0","0","0","0","0","244","2023-03-12 00:51:20.514","hathaipat"
"INT_L_FLTC_EDW_ACCOUNT_MASTER","CM_GRACE_DAYS","FLTC_ACCOUNT_MASTER_1_0.CM_GRACE_DAYS","0","1","0","0","0","0","0","0","0","245","2023-03-12 00:51:20.514","hathaipat"
"INT_L_FLTC_EDW_ACCOUNT_MASTER","CM_LST_YTD_INTR_BILLED","FLTC_ACCOUNT_MASTER_1_0.CM_LST_YTD_INTR_BILLED","0","1","0","0","0","0","0","0","0","246","2023-03-12 00:51:20.514","hathaipat"
"INT_L_FLTC_EDW_ACCOUNT_MASTER","CM_CURR_YTD_SVC_CHRG","FLTC_ACCOUNT_MASTER_1_0.CM_CURR_YTD_SVC_CHRG","0","1","0","0","0","0","0","0","0","247","2023-03-12 00:51:20.514","hathaipat"
"INT_L_FLTC_EDW_ACCOUNT_MASTER","CM_AGGR_CASH_BALANCE","FLTC_ACCOUNT_MASTER_1_0.CM_AGGR_CASH_BALANCE","0","1","0","0","0","0","0","0","0","248","2023-03-12 00:51:20.514","hathaipat"
"INT_L_FLTC_EDW_ACCOUNT_MASTER","CM_AGGR_RTL_BALANCE","FLTC_ACCOUNT_MASTER_1_0.CM_AGGR_RTL_BALANCE","0","1","0","0","0","0","0","0","0","249","2023-03-12 00:51:20.514","hathaipat"
"INT_L_FLTC_EDW_ACCOUNT_MASTER","CM_NMBR_DISPUTED_ITEMS","FLTC_ACCOUNT_MASTER_1_0.CM_NMBR_DISPUTED_ITEMS","0","1","0","0","0","0","0","0","0","250","2023-03-12 00:51:20.514","hathaipat"
"INT_L_FLTC_EDW_ACCOUNT_MASTER","CM_AMNT_DISPUTED_ITEMS","FLTC_ACCOUNT_MASTER_1_0.CM_AMNT_DISPUTED_ITEMS","0","1","0","0","0","0","0","0","0","251","2023-03-12 00:51:20.514","hathaipat"
"INT_L_FLTC_EDW_ACCOUNT_MASTER","CM_RTL_AMNT_CHARGE_OFF","FLTC_ACCOUNT_MASTER_1_0.CM_RTL_AMNT_CHARGE_OFF","0","1","0","0","0","0","0","0","0","252","2023-03-12 00:51:20.514","hathaipat"
"INT_L_FLTC_EDW_ACCOUNT_MASTER","CM_CASH_AMNT_CHARGE_OFF","FLTC_ACCOUNT_MASTER_1_0.CM_CASH_AMNT_CHARGE_OFF","0","1","0","0","0","0","0","0","0","253","2023-03-12 00:51:20.514","hathaipat"
"INT_L_FLTC_EDW_ACCOUNT_MASTER","CM_LST_PYMT_AMNT","FLTC_ACCOUNT_MASTER_1_0.CM_LST_PYMT_AMNT","0","1","0","0","0","0","0","0","0","254","2023-03-12 00:51:20.514","hathaipat"
"INT_L_FLTC_EDW_ACCOUNT_MASTER","CM_AGGR_CASH_DAYS","FLTC_ACCOUNT_MASTER_1_0.CM_AGGR_CASH_DAYS","0","1","0","0","0","0","0","0","0","255","2023-03-12 00:51:20.514","hathaipat"
"INT_L_FLTC_EDW_ACCOUNT_MASTER","CM_AGGR_RTL_DAYS","FLTC_ACCOUNT_MASTER_1_0.CM_AGGR_RTL_DAYS","0","1","0","0","0","0","0","0","0","256","2023-03-12 00:51:20.514","hathaipat"
"INT_L_FLTC_EDW_ACCOUNT_MASTER","CM_BB_BEG_BALANCE","FLTC_ACCOUNT_MASTER_1_0.CM_BB_BEG_BALANCE","0","1","0","0","0","0","0","0","0","257","2023-03-12 00:51:20.514","hathaipat"
"INT_L_FLTC_EDW_ACCOUNT_MASTER","CM_BB_USED_CTD","FLTC_ACCOUNT_MASTER_1_0.CM_BB_USED_CTD","0","1","0","0","0","0","0","0","0","258","2023-03-12 00:51:20.514","hathaipat"
"INT_L_FLTC_EDW_ACCOUNT_MASTER","CM_CONV_BALANCE","FLTC_ACCOUNT_MASTER_1_0.CM_CONV_BALANCE","0","1","0","0","0","0","0","0","0","259","2023-03-12 00:51:20.514","hathaipat"
"INT_L_FLTC_EDW_ACCOUNT_MASTER","CM_2ND_LATE_NOTICE_COUNTER","FLTC_ACCOUNT_MASTER_1_0.CM_2ND_LATE_NOTICE_COUNTER","0","1","0","0","0","0","0","0","0","260","2023-03-12 00:51:20.514","hathaipat"
"INT_L_FLTC_EDW_ACCOUNT_MASTER","CM_AGGR_YTD_DAYS","FLTC_ACCOUNT_MASTER_1_0.CM_AGGR_YTD_DAYS","0","1","0","0","0","0","0","0","0","261","2023-03-12 00:51:20.514","hathaipat"
"INT_L_FLTC_EDW_ACCOUNT_MASTER","CM_AGGR_YTD_BALANCE","FLTC_ACCOUNT_MASTER_1_0.CM_AGGR_YTD_BALANCE","0","1","0","0","0","0","0","0","0","262","2023-03-12 00:51:20.514","hathaipat"
"INT_L_FLTC_EDW_ACCOUNT_MASTER","CM_AGGR_LST_YTD_DAYS","FLTC_ACCOUNT_MASTER_1_0.CM_AGGR_LST_YTD_DAYS","0","1","0","0","0","0","0","0","0","263","2023-03-12 00:51:20.514","hathaipat"
"INT_L_FLTC_EDW_ACCOUNT_MASTER","CM_AGGR_LST_YTD_BALANCE","FLTC_ACCOUNT_MASTER_1_0.CM_AGGR_LST_YTD_BALANCE","0","1","0","0","0","0","0","0","0","264","2023-03-12 00:51:20.514","hathaipat"
"INT_L_FLTC_EDW_ACCOUNT_MASTER","CM_TRAN_FEE_TABLE","LEFT(CM_TRAN_FEE_TABLE,3)","1","1","0","0","0","0","0","0","0","265","2023-03-12 00:51:20.514","Common_Team"
"INT_L_FLTC_EDW_ACCOUNT_MASTER","CM_CI_OPTION","FLTC_ACCOUNT_MASTER_1_0.CM_CI_OPTION","0","1","0","0","0","0","0","0","0","266","2023-03-12 00:51:20.514","hathaipat"
"INT_L_FLTC_EDW_ACCOUNT_MASTER","CM_CI_FLAG","FLTC_ACCOUNT_MASTER_1_0.CM_CI_FLAG","0","1","0","0","0","0","0","0","0","267","2023-03-12 00:51:20.514","hathaipat"
"INT_L_FLTC_EDW_ACCOUNT_MASTER","CM_CI_CHANGE_FLAG","FLTC_ACCOUNT_MASTER_1_0.CM_CI_CHANGE_FLAG","0","1","0","0","0","0","0","0","0","268","2023-03-12 00:51:20.514","hathaipat"
"INT_L_FLTC_EDW_ACCOUNT_MASTER","CM_CI_LIMIT_1","FLTC_ACCOUNT_MASTER_1_0.CM_CI_LIMIT_1","0","1","0","0","0","0","0","0","0","269","2023-03-12 00:51:20.514","hathaipat"
"INT_L_FLTC_EDW_ACCOUNT_MASTER","CM_CI_LIMIT_2","FLTC_ACCOUNT_MASTER_1_0.CM_CI_LIMIT_2","0","1","0","0","0","0","0","0","0","270","2023-03-12 00:51:20.514","hathaipat"
"INT_L_FLTC_EDW_ACCOUNT_MASTER","CM_CI_RATE_1","IFNULL(format_number(FLTC_ACCOUNT_MASTER_1_0.CM_CI_RATE_1, '0.0000000'), 0) as CM_CI_RATE_1","1","1","0","0","0","0","0","0","0","271","2023-03-12 00:51:20.514","hathaipat"
"INT_L_FLTC_EDW_ACCOUNT_MASTER","CM_CI_ADJ_1","IFNULL(format_number(FLTC_ACCOUNT_MASTER_1_0.CM_CI_ADJ_1, '0.0000000'), 0) as CM_CI_ADJ_1","1","1","0","0","0","0","0","0","0","272","2023-03-12 00:51:20.514","hathaipat"
"INT_L_FLTC_EDW_ACCOUNT_MASTER","CM_CI_RATE_2","IFNULL(format_number(FLTC_ACCOUNT_MASTER_1_0.CM_CI_RATE_2, '0.0000000'), 0) as CM_CI_RATE_2","1","1","0","0","0","0","0","0","0","273","2023-03-12 00:51:20.514","hathaipat"
"INT_L_FLTC_EDW_ACCOUNT_MASTER","CM_CI_ADJ_2","IFNULL(format_number(FLTC_ACCOUNT_MASTER_1_0.CM_CI_ADJ_2, '0.0000000'), 0) as CM_CI_ADJ_2","1","1","0","0","0","0","0","0","0","274","2023-03-12 00:51:20.514","hathaipat"
"INT_L_FLTC_EDW_ACCOUNT_MASTER","CM_CI_RATE_3","IFNULL(format_number(FLTC_ACCOUNT_MASTER_1_0.CM_CI_RATE_3, '0.0000000'), 0) as CM_CI_RATE_3","1","1","0","0","0","0","0","0","0","275","2023-03-12 00:51:20.514","hathaipat"
"INT_L_FLTC_EDW_ACCOUNT_MASTER","CM_CI_ADJ_3","IFNULL(format_number(FLTC_ACCOUNT_MASTER_1_0.CM_CI_ADJ_3, '0.0000000'), 0) as CM_CI_ADJ_3","1","1","0","0","0","0","0","0","0","276","2023-03-12 00:51:20.514","hathaipat"
"INT_L_FLTC_EDW_ACCOUNT_MASTER","CM_CI2_OPTION","FLTC_ACCOUNT_MASTER_1_0.CM_CI2_OPTION","0","1","0","0","0","0","0","0","0","277","2023-03-12 00:51:20.514","hathaipat"
"INT_L_FLTC_EDW_ACCOUNT_MASTER","CM_CI2_FLAG","FLTC_ACCOUNT_MASTER_1_0.CM_CI2_FLAG","0","1","0","0","0","0","0","0","0","278","2023-03-12 00:51:20.514","hathaipat"
"INT_L_FLTC_EDW_ACCOUNT_MASTER","CM_CI2_CHANGE_FLAG","FLTC_ACCOUNT_MASTER_1_0.CM_CI2_CHANGE_FLAG","0","1","0","0","0","0","0","0","0","279","2023-03-12 00:51:20.514","hathaipat"
"INT_L_FLTC_EDW_ACCOUNT_MASTER","CM_CI2_LIMIT_1","FLTC_ACCOUNT_MASTER_1_0.CM_CI2_LIMIT_1","0","1","0","0","0","0","0","0","0","280","2023-03-12 00:51:20.514","hathaipat"
"INT_L_FLTC_EDW_ACCOUNT_MASTER","CM_CI2_LIMIT_2","FLTC_ACCOUNT_MASTER_1_0.CM_CI2_LIMIT_2","0","1","0","0","0","0","0","0","0","281","2023-03-12 00:51:20.514","hathaipat"
"INT_L_FLTC_EDW_ACCOUNT_MASTER","CM_CI2_RATE_1","IFNULL(format_number(FLTC_ACCOUNT_MASTER_1_0.CM_CI2_RATE_1, '0.0000000'), 0) as CM_CI2_RATE_1","1","1","0","0","0","0","0","0","0","282","2023-03-12 00:51:20.514","hathaipat"
"INT_L_FLTC_EDW_ACCOUNT_MASTER","CM_CI2_ADJ_1","IFNULL(format_number(FLTC_ACCOUNT_MASTER_1_0.CM_CI2_ADJ_1, '0.0000000'), 0) as CM_CI2_ADJ_1","1","1","0","0","0","0","0","0","0","283","2023-03-12 00:51:20.514","hathaipat"
"INT_L_FLTC_EDW_ACCOUNT_MASTER","CM_CI2_RATE_2","IFNULL(format_number(FLTC_ACCOUNT_MASTER_1_0.CM_CI2_RATE_2, '0.0000000'), 0) as CM_CI2_RATE_2","1","1","0","0","0","0","0","0","0","284","2023-03-12 00:51:20.514","hathaipat"
"INT_L_FLTC_EDW_ACCOUNT_MASTER","CM_CI2_ADJ_2","IFNULL(format_number(FLTC_ACCOUNT_MASTER_1_0.CM_CI2_ADJ_2, '0.0000000'), 0) as CM_CI2_ADJ_2","1","1","0","0","0","0","0","0","0","285","2023-03-12 00:51:20.514","hathaipat"
"INT_L_FLTC_EDW_ACCOUNT_MASTER","CM_CI2_RATE_3","IFNULL(format_number(FLTC_ACCOUNT_MASTER_1_0.CM_CI2_RATE_3, '0.0000000'), 0) as CM_CI2_RATE_3","1","1","0","0","0","0","0","0","0","286","2023-03-12 00:51:20.514","hathaipat"
"INT_L_FLTC_EDW_ACCOUNT_MASTER","CM_CI2_ADJ_3","IFNULL(format_number(FLTC_ACCOUNT_MASTER_1_0.CM_CI2_ADJ_3, '0.0000000'), 0) as CM_CI2_ADJ_3","1","1","0","0","0","0","0","0","0","287","2023-03-12 00:51:20.514","hathaipat"
"INT_L_FLTC_EDW_ACCOUNT_MASTER","CM_RI_OPTION","FLTC_ACCOUNT_MASTER_1_0.CM_RI_OPTION","0","1","0","0","0","0","0","0","0","288","2023-03-12 00:51:20.514","hathaipat"
"INT_L_FLTC_EDW_ACCOUNT_MASTER","CM_RI_FLAG","FLTC_ACCOUNT_MASTER_1_0.CM_RI_FLAG","0","1","0","0","0","0","0","0","0","289","2023-03-12 00:51:20.514","hathaipat"
"INT_L_FLTC_EDW_ACCOUNT_MASTER","CM_RI_CHANGE_FLAG","FLTC_ACCOUNT_MASTER_1_0.CM_RI_CHANGE_FLAG","0","1","0","0","0","0","0","0","0","290","2023-03-12 00:51:20.514","hathaipat"
"INT_L_FLTC_EDW_ACCOUNT_MASTER","CM_RI_LIMIT_1","FLTC_ACCOUNT_MASTER_1_0.CM_RI_LIMIT_1","0","1","0","0","0","0","0","0","0","291","2023-03-12 00:51:20.514","hathaipat"
"INT_L_FLTC_EDW_ACCOUNT_MASTER","CM_RI_LIMIT_2","FLTC_ACCOUNT_MASTER_1_0.CM_RI_LIMIT_2","0","1","0","0","0","0","0","0","0","292","2023-03-12 00:51:20.514","hathaipat"
"INT_L_FLTC_EDW_ACCOUNT_MASTER","CM_RI_RATE_1","IFNULL(format_number(FLTC_ACCOUNT_MASTER_1_0.CM_RI_RATE_1, '0.0000000'), 0) as CM_RI_RATE_1","1","1","0","0","0","0","0","0","0","293","2023-03-12 00:51:20.514","hathaipat"
"INT_L_FLTC_EDW_ACCOUNT_MASTER","CM_RI_ADJ_1","IFNULL(format_number(FLTC_ACCOUNT_MASTER_1_0.CM_RI_ADJ_1, '0.0000000'), 0) as CM_RI_ADJ_1","1","1","0","0","0","0","0","0","0","294","2023-03-12 00:51:20.514","hathaipat"
"INT_L_FLTC_EDW_ACCOUNT_MASTER","CM_RI_RATE_2","IFNULL(format_number(FLTC_ACCOUNT_MASTER_1_0.CM_RI_RATE_2, '0.0000000'), 0) as CM_RI_RATE_2","1","1","0","0","0","0","0","0","0","295","2023-03-12 00:51:20.514","hathaipat"
"INT_L_FLTC_EDW_ACCOUNT_MASTER","CM_RI_ADJ_2","IFNULL(format_number(FLTC_ACCOUNT_MASTER_1_0.CM_RI_ADJ_2, '0.0000000'), 0) as CM_RI_ADJ_2","1","1","0","0","0","0","0","0","0","296","2023-03-12 00:51:20.514","hathaipat"
"INT_L_FLTC_EDW_ACCOUNT_MASTER","CM_RI_RATE_3","IFNULL(format_number(FLTC_ACCOUNT_MASTER_1_0.CM_RI_RATE_3, '0.0000000'), 0) as CM_RI_RATE_3","1","1","0","0","0","0","0","0","0","297","2023-03-12 00:51:20.514","hathaipat"
"INT_L_FLTC_EDW_ACCOUNT_MASTER","CM_RI_ADJ_3","IFNULL(format_number(FLTC_ACCOUNT_MASTER_1_0.CM_RI_ADJ_3, '0.0000000'), 0) as CM_RI_ADJ_3","1","1","0","0","0","0","0","0","0","298","2023-03-12 00:51:20.514","hathaipat"
"INT_L_FLTC_EDW_ACCOUNT_MASTER","CM_RI2_OPTION","FLTC_ACCOUNT_MASTER_1_0.CM_RI2_OPTION","0","1","0","0","0","0","0","0","0","299","2023-03-12 00:51:20.514","hathaipat"
"INT_L_FLTC_EDW_ACCOUNT_MASTER","CM_RI2_FLAG","FLTC_ACCOUNT_MASTER_1_0.CM_RI2_FLAG","0","1","0","0","0","0","0","0","0","300","2023-03-12 00:51:20.514","hathaipat"
"INT_L_FLTC_EDW_ACCOUNT_MASTER","CM_RI2_CHANGE_FLAG","FLTC_ACCOUNT_MASTER_1_0.CM_RI2_CHANGE_FLAG","0","1","0","0","0","0","0","0","0","301","2023-03-12 00:51:20.514","hathaipat"
"INT_L_FLTC_EDW_ACCOUNT_MASTER","CM_RI2_LIMIT_1","FLTC_ACCOUNT_MASTER_1_0.CM_RI2_LIMIT_1","0","1","0","0","0","0","0","0","0","302","2023-03-12 00:51:20.514","hathaipat"
"INT_L_FLTC_EDW_ACCOUNT_MASTER","CM_RI2_LIMIT_2","FLTC_ACCOUNT_MASTER_1_0.CM_RI2_LIMIT_2","0","1","0","0","0","0","0","0","0","303","2023-03-12 00:51:20.514","hathaipat"
"INT_L_FLTC_EDW_ACCOUNT_MASTER","CM_RI2_RATE_1","IFNULL(format_number(FLTC_ACCOUNT_MASTER_1_0.CM_RI2_RATE_1, '0.0000000'), 0) as CM_RI2_RATE_1","1","1","0","0","0","0","0","0","0","304","2023-03-12 00:51:20.514","hathaipat"
"INT_L_FLTC_EDW_ACCOUNT_MASTER","CM_RI2_ADJ_1","IFNULL(format_number(FLTC_ACCOUNT_MASTER_1_0.CM_RI2_ADJ_1, '0.0000000'), 0) as CM_RI2_ADJ_1","1","1","0","0","0","0","0","0","0","305","2023-03-12 00:51:20.514","hathaipat"
"INT_L_FLTC_EDW_ACCOUNT_MASTER","CM_RI2_RATE_2","IFNULL(format_number(FLTC_ACCOUNT_MASTER_1_0.CM_RI2_RATE_2, '0.0000000'), 0) as CM_RI2_RATE_2","1","1","0","0","0","0","0","0","0","306","2023-03-12 00:51:20.514","hathaipat"
"INT_L_FLTC_EDW_ACCOUNT_MASTER","CM_RI2_ADJ_2","IFNULL(format_number(FLTC_ACCOUNT_MASTER_1_0.CM_RI2_ADJ_2, '0.0000000'), 0) as CM_RI2_ADJ_2","1","1","0","0","0","0","0","0","0","307","2023-03-12 00:51:20.514","hathaipat"
"INT_L_FLTC_EDW_ACCOUNT_MASTER","CM_RI2_RATE_3","IFNULL(format_number(FLTC_ACCOUNT_MASTER_1_0.CM_RI2_RATE_3, '0.0000000'), 0) as CM_RI2_RATE_3","1","1","0","0","0","0","0","0","0","308","2023-03-12 00:51:20.514","hathaipat"
"INT_L_FLTC_EDW_ACCOUNT_MASTER","CM_RI2_ADJ_3","IFNULL(format_number(FLTC_ACCOUNT_MASTER_1_0.CM_RI2_ADJ_3, '0.0000000'), 0) as CM_RI2_ADJ_3","1","1","0","0","0","0","0","0","0","309","2023-03-12 00:51:20.514","hathaipat"
"INT_L_FLTC_EDW_ACCOUNT_MASTER","CM_RI3_OPTION","FLTC_ACCOUNT_MASTER_1_0.CM_RI3_OPTION","0","1","0","0","0","0","0","0","0","310","2023-03-12 00:51:20.514","hathaipat"
"INT_L_FLTC_EDW_ACCOUNT_MASTER","CM_RI3_FLAG","FLTC_ACCOUNT_MASTER_1_0.CM_RI3_FLAG","0","1","0","0","0","0","0","0","0","311","2023-03-12 00:51:20.514","hathaipat"
"INT_L_FLTC_EDW_ACCOUNT_MASTER","CM_RI3_CHANGE_FLAG","FLTC_ACCOUNT_MASTER_1_0.CM_RI3_CHANGE_FLAG","0","1","0","0","0","0","0","0","0","312","2023-03-12 00:51:20.514","hathaipat"
"INT_L_FLTC_EDW_ACCOUNT_MASTER","CM_RI3_LIMIT_1","FLTC_ACCOUNT_MASTER_1_0.CM_RI3_LIMIT_1","0","1","0","0","0","0","0","0","0","313","2023-03-12 00:51:20.514","hathaipat"
"INT_L_FLTC_EDW_ACCOUNT_MASTER","CM_RI3_LIMIT_2","FLTC_ACCOUNT_MASTER_1_0.CM_RI3_LIMIT_2","0","1","0","0","0","0","0","0","0","314","2023-03-12 00:51:20.514","hathaipat"
"INT_L_FLTC_EDW_ACCOUNT_MASTER","CM_RI3_RATE_1","IFNULL(format_number(FLTC_ACCOUNT_MASTER_1_0.CM_RI3_RATE_1, '0.0000000'), 0) as CM_RI3_RATE_1","1","1","0","0","0","0","0","0","0","315","2023-03-12 00:51:20.514","hathaipat"
"INT_L_FLTC_EDW_ACCOUNT_MASTER","CM_RI3_ADJ_1","IFNULL(format_number(FLTC_ACCOUNT_MASTER_1_0.CM_RI3_ADJ_1, '0.0000000'), 0) as CM_RI3_ADJ_1","1","1","0","0","0","0","0","0","0","316","2023-03-12 00:51:20.514","hathaipat"
"INT_L_FLTC_EDW_ACCOUNT_MASTER","CM_RI3_RATE_2","IFNULL(format_number(FLTC_ACCOUNT_MASTER_1_0.CM_RI3_RATE_2, '0.0000000'), 0) as CM_RI3_RATE_2","1","1","0","0","0","0","0","0","0","317","2023-03-12 00:51:20.514","hathaipat"
"INT_L_FLTC_EDW_ACCOUNT_MASTER","CM_RI3_ADJ_2","IFNULL(format_number(FLTC_ACCOUNT_MASTER_1_0.CM_RI3_ADJ_2, '0.0000000'), 0) as CM_RI3_ADJ_2","1","1","0","0","0","0","0","0","0","318","2023-03-12 00:51:20.514","hathaipat"
"INT_L_FLTC_EDW_ACCOUNT_MASTER","CM_RI3_RATE_3","IFNULL(format_number(FLTC_ACCOUNT_MASTER_1_0.CM_RI3_RATE_3, '0.0000000'), 0) as CM_RI3_RATE_3","1","1","0","0","0","0","0","0","0","319","2023-03-12 00:51:20.514","hathaipat"
"INT_L_FLTC_EDW_ACCOUNT_MASTER","CM_RI3_ADJ_3","IFNULL(format_number(FLTC_ACCOUNT_MASTER_1_0.CM_RI3_ADJ_3, '0.0000000'), 0) as CM_RI3_ADJ_3","1","1","0","0","0","0","0","0","0","320","2023-03-12 00:51:20.514","hathaipat"
"INT_L_FLTC_EDW_ACCOUNT_MASTER","CM_INTR_SW","FLTC_ACCOUNT_MASTER_1_0.CM_INTR_SW","0","1","0","0","0","0","0","0","0","321","2023-03-12 00:51:20.514","hathaipat"
"INT_L_FLTC_EDW_ACCOUNT_MASTER","CM_INTR_PER_DIEM","FLTC_ACCOUNT_MASTER_1_0.CM_INTR_PER_DIEM","0","1","0","0","0","0","0","0","0","322","2023-03-12 00:51:20.514","hathaipat"
"INT_L_FLTC_EDW_ACCOUNT_MASTER","CM_INS_AGGR_BALANCE","FLTC_ACCOUNT_MASTER_1_0.CM_INS_AGGR_BALANCE","0","1","0","0","0","0","0","0","0","323","2023-03-12 00:51:20.514","hathaipat"
"INT_L_FLTC_EDW_ACCOUNT_MASTER","CM_AGGR_OUTST_INSTL","FLTC_ACCOUNT_MASTER_1_0.CM_AGGR_OUTST_INSTL","0","1","0","0","0","0","0","0","0","324","2023-03-12 00:51:20.514","hathaipat"
"INT_L_FLTC_EDW_ACCOUNT_MASTER","CM_CASH_ADV_PER_FEE_CTD","FLTC_ACCOUNT_MASTER_1_0.CM_CASH_ADV_PER_FEE_CTD","0","1","0","0","0","0","0","0","0","325","2023-03-12 00:51:20.514","hathaipat"
"INT_L_FLTC_EDW_ACCOUNT_MASTER","CM_RTL1_PT","LEFT(CM_RTL1_PT,3)","1","1","0","0","0","0","0","0","0","326","2023-03-12 00:51:20.514","Common_Team"
"INT_L_FLTC_EDW_ACCOUNT_MASTER","CM_RTL2_PT","LEFT(CM_RTL2_PT,3)","1","1","0","0","0","0","0","0","0","327","2023-03-12 00:51:20.514","Common_Team"
"INT_L_FLTC_EDW_ACCOUNT_MASTER","CM_RTL3_PT","LEFT(CM_RTL3_PT,3)","1","1","0","0","0","0","0","0","0","328","2023-03-12 00:51:20.514","Common_Team"
"INT_L_FLTC_EDW_ACCOUNT_MASTER","CM_CASH1_PT","LEFT(CM_CASH1_PT,3)","1","1","0","0","0","0","0","0","0","329","2023-03-12 00:51:20.514","Common_Team"
"INT_L_FLTC_EDW_ACCOUNT_MASTER","CM_CASH2_PT","LEFT(CM_CASH2_PT,3)","1","1","0","0","0","0","0","0","0","330","2023-03-12 00:51:20.514","Common_Team"
"INT_L_FLTC_EDW_ACCOUNT_MASTER","CM_IE_ACCRUED","FLTC_ACCOUNT_MASTER_1_0.CM_IE_ACCRUED","0","1","0","0","0","0","0","0","0","331","2023-03-12 00:51:20.514","hathaipat"
"INT_L_FLTC_EDW_ACCOUNT_MASTER","CM_IE_AGGR_BAL","FLTC_ACCOUNT_MASTER_1_0.CM_IE_AGGR_BAL","0","1","0","0","0","0","0","0","0","332","2023-03-12 00:51:20.514","hathaipat"
"INT_L_FLTC_EDW_ACCOUNT_MASTER","CM_IE_AGGR_DAYS","FLTC_ACCOUNT_MASTER_1_0.CM_IE_AGGR_DAYS","0","1","0","0","0","0","0","0","0","333","2023-03-12 00:51:20.514","hathaipat"
"INT_L_FLTC_EDW_ACCOUNT_MASTER","CM_IE_YTD","FLTC_ACCOUNT_MASTER_1_0.CM_IE_YTD","0","1","0","0","0","0","0","0","0","334","2023-03-12 00:51:20.514","hathaipat"
"INT_L_FLTC_EDW_ACCOUNT_MASTER","CM_IE_PRIOR_YTD","FLTC_ACCOUNT_MASTER_1_0.CM_IE_PRIOR_YTD","0","1","0","0","0","0","0","0","0","335","2023-03-12 00:51:20.514","hathaipat"
"INT_L_FLTC_EDW_ACCOUNT_MASTER","CM_IE_TAX_YTD","FLTC_ACCOUNT_MASTER_1_0.CM_IE_TAX_YTD","0","1","0","0","0","0","0","0","0","336","2023-03-12 00:51:20.514","hathaipat"
"INT_L_FLTC_EDW_ACCOUNT_MASTER","CM_IE_PRIOR_TAX_YTD","FLTC_ACCOUNT_MASTER_1_0.CM_IE_PRIOR_TAX_YTD","0","1","0","0","0","0","0","0","0","337","2023-03-12 00:51:20.514","hathaipat"
"INT_L_FLTC_EDW_ACCOUNT_MASTER","CM_TAX_FISC_YTD","FLTC_ACCOUNT_MASTER_1_0.CM_TAX_FISC_YTD","0","1","0","0","0","0","0","0","0","338","2023-03-12 00:51:20.514","hathaipat"
"INT_L_FLTC_EDW_ACCOUNT_MASTER","CM_TAX_FISC_PRIOR_YTD","FLTC_ACCOUNT_MASTER_1_0.CM_TAX_FISC_PRIOR_YTD","0","1","0","0","0","0","0","0","0","339","2023-03-12 00:51:20.514","hathaipat"
"INT_L_FLTC_EDW_ACCOUNT_MASTER","CM_CHEQUE_FLOAT","LEFT(CM_CHEQUE_FLOAT,1)","1","1","0","0","0","0","0","0","0","340","2023-03-12 00:51:20.514","Common_Team"
"INT_L_FLTC_EDW_ACCOUNT_MASTER","CM_BDG_MULTIPLE","FLTC_ACCOUNT_MASTER_1_0.CM_BDG_MULTIPLE","0","1","0","0","0","0","0","0","0","341","2023-03-12 00:51:20.514","hathaipat"
"INT_L_FLTC_EDW_ACCOUNT_MASTER","CM_INS_NO_POLICIES","LEFT(CM_INS_NO_POLICIES,2)","1","1","0","0","0","0","0","0","0","342","2023-03-12 00:51:20.514","Common_Team"
"INT_L_FLTC_EDW_ACCOUNT_MASTER","CM_DTE_LST_CYCLE","to_date(FLTC_ACCOUNT_MASTER_1_0.CM_DTE_LST_CYCLE, 'yyyy-MM-dd')","1","1","0","0","0","0","0","0","0","343","2023-03-12 00:51:20.514","hathaipat"
"INT_L_FLTC_EDW_ACCOUNT_MASTER","CM_COLL_BLOCK_CODE","LEFT(CM_COLL_BLOCK_CODE,1)","1","1","0","0","0","0","0","0","0","344","2023-03-12 00:51:20.514","Common_Team"
"INT_L_FLTC_EDW_ACCOUNT_MASTER","CM_CRLIMIT_PERM","FLTC_ACCOUNT_MASTER_1_0.CM_CRLIMIT_PERM","0","1","0","0","0","0","0","0","0","345","2023-03-12 00:51:20.514","hathaipat"
"INT_L_FLTC_EDW_ACCOUNT_MASTER","CM_CRLIMIT_TEMP","FLTC_ACCOUNT_MASTER_1_0.CM_CRLIMIT_TEMP","0","1","0","0","0","0","0","0","0","346","2023-03-12 00:51:20.514","hathaipat"
"INT_L_FLTC_EDW_ACCOUNT_MASTER","CM_CRLIMIT_TEMP_EFF_DTE","to_date(FLTC_ACCOUNT_MASTER_1_0.CM_CRLIMIT_TEMP_EFF_DTE , 'yyyyMMdd')","1","1","0","0","0","0","0","0","0","347","2023-03-12 00:51:20.514","hathaipat"
"INT_L_FLTC_EDW_ACCOUNT_MASTER","CM_CRLIMIT_TEMP_EXP_DTE","to_date(FLTC_ACCOUNT_MASTER_1_0.CM_CRLIMIT_TEMP_EXP_DTE , 'yyyyMMdd')","1","1","0","0","0","0","0","0","0","348","2023-03-12 00:51:20.514","hathaipat"
"INT_L_FLTC_EDW_ACCOUNT_MASTER","CM_CASH_LIMIT","FLTC_ACCOUNT_MASTER_1_0.CM_CASH_LIMIT","0","1","0","0","0","0","0","0","0","349","2023-03-12 00:51:20.514","hathaipat"
"INT_L_FLTC_EDW_ACCOUNT_MASTER","CM_AVAIL_CASH","FLTC_ACCOUNT_MASTER_1_0.CM_AVAIL_CASH","0","1","0","0","0","0","0","0","0","350","2023-03-12 00:51:20.514","hathaipat"
"INT_L_FLTC_EDW_ACCOUNT_MASTER","CM_CASH_ADV_OS_AUTH","FLTC_ACCOUNT_MASTER_1_0.CM_CASH_ADV_OS_AUTH","0","1","0","0","0","0","0","0","0","351","2023-03-12 00:51:20.514","hathaipat"
"INT_L_FLTC_EDW_ACCOUNT_MASTER","CM_XFR_IND","FLTC_ACCOUNT_MASTER_1_0.CM_XFR_IND","0","1","0","0","0","0","0","0","0","352","2023-03-12 00:51:20.514","hathaipat"
"INT_L_FLTC_EDW_ACCOUNT_MASTER","CM_CASH_CR_ADJUST_BNP","FLTC_ACCOUNT_MASTER_1_0.CM_CASH_CR_ADJUST_BNP","0","1","0","0","0","0","0","0","0","353","2023-03-12 00:51:20.514","hathaipat"
"INT_L_FLTC_EDW_ACCOUNT_MASTER","CM_RTL_CR_ADJUST_BNP","FLTC_ACCOUNT_MASTER_1_0.CM_RTL_CR_ADJUST_BNP","0","1","0","0","0","0","0","0","0","354","2023-03-12 00:51:20.514","hathaipat"
"INT_L_FLTC_EDW_ACCOUNT_MASTER","CM_OL_CASH_PYMT","FLTC_ACCOUNT_MASTER_1_0.CM_OL_CASH_PYMT","0","1","0","0","0","0","0","0","0","355","2023-03-12 00:51:20.514","hathaipat"
"INT_L_FLTC_EDW_ACCOUNT_MASTER","CM_OL_RTL_PYMT","FLTC_ACCOUNT_MASTER_1_0.CM_OL_RTL_PYMT","0","1","0","0","0","0","0","0","0","356","2023-03-12 00:51:20.514","hathaipat"
"INT_L_FLTC_EDW_ACCOUNT_MASTER","CM_LST_DTE_PYMT_DUE","to_date(FLTC_ACCOUNT_MASTER_1_0.CM_LST_DTE_PYMT_DUE, 'yyyy-MM-dd')","1","1","0","0","0","0","0","0","0","357","2023-03-12 00:51:20.514","hathaipat"
"INT_L_FLTC_EDW_ACCOUNT_MASTER","CM_PREV_CC_REASON","LEFT(CM_PREV_CC_REASON,1)","1","1","0","0","0","0","0","0","0","358","2023-03-12 00:51:20.514","Common_Team"
"INT_L_FLTC_EDW_ACCOUNT_MASTER","CM_INSTL_LIMIT","FLTC_ACCOUNT_MASTER_1_0.CM_INSTL_LIMIT","0","1","0","0","0","0","0","0","0","359","2023-03-12 00:51:20.514","hathaipat"
"INT_L_FLTC_EDW_ACCOUNT_MASTER","CM_INSTL_BAL","FLTC_ACCOUNT_MASTER_1_0.CM_INSTL_BAL","0","1","0","0","0","0","0","0","0","360","2023-03-12 00:51:20.514","hathaipat"
"INT_L_FLTC_EDW_ACCOUNT_MASTER","CM_AMNT_OUTST_INSTL","FLTC_ACCOUNT_MASTER_1_0.CM_AMNT_OUTST_INSTL","0","1","0","0","0","0","0","0","0","361","2023-03-12 00:51:20.514","hathaipat"
"INT_L_FLTC_EDW_ACCOUNT_MASTER","CM_AVAIL_INSTL","FLTC_ACCOUNT_MASTER_1_0.CM_AVAIL_INSTL","0","1","0","0","0","0","0","0","0","362","2023-03-12 00:51:20.514","hathaipat"
"INT_L_FLTC_EDW_ACCOUNT_MASTER","CM_DUALITY_FLAG","LEFT(CM_DUALITY_FLAG,1)","1","1","0","0","0","0","0","0","0","363","2023-03-12 00:51:20.514","Common_Team"
"INT_L_FLTC_EDW_ACCOUNT_MASTER","CM_USER_CODE_4","LEFT(CM_USER_CODE_4,2)","1","1","0","0","0","0","0","0","0","364","2023-03-12 00:51:20.514","Common_Team"
"INT_L_FLTC_EDW_ACCOUNT_MASTER","CM_USER_CODE_5","LEFT(CM_USER_CODE_5,2)","1","1","0","0","0","0","0","0","0","365","2023-03-12 00:51:20.514","Common_Team"
"INT_L_FLTC_EDW_ACCOUNT_MASTER","CM_USER_CODE_6","LEFT(CM_USER_CODE_6,2)","1","1","0","0","0","0","0","0","0","366","2023-03-12 00:51:20.514","Common_Team"
"INT_L_FLTC_EDW_ACCOUNT_MASTER","CM_USER_DTE_3","to_date(FLTC_ACCOUNT_MASTER_1_0.CM_USER_DTE_3 , 'yyyyMMdd')","1","1","0","0","0","0","0","0","0","367","2023-03-12 00:51:20.514","hathaipat"
"INT_L_FLTC_EDW_ACCOUNT_MASTER","CM_USER_DTE_4","to_date(FLTC_ACCOUNT_MASTER_1_0.CM_USER_DTE_4 , 'yyyyMMdd')","1","1","0","0","0","0","0","0","0","368","2023-03-12 00:51:20.514","hathaipat"
"INT_L_FLTC_EDW_ACCOUNT_MASTER","CM_USER_DTE_5","to_date(FLTC_ACCOUNT_MASTER_1_0.CM_USER_DTE_5 , 'yyyyMMdd')","1","1","0","0","0","0","0","0","0","369","2023-03-12 00:51:20.514","hathaipat"
"INT_L_FLTC_EDW_ACCOUNT_MASTER","CM_USER_DTE_6","to_date(FLTC_ACCOUNT_MASTER_1_0.CM_USER_DTE_6 , 'yyyyMMdd')","1","1","0","0","0","0","0","0","0","370","2023-03-12 00:51:20.514","hathaipat"
"INT_L_FLTC_EDW_ACCOUNT_MASTER","CM_USER_AMT_1","FLTC_ACCOUNT_MASTER_1_0.CM_USER_AMT_1","0","1","0","0","0","0","0","0","0","371","2023-03-12 00:51:20.514","hathaipat"
"INT_L_FLTC_EDW_ACCOUNT_MASTER","CM_USER_AMT_2","FLTC_ACCOUNT_MASTER_1_0.CM_USER_AMT_2","0","1","0","0","0","0","0","0","0","372","2023-03-12 00:51:20.514","hathaipat"
"INT_L_FLTC_EDW_ACCOUNT_MASTER","CM_USER_AMT_3","FLTC_ACCOUNT_MASTER_1_0.CM_USER_AMT_3","0","1","0","0","0","0","0","0","0","373","2023-03-12 00:51:20.514","hathaipat"
"INT_L_FLTC_EDW_ACCOUNT_MASTER","CM_RTL1_AMNT_CHARGE_OFF","FLTC_ACCOUNT_MASTER_1_0.CM_RTL1_AMNT_CHARGE_OFF","0","1","0","0","0","0","0","0","0","374","2023-03-12 00:51:20.514","hathaipat"
"INT_L_FLTC_EDW_ACCOUNT_MASTER","CM_RTL2_AMNT_CHARGE_OFF","FLTC_ACCOUNT_MASTER_1_0.CM_RTL2_AMNT_CHARGE_OFF","0","1","0","0","0","0","0","0","0","375","2023-03-12 00:51:20.514","hathaipat"
"INT_L_FLTC_EDW_ACCOUNT_MASTER","CM_RTL3_AMNT_CHARGE_OFF","FLTC_ACCOUNT_MASTER_1_0.CM_RTL3_AMNT_CHARGE_OFF","0","1","0","0","0","0","0","0","0","376","2023-03-12 00:51:20.514","hathaipat"
"INT_L_FLTC_EDW_ACCOUNT_MASTER","CM_CASH1_AMNT_CHARGE_OFF","FLTC_ACCOUNT_MASTER_1_0.CM_CASH1_AMNT_CHARGE_OFF","0","1","0","0","0","0","0","0","0","377","2023-03-12 00:51:20.514","hathaipat"
"INT_L_FLTC_EDW_ACCOUNT_MASTER","CM_CASH2_AMNT_CHARGE_OFF","FLTC_ACCOUNT_MASTER_1_0.CM_CASH2_AMNT_CHARGE_OFF","0","1","0","0","0","0","0","0","0","378","2023-03-12 00:51:20.514","hathaipat"
"INT_L_FLTC_EDW_ACCOUNT_MASTER","CM_RTL1_BEG_BALANCE","FLTC_ACCOUNT_MASTER_1_0.CM_RTL1_BEG_BALANCE","0","1","0","0","0","0","0","0","0","379","2023-03-12 00:51:20.514","hathaipat"
"INT_L_FLTC_EDW_ACCOUNT_MASTER","CM_RTL2_BEG_BALANCE","FLTC_ACCOUNT_MASTER_1_0.CM_RTL2_BEG_BALANCE","0","1","0","0","0","0","0","0","0","380","2023-03-12 00:51:20.514","hathaipat"
"INT_L_FLTC_EDW_ACCOUNT_MASTER","CM_RTL3_BEG_BALANCE","FLTC_ACCOUNT_MASTER_1_0.CM_RTL3_BEG_BALANCE","0","1","0","0","0","0","0","0","0","381","2023-03-12 00:51:20.514","hathaipat"
"INT_L_FLTC_EDW_ACCOUNT_MASTER","CM_CASH1_BEG_BALANCE","FLTC_ACCOUNT_MASTER_1_0.CM_CASH1_BEG_BALANCE","0","1","0","0","0","0","0","0","0","382","2023-03-12 00:51:20.514","hathaipat"
"INT_L_FLTC_EDW_ACCOUNT_MASTER","CM_CASH2_BEG_BALANCE","FLTC_ACCOUNT_MASTER_1_0.CM_CASH2_BEG_BALANCE","0","1","0","0","0","0","0","0","0","383","2023-03-12 00:51:20.514","hathaipat"
"INT_L_FLTC_EDW_ACCOUNT_MASTER","CM_RTL1_PREV_MON_BAL","FLTC_ACCOUNT_MASTER_1_0.CM_RTL1_PREV_MON_BAL","0","1","0","0","0","0","0","0","0","384","2023-03-12 00:51:20.514","hathaipat"
"INT_L_FLTC_EDW_ACCOUNT_MASTER","CM_RTL2_PREV_MON_BAL","FLTC_ACCOUNT_MASTER_1_0.CM_RTL2_PREV_MON_BAL","0","1","0","0","0","0","0","0","0","385","2023-03-12 00:51:20.514","hathaipat"
"INT_L_FLTC_EDW_ACCOUNT_MASTER","CM_RTL3_PREV_MON_BAL","FLTC_ACCOUNT_MASTER_1_0.CM_RTL3_PREV_MON_BAL","0","1","0","0","0","0","0","0","0","386","2023-03-12 00:51:20.514","hathaipat"
"INT_L_FLTC_EDW_ACCOUNT_MASTER","CM_CASH1_PREV_MON_BAL","FLTC_ACCOUNT_MASTER_1_0.CM_CASH1_PREV_MON_BAL","0","1","0","0","0","0","0","0","0","387","2023-03-12 00:51:20.514","hathaipat"
"INT_L_FLTC_EDW_ACCOUNT_MASTER","CM_CASH2_PREV_MON_BAL","FLTC_ACCOUNT_MASTER_1_0.CM_CASH2_PREV_MON_BAL","0","1","0","0","0","0","0","0","0","388","2023-03-12 00:51:20.514","hathaipat"
"INT_L_FLTC_EDW_ACCOUNT_MASTER","CM_DTE_ANT_PYMT_DUE","to_date(FLTC_ACCOUNT_MASTER_1_0.CM_DTE_ANT_PYMT_DUE, 'yyyy-MM-dd')","1","1","0","0","0","0","0","0","0","389","2023-03-12 00:51:20.514","hathaipat"
"INT_L_FLTC_EDW_ACCOUNT_MASTER","CM_DTE_ANT_GRACE","to_date(FLTC_ACCOUNT_MASTER_1_0.CM_DTE_ANT_GRACE, 'yyyy-MM-dd')","1","1","0","0","0","0","0","0","0","390","2023-03-12 00:51:20.514","hathaipat"
"INT_L_FLTC_EDW_ACCOUNT_MASTER","CM_ACT_CYCLE_NMBR","FLTC_ACCOUNT_MASTER_1_0.CM_ACT_CYCLE_NMBR","0","1","0","0","0","0","0","0","0","391","2023-03-12 00:51:20.514","hathaipat"
"INT_L_FLTC_EDW_ACCOUNT_MASTER","CM_ACT_DELQ_CYCLE_NMBR","FLTC_ACCOUNT_MASTER_1_0.CM_ACT_DELQ_CYCLE_NMBR","0","1","0","0","0","0","0","0","0","392","2023-03-12 00:51:20.514","hathaipat"
"INT_L_FLTC_EDW_ACCOUNT_MASTER","CM_ACT_PYMT_TXN_NMBR","FLTC_ACCOUNT_MASTER_1_0.CM_ACT_PYMT_TXN_NMBR","0","1","0","0","0","0","0","0","0","393","2023-03-12 00:51:20.514","hathaipat"
"INT_L_FLTC_EDW_ACCOUNT_MASTER","CM_PYMT_AMNT_WITHIN_GRACE","FLTC_ACCOUNT_MASTER_1_0.CM_PYMT_AMNT_WITHIN_GRACE","0","1","0","0","0","0","0","0","0","394","2023-03-12 00:51:20.514","hathaipat"
"INT_L_FLTC_EDW_ACCOUNT_MASTER","CM_PYMT_REV_AMNT_WITHIN_GRACE","FLTC_ACCOUNT_MASTER_1_0.CM_PYMT_REV_AMNT_WITHIN_GRACE","0","1","0","0","0","0","0","0","0","395","2023-03-12 00:51:20.514","hathaipat"
"INT_L_FLTC_EDW_ACCOUNT_MASTER","CM_AMNT_CTD_DSPUTD_RLS_BANK","FLTC_ACCOUNT_MASTER_1_0.CM_AMNT_CTD_DSPUTD_RLS_BANK","0","1","0","0","0","0","0","0","0","396","2023-03-12 00:51:20.514","hathaipat"
"INT_L_FLTC_EDW_ACCOUNT_MASTER","CM_CASH1_ANT_INTR_CHG","FLTC_ACCOUNT_MASTER_1_0.CM_CASH1_ANT_INTR_CHG","0","1","0","0","0","0","0","0","0","397","2023-03-12 00:51:20.514","hathaipat"
"INT_L_FLTC_EDW_ACCOUNT_MASTER","CM_RTL1_ANT_INTR_CHG","FLTC_ACCOUNT_MASTER_1_0.CM_RTL1_ANT_INTR_CHG","0","1","0","0","0","0","0","0","0","398","2023-03-12 00:51:20.514","hathaipat"
"INT_L_FLTC_EDW_ACCOUNT_MASTER","CM_CASH1_ANT_INTR_WAIVE","FLTC_ACCOUNT_MASTER_1_0.CM_CASH1_ANT_INTR_WAIVE","0","1","0","0","0","0","0","0","0","399","2023-03-12 00:51:20.514","hathaipat"
"INT_L_FLTC_EDW_ACCOUNT_MASTER","CM_RTL1_ANT_INTR_WAIVE","FLTC_ACCOUNT_MASTER_1_0.CM_RTL1_ANT_INTR_WAIVE","0","1","0","0","0","0","0","0","0","400","2023-03-12 00:51:20.514","hathaipat"
"INT_L_FLTC_EDW_ACCOUNT_MASTER","CM_AGGR_CASH_CHG_BAL","FLTC_ACCOUNT_MASTER_1_0.CM_AGGR_CASH_CHG_BAL","0","1","0","0","0","0","0","0","0","401","2023-03-12 00:51:20.514","hathaipat"
"INT_L_FLTC_EDW_ACCOUNT_MASTER","CM_AGGR_CASH_WAIVE_BAL","FLTC_ACCOUNT_MASTER_1_0.CM_AGGR_CASH_WAIVE_BAL","0","1","0","0","0","0","0","0","0","402","2023-03-12 00:51:20.514","hathaipat"
"INT_L_FLTC_EDW_ACCOUNT_MASTER","CM_AGGR_RTL_CHG_BAL","FLTC_ACCOUNT_MASTER_1_0.CM_AGGR_RTL_CHG_BAL","0","1","0","0","0","0","0","0","0","403","2023-03-12 00:51:20.514","hathaipat"
"INT_L_FLTC_EDW_ACCOUNT_MASTER","CM_AGGR_RTL_WAIVE_BAL","FLTC_ACCOUNT_MASTER_1_0.CM_AGGR_RTL_WAIVE_BAL","0","1","0","0","0","0","0","0","0","404","2023-03-12 00:51:20.514","hathaipat"
"INT_L_FLTC_EDW_ACCOUNT_MASTER","CM_BEG_AMNT_DEFER_PYMT","FLTC_ACCOUNT_MASTER_1_0.CM_BEG_AMNT_DEFER_PYMT","0","1","0","0","0","0","0","0","0","405","2023-03-12 00:51:20.514","hathaipat"
"INT_L_FLTC_EDW_ACCOUNT_MASTER","CM_AMNT_DEFER_PYMT","FLTC_ACCOUNT_MASTER_1_0.CM_AMNT_DEFER_PYMT","0","1","0","0","0","0","0","0","0","406","2023-03-12 00:51:20.514","hathaipat"
"INT_L_FLTC_EDW_ACCOUNT_MASTER","CM_NEXT_BAL_SEQ_NMBR","FLTC_ACCOUNT_MASTER_1_0.CM_NEXT_BAL_SEQ_NMBR","0","1","0","0","0","0","0","0","0","407","2023-03-12 00:51:20.514","hathaipat"
"INT_L_FLTC_EDW_ACCOUNT_MASTER","CM_NMBR_TOTAL_BAL_REC","FLTC_ACCOUNT_MASTER_1_0.CM_NMBR_TOTAL_BAL_REC","0","1","0","0","0","0","0","0","0","408","2023-03-12 00:51:20.514","hathaipat"
"INT_L_FLTC_EDW_ACCOUNT_MASTER","CM_NMBR_ACTIVE_BAL_REC","FLTC_ACCOUNT_MASTER_1_0.CM_NMBR_ACTIVE_BAL_REC","0","1","0","0","0","0","0","0","0","409","2023-03-12 00:51:20.514","hathaipat"
"INT_L_FLTC_EDW_ACCOUNT_MASTER","CM_NMBR_OUTST_FOR_CLOSURE","FLTC_ACCOUNT_MASTER_1_0.CM_NMBR_OUTST_FOR_CLOSURE","0","1","0","0","0","0","0","0","0","410","2023-03-12 00:51:20.514","hathaipat"
"INT_L_FLTC_EDW_ACCOUNT_MASTER","CM_NMBR_OUTST_FOR_UDEFINED","FLTC_ACCOUNT_MASTER_1_0.CM_NMBR_OUTST_FOR_UDEFINED","0","1","0","0","0","0","0","0","0","411","2023-03-12 00:51:20.514","hathaipat"
"INT_L_FLTC_EDW_ACCOUNT_MASTER","CM_RSV_CASH_ACCRUED_INTR","FLTC_ACCOUNT_MASTER_1_0.CM_RSV_CASH_ACCRUED_INTR","0","1","0","0","0","0","0","0","0","412","2023-03-12 00:51:20.514","hathaipat"
"INT_L_FLTC_EDW_ACCOUNT_MASTER","CM_CASH2_ACCRUED_INTR","FLTC_ACCOUNT_MASTER_1_0.CM_CASH2_ACCRUED_INTR","0","1","0","0","0","0","0","0","0","413","2023-03-12 00:51:20.514","hathaipat"
"INT_L_FLTC_EDW_ACCOUNT_MASTER","CM_RSV_RTL_ACCRUED_INTR","FLTC_ACCOUNT_MASTER_1_0.CM_RSV_RTL_ACCRUED_INTR","0","1","0","0","0","0","0","0","0","414","2023-03-12 00:51:20.514","hathaipat"
"INT_L_FLTC_EDW_ACCOUNT_MASTER","CM_RTL2_ACCRUED_INTR","FLTC_ACCOUNT_MASTER_1_0.CM_RTL2_ACCRUED_INTR","0","1","0","0","0","0","0","0","0","415","2023-03-12 00:51:20.514","hathaipat"
"INT_L_FLTC_EDW_ACCOUNT_MASTER","CM_RTL3_ACCRUED_INTR","FLTC_ACCOUNT_MASTER_1_0.CM_RTL3_ACCRUED_INTR","0","1","0","0","0","0","0","0","0","416","2023-03-12 00:51:20.514","hathaipat"
"INT_L_FLTC_EDW_ACCOUNT_MASTER","CM_AGGR_CASH2_BALANCE","FLTC_ACCOUNT_MASTER_1_0.CM_AGGR_CASH2_BALANCE","0","1","0","0","0","0","0","0","0","417","2023-03-12 00:51:20.514","hathaipat"
"INT_L_FLTC_EDW_ACCOUNT_MASTER","CM_AGGR_RTL2_BALANCE","FLTC_ACCOUNT_MASTER_1_0.CM_AGGR_RTL2_BALANCE","0","1","0","0","0","0","0","0","0","418","2023-03-12 00:51:20.514","hathaipat"
"INT_L_FLTC_EDW_ACCOUNT_MASTER","CM_AGGR_RTL3_BALANCE","FLTC_ACCOUNT_MASTER_1_0.CM_AGGR_RTL3_BALANCE","0","1","0","0","0","0","0","0","0","419","2023-03-12 00:51:20.514","hathaipat"
"INT_L_FLTC_EDW_ACCOUNT_MASTER","CM_OL_LAST_CYCLE_DAY","LEFT(CM_OL_LAST_CYCLE_DAY,1)","1","1","0","0","0","0","0","0","0","420","2023-03-12 00:51:20.514","Common_Team"
"INT_L_FLTC_EDW_ACCOUNT_MASTER","CM_ACT_FORCE_CYCLE_NMBR","FLTC_ACCOUNT_MASTER_1_0.CM_ACT_FORCE_CYCLE_NMBR","0","1","0","0","0","0","0","0","0","421","2023-03-12 00:51:20.514","hathaipat"
"INT_L_FLTC_EDW_ACCOUNT_MASTER","CM_PD_AMNT_DUE_CURR","FLTC_ACCOUNT_MASTER_1_0.CM_PD_AMNT_DUE_CURR","0","1","0","0","0","0","0","0","0","422","2023-03-12 00:51:20.514","hathaipat"
"INT_L_FLTC_EDW_ACCOUNT_MASTER","CM_PD_AMNT_DUE_PREV","FLTC_ACCOUNT_MASTER_1_0.CM_PD_AMNT_DUE_PREV","0","1","0","0","0","0","0","0","0","423","2023-03-12 00:51:20.514","hathaipat"
"INT_L_FLTC_EDW_ACCOUNT_MASTER","CM_PD_TOTAL_PYMT","FLTC_ACCOUNT_MASTER_1_0.CM_PD_TOTAL_PYMT","0","1","0","0","0","0","0","0","0","424","2023-03-12 00:51:20.514","hathaipat"
"INT_L_FLTC_EDW_ACCOUNT_MASTER","CM_PYMT_DUE_HISTORY","LEFT(CM_PYMT_DUE_HISTORY,24)","1","1","0","0","0","0","0","0","0","425","2023-03-12 00:51:20.514","Common_Team"
"INT_L_FLTC_EDW_ACCOUNT_MASTER","CM_PD_DTE_ROLLING","to_date(FLTC_ACCOUNT_MASTER_1_0.CM_PD_DTE_ROLLING, 'yyyy-MM-dd')","1","1","0","0","0","0","0","0","0","426","2023-03-12 00:51:20.514","hathaipat"
"INT_L_FLTC_EDW_ACCOUNT_MASTER","CM_PD_DTE_ROLLING_PREV","to_date(FLTC_ACCOUNT_MASTER_1_0.CM_PD_DTE_ROLLING_PREV, 'yyyy-MM-dd')","1","1","0","0","0","0","0","0","0","427","2023-03-12 00:51:20.514","hathaipat"
"INT_L_FLTC_EDW_ACCOUNT_MASTER","CM_DTE_GRACE","to_date(FLTC_ACCOUNT_MASTER_1_0.CM_DTE_GRACE, 'yyyy-MM-dd')","1","1","0","0","0","0","0","0","0","428","2023-03-12 00:51:20.514","hathaipat"
"INT_L_FLTC_EDW_ACCOUNT_MASTER","CM_STMT_TODAY_FLAG","LEFT(CM_STMT_TODAY_FLAG,1)","1","1","0","0","0","0","0","0","0","429","2023-03-12 00:51:20.514","Common_Team"
"INT_L_FLTC_EDW_ACCOUNT_MASTER","CM_STMT_BAL_FOR_LATE_FEE","FLTC_ACCOUNT_MASTER_1_0.CM_STMT_BAL_FOR_LATE_FEE","0","1","0","0","0","0","0","0","0","430","2023-03-12 00:51:20.514","hathaipat"
"INT_L_FLTC_EDW_ACCOUNT_MASTER","CM_DTE_MIT_LST_MAINT","to_date(FLTC_ACCOUNT_MASTER_1_0.CM_DTE_MIT_LST_MAINT, 'yyyyMMdd')","1","1","0","0","0","0","0","0","0","431","2023-03-12 00:51:20.514","hathaipat"
"INT_L_FLTC_EDW_ACCOUNT_MASTER","CM_DTE_LST_CYCLE_RB","to_date(FLTC_ACCOUNT_MASTER_1_0.CM_DTE_LST_CYCLE_RB, 'yyyy-MM-dd')","1","1","0","0","0","0","0","0","0","432","2023-03-12 00:51:20.514","hathaipat"
"INT_L_FLTC_EDW_ACCOUNT_MASTER","CM_ACCT_GROUP","LEFT(CM_ACCT_GROUP,5)","1","1","0","0","0","0","0","0","0","433","2023-03-12 00:51:20.514","Common_Team"
"INT_L_FLTC_EDW_ACCOUNT_MASTER","CM_ACCT_GROUP_F","FLTC_ACCOUNT_MASTER_1_0.CM_ACCT_GROUP_F","0","1","0","0","0","0","0","0","0","434","2023-03-12 00:51:20.514","hathaipat"
"INT_L_FLTC_EDW_ACCOUNT_MASTER","CM_ACCT_CLASS","LEFT(CM_ACCT_CLASS,5)","1","1","0","0","0","0","0","0","0","435","2023-03-12 00:51:20.514","Common_Team"
"INT_L_FLTC_EDW_ACCOUNT_MASTER","CM_ACCT_CLASS_F","FLTC_ACCOUNT_MASTER_1_0.CM_ACCT_CLASS_F","0","1","0","0","0","0","0","0","0","436","2023-03-12 00:51:20.514","hathaipat"
"INT_L_FLTC_EDW_ACCOUNT_MASTER","CM_REGION","LEFT(CM_REGION,20)","1","1","0","0","0","0","0","0","0","437","2023-03-12 00:51:20.514","Common_Team"
"INT_L_FLTC_EDW_ACCOUNT_MASTER","CM_DIRECT_DEBIT_DAYS","LEFT(CM_DIRECT_DEBIT_DAYS,3)","1","1","0","0","0","0","0","0","0","438","2023-03-12 00:51:20.514","Common_Team"
"INT_L_FLTC_EDW_ACCOUNT_MASTER","CM_A_SCORE","LEFT(CM_A_SCORE,5)","1","1","0","0","0","0","0","0","0","439","2023-03-12 00:51:20.514","Common_Team"
"INT_L_FLTC_EDW_ACCOUNT_MASTER","CM_B_SCORE","LEFT(CM_B_SCORE,5)","1","1","0","0","0","0","0","0","0","440","2023-03-12 00:51:20.514","Common_Team"
"INT_L_FLTC_EDW_ACCOUNT_MASTER","CM_C_SCORE","LEFT(CM_C_SCORE,5)","1","1","0","0","0","0","0","0","0","441","2023-03-12 00:51:20.514","Common_Team"
"INT_L_FLTC_EDW_ACCOUNT_MASTER","CM_U_SCORE_1","LEFT(CM_U_SCORE_1,5)","1","1","0","0","0","0","0","0","0","442","2023-03-12 00:51:20.514","Common_Team"
"INT_L_FLTC_EDW_ACCOUNT_MASTER","CM_U_SCORE_2","LEFT(CM_U_SCORE_2,5)","1","1","0","0","0","0","0","0","0","443","2023-03-12 00:51:20.514","Common_Team"
"INT_L_FLTC_EDW_ACCOUNT_MASTER","CM_CASH2_IBNP","FLTC_ACCOUNT_MASTER_1_0.CM_CASH2_IBNP","0","1","0","0","0","0","0","0","0","444","2023-03-12 00:51:20.514","hathaipat"
"INT_L_FLTC_EDW_ACCOUNT_MASTER","CM_RTL2_IBNP","FLTC_ACCOUNT_MASTER_1_0.CM_RTL2_IBNP","0","1","0","0","0","0","0","0","0","445","2023-03-12 00:51:20.514","hathaipat"
"INT_L_FLTC_EDW_ACCOUNT_MASTER","CM_RTL3_IBNP","FLTC_ACCOUNT_MASTER_1_0.CM_RTL3_IBNP","0","1","0","0","0","0","0","0","0","446","2023-03-12 00:51:20.514","hathaipat"
"INT_L_FLTC_EDW_ACCOUNT_MASTER","CM_ALO_CRLIMIT","FLTC_ACCOUNT_MASTER_1_0.CM_ALO_CRLIMIT","0","1","0","0","0","0","0","0","0","447","2023-03-12 00:51:20.514","hathaipat"
"INT_L_FLTC_EDW_ACCOUNT_MASTER","CM_REM_CRLIMIT","FLTC_ACCOUNT_MASTER_1_0.CM_REM_CRLIMIT","0","1","0","0","0","0","0","0","0","448","2023-03-12 00:51:20.514","hathaipat"
"INT_L_FLTC_EDW_ACCOUNT_MASTER","START_DT","","0","1","0","0","0","0","0","0","0","449","2023-03-12 00:51:20.514","hathaipat"
"INT_L_FLTC_EDW_ACCOUNT_MASTER","END_DT","","0","1","0","0","0","0","0","0","0","450","2023-03-12 00:51:20.514","hathaipat"
"INT_L_FLTC_EDW_ACCOUNT_MASTER","RECORD_DELETED_FLAG","","0","1","0","0","0","0","0","0","0","451","2023-03-12 00:51:20.514","hathaipat"
"INT_L_FLTC_EDW_ACCOUNT_MASTER","CTL_ID","","0","1","0","0","0","0","0","0","0","452","2023-03-12 00:51:20.514","hathaipat"
"INT_L_FLTC_EDW_ACCOUNT_MASTER","INS_PROC_NAME","","0","1","0","0","0","0","0","0","0","453","2023-03-12 00:51:20.514","hathaipat"
"INT_L_FLTC_EDW_ACCOUNT_MASTER","INS_TXF_BATCHID","","0","1","0","0","0","0","0","0","0","454","2023-03-12 00:51:20.514","hathaipat"
"INT_L_FLTC_EDW_ACCOUNT_MASTER","UPD_PROC_NAME","","0","1","0","0","0","0","0","0","0","455","2023-03-12 00:51:20.514","hathaipat"
"INT_L_FLTC_EDW_ACCOUNT_MASTER","UPD_TXF_BATCHID","","0","1","0","0","0","0","0","0","0","456","2023-03-12 00:51:20.514","hathaipat"
