"INTERFACE_NAME","COL_NAME","EXPRESSION","EXE_DB","INSERT_FLAG","UPDATE_FLAG","KEY_UPD","UD1","UD2","UD3","UD4","UD5","COL_POSITION","LAST_UPDATE_DATE","LAST_UPDATE_USER"
"INT_L_AM_AMMSRT00_1_0","AMDWHHD_HDR_CTL1","LEFT(AMDWHHD_HDR_CTL1,2)","1","1","0","0","0","0","0","0","1","1","2023-03-12 02:58:17.341","Common_Team"
"INT_L_AM_AMMSRT00_1_0","AMDWHHD_HDR_CTL2","LEFT(AMDWHHD_HDR_CTL2,3)","1","1","0","0","0","0","0","0","0","2","2023-03-12 02:58:17.341","Common_Team"
"INT_L_AM_AMMSRT00_1_0","AMDWHHD_HDR_CTL3","LEFT(AMDWHHD_HDR_CTL3,3)","1","1","0","0","0","0","0","0","1","3","2023-03-12 02:58:17.341","Common_Team"
"INT_L_AM_AMMSRT00_1_0","AMDWHHD_HDR_CTL4","LEFT(AMDWHHD_HDR_CTL4,4)","1","1","0","0","0","0","0","0","0","4","2023-03-12 02:58:17.341","Common_Team"
"INT_L_AM_AMMSRT00_1_0","AMDWHHD_HDR_ACCT_NUM","LEFT(AMDWHHD_HDR_ACCT_NUM,14)","1","1","0","0","0","0","0","0","0","5","2023-03-12 02:58:17.341","Common_Team"
"INT_L_AM_AMMSRT00_1_0","AMDWHHD_HDR_SCB_ACCT_NUM","LEFT(AMDWHHD_HDR_SCB_ACCT_NUM,11)","1","1","0","0","0","0","0","0","0","6","2023-03-12 02:58:17.341","Common_Team"
"INT_L_AM_AMMSRT00_1_0","AMDWHHD_HDR_DOCUMENT_NUM","LEFT(AMDWHHD_HDR_DOCUMENT_NUM,15)","1","1","0","0","0","0","0","0","0","7","2023-03-12 02:58:17.341","Common_Team"
"INT_L_AM_AMMSRT00_1_0","AMDWHHD_NUM_ARRAY_MEMBERS","LEFT(AMDWHHD_NUM_ARRAY_MEMBERS,2)","1","1","0","0","0","0","0","0","0","8","2023-03-12 02:58:17.341","Common_Team"
"INT_L_AM_AMMSRT00_1_0","AMDWHHD_HDR_PROC_TYPE","LEFT(AMDWHHD_HDR_PROC_TYPE,2)","1","1","0","0","0","0","0","0","0","9","2023-03-12 02:58:17.341","Common_Team"
"INT_L_AM_AMMSRT00_1_0","AMDWHHD_HDR_ACCT_PROD","LEFT(AMDWHHD_HDR_ACCT_PROD,4)","1","1","0","0","0","0","0","0","0","10","2023-03-12 02:58:17.341","Common_Team"
"INT_L_AM_AMMSRT00_1_0","AMDWHHD_HDR_LAYOUT_TYPE","LEFT(AMDWHHD_HDR_LAYOUT_TYPE,8)","1","1","0","0","0","0","0","0","0","11","2023-03-12 02:58:17.341","Common_Team"
"INT_L_AM_AMMSRT00_1_0","AMDWHHD_HD_EXTRACT_DATE","LEFT(AMDWHHD_HD_EXTRACT_DATE,8)","1","1","0","0","0","0","0","0","0","12","2023-03-12 02:58:17.341","Common_Team"
"INT_L_AM_AMMSRT00_1_0","AMDWHHD_SYSTEM_FLAG","LEFT(RIGHT(AMDWHHD_SYSTEM_FLAG,1),1)","1","1","0","0","0","0","0","0","0","13","2023-03-12 02:58:17.341","Common_Team"
"INT_L_AM_AMMSRT00_1_0","AMMSRT00_RT_CTL1","LEFT(AMMSRT00_RT_CTL1,2)","1","1","0","0","0","0","0","0","0","14","2023-03-12 02:58:17.341","Common_Team"
"INT_L_AM_AMMSRT00_1_0","AMMSRT00_RT_CTL2","LEFT(AMMSRT00_RT_CTL2,3)","1","1","0","0","0","0","0","0","0","15","2023-03-12 02:58:17.341","Common_Team"
"INT_L_AM_AMMSRT00_1_0","AMMSRT00_RT_CTL3","LEFT(AMMSRT00_RT_CTL3,3)","1","1","0","0","0","0","0","0","0","16","2023-03-12 02:58:17.341","Common_Team"
"INT_L_AM_AMMSRT00_1_0","AMMSRT00_RT_CTL4","LEFT(AMMSRT00_RT_CTL4,4)","1","1","0","0","0","0","0","0","0","17","2023-03-12 02:58:17.341","Common_Team"
"INT_L_AM_AMMSRT00_1_0","AMMSRT00_RT_ACCT_NUM","LEFT(AMMSRT00_RT_ACCT_NUM,14)","1","1","0","0","0","0","0","0","0","18","2023-03-12 02:58:17.341","Common_Team"
"INT_L_AM_AMMSRT00_1_0","AMMSRT00_RT_USER_GRP1","LEFT(AMMSRT00_RT_USER_GRP1,4)","1","1","0","0","0","0","0","0","1","19","2023-03-12 02:58:17.341","Common_Team"
"INT_L_AM_AMMSRT00_1_0","AMMSRT00_RT_USER_GRP2","LEFT(AMMSRT00_RT_USER_GRP2,4)","1","1","0","0","0","0","0","0","1","20","2023-03-12 02:58:17.341","Common_Team"
"INT_L_AM_AMMSRT00_1_0","AMMSRT00_RT_USER_GRP3","LEFT(AMMSRT00_RT_USER_GRP3,4)","1","1","0","0","0","0","0","0","0","21","2023-03-12 02:58:17.341","Common_Team"
"INT_L_AM_AMMSRT00_1_0","AMMSRT00_RT_USER_GRP4","LEFT(AMMSRT00_RT_USER_GRP4,4)","1","1","0","0","0","0","0","0","0","22","2023-03-12 02:58:17.341","Common_Team"
"INT_L_AM_AMMSRT00_1_0","AMMSRT00_RT_USER_GRP5","LEFT(AMMSRT00_RT_USER_GRP5,4)","1","1","0","0","0","0","0","0","1","23","2023-03-12 02:58:17.341","Common_Team"
"INT_L_AM_AMMSRT00_1_0","AMMSRT00_RT_USER_GRP6","LEFT(AMMSRT00_RT_USER_GRP6,4)","1","1","0","0","0","0","0","0","1","24","2023-03-12 02:58:17.341","Common_Team"
"INT_L_AM_AMMSRT00_1_0","AMMSRT00_RT_USER_GRP7","LEFT(AMMSRT00_RT_USER_GRP7,4)","1","1","0","0","0","0","0","0","0","25","2023-03-12 02:58:17.341","Common_Team"
"INT_L_AM_AMMSRT00_1_0","AMMSRT00_RT_USER_GRP8","LEFT(AMMSRT00_RT_USER_GRP8,4)","1","1","0","0","0","0","0","0","0","26","2023-03-12 02:58:17.341","Common_Team"
"INT_L_AM_AMMSRT00_1_0","AMMSRT00_RT_USER_GRP9","LEFT(AMMSRT00_RT_USER_GRP9,4)","1","1","0","0","0","0","0","0","0","27","2023-03-12 02:58:17.341","Common_Team"
"INT_L_AM_AMMSRT00_1_0","AMMSRT00_RT_ACCT_PROD","LEFT(AMMSRT00_RT_ACCT_PROD,4)","1","1","0","0","0","0","0","0","0","28","2023-03-12 02:58:17.341","Common_Team"
"INT_L_AM_AMMSRT00_1_0","AMMSRT00_RT_ACCT_TYPE","LEFT(AMMSRT00_RT_ACCT_TYPE,3)","1","1","0","0","0","0","0","0","1","29","2023-03-12 02:58:17.341","Common_Team"
"INT_L_AM_AMMSRT00_1_0","AMMSRT00_RT_PROC_TYPE","LEFT(AMMSRT00_RT_PROC_TYPE,2)","1","1","0","0","0","0","0","0","0","30","2023-03-12 02:58:17.341","Common_Team"
"INT_L_AM_AMMSRT00_1_0","AMMSRT00_RT_STATE_CD","LEFT(AMMSRT00_RT_STATE_CD,2)","1","1","0","0","0","0","0","0","0","31","2023-03-12 02:58:17.341","Common_Team"
"INT_L_AM_AMMSRT00_1_0","AMMSRT00_CF_PRIM_OFFICER","LEFT(AMMSRT00_CF_PRIM_OFFICER,5)","1","1","0","0","0","0","0","0","0","32","2023-03-12 02:58:17.341","Common_Team"
"INT_L_AM_AMMSRT00_1_0","AMMSRT00_RT_CNTRY_CD","LEFT(AMMSRT00_RT_CNTRY_CD,5)","1","1","0","0","0","0","0","0","0","33","2023-03-12 02:58:17.341","Common_Team"
"INT_L_AM_AMMSRT00_1_0","AMMSRT00_RT_SUB_APPL_ID","LEFT(AMMSRT00_RT_SUB_APPL_ID,2)","1","1","0","0","0","0","0","0","0","34","2023-03-12 02:58:17.341","Common_Team"
"INT_L_AM_AMMSRT00_1_0","AMMSRT00_CF_PRIM_BR","LEFT(AMMSRT00_CF_PRIM_BR,5)","1","1","0","0","0","0","0","0","0","35","2023-03-12 02:58:17.341","Common_Team"
"INT_L_AM_AMMSRT00_1_0","AMMSRT00_CF_CTL1","LEFT(AMMSRT00_CF_CTL1,2)","1","1","0","0","0","0","0","0","0","36","2023-03-12 02:58:17.341","Common_Team"
"INT_L_AM_AMMSRT00_1_0","AMMSRT00_CF_CTL2","LEFT(AMMSRT00_CF_CTL2,3)","1","1","0","0","0","0","0","0","0","37","2023-03-12 02:58:17.341","Common_Team"
"INT_L_AM_AMMSRT00_1_0","AMMSRT00_CF_CTL3","LEFT(AMMSRT00_CF_CTL3,3)","1","1","0","0","0","0","0","0","0","38","2023-03-12 02:58:17.341","Common_Team"
"INT_L_AM_AMMSRT00_1_0","AMMSRT00_CF_CTL4","LEFT(AMMSRT00_CF_CTL4,4)","1","1","0","0","0","0","0","0","0","39","2023-03-12 02:58:17.341","Common_Team"
"INT_L_AM_AMMSRT00_1_0","AMMSRT00_CF_CUST_NUM","LEFT(AMMSRT00_CF_CUST_NUM,14)","1","1","0","0","0","0","0","0","0","40","2023-03-12 02:58:17.341","Common_Team"
"INT_L_AM_AMMSRT00_1_0","AMMSRT00_CF_ALT_OFFICER","LEFT(AMMSRT00_CF_ALT_OFFICER,5)","1","1","0","0","0","0","0","0","0","41","2023-03-12 02:58:17.341","Common_Team"
"INT_L_AM_AMMSRT00_1_0","AMMSRT00_RT_APR","AM_AMMSRT00_1_0.AMMSRT00_RT_APR","0","1","0","0","0","0","0","0","0","42","2023-03-12 02:58:17.341","worada"
"INT_L_AM_AMMSRT00_1_0","AMMSRT00_RT_INT_TYPE","LEFT(AMMSRT00_RT_INT_TYPE,1)","1","1","0","0","0","0","0","0","0","43","2023-03-12 02:58:17.341","Common_Team"
"INT_L_AM_AMMSRT00_1_0","AMMSRT00_RT_SOLD_IND","LEFT(AMMSRT00_RT_SOLD_IND,1)","1","1","0","0","0","0","0","0","0","44","2023-03-12 02:58:17.341","Common_Team"
"INT_L_AM_AMMSRT00_1_0","AMMSRT00_RT_PREPMT_LMT_CD","LEFT(AMMSRT00_RT_PREPMT_LMT_CD,1)","1","1","0","0","0","0","0","0","0","45","2023-03-12 02:58:17.341","Common_Team"
"INT_L_AM_AMMSRT00_1_0","AMMSRT00_RT_AUTO_RCVY_IND","LEFT(AMMSRT00_RT_AUTO_RCVY_IND,1)","1","1","0","0","0","0","0","0","0","46","2023-03-12 02:58:17.341","Common_Team"
"INT_L_AM_AMMSRT00_1_0","AMMSRT00_RT_CASH_BASIS_IND","LEFT(AMMSRT00_RT_CASH_BASIS_IND,1)","1","1","0","0","0","0","0","0","0","47","2023-03-12 02:58:17.341","Common_Team"
"INT_L_AM_AMMSRT00_1_0","AMMSRT00_RT_DQ_IND","LEFT(AMMSRT00_RT_DQ_IND,1)","1","1","0","0","0","0","0","0","0","48","2023-03-12 02:58:17.341","Common_Team"
"INT_L_AM_AMMSRT00_1_0","AMMSRT00_RT_BILL_NONACCR_IND","LEFT(AMMSRT00_RT_BILL_NONACCR_IND,1)","1","1","0","0","0","0","0","0","0","49","2023-03-12 02:58:17.341","Common_Team"
"INT_L_AM_AMMSRT00_1_0","AMMSRT00_RT_STOP_ALL_IND","LEFT(AMMSRT00_RT_STOP_ALL_IND,1)","1","1","0","0","0","0","0","0","0","50","2023-03-12 02:58:17.341","Common_Team"
"INT_L_AM_AMMSRT00_1_0","AMMSRT00_RT_STOP_CR_IND","LEFT(AMMSRT00_RT_STOP_CR_IND,1)","1","1","0","0","0","0","0","0","0","51","2023-03-12 02:58:17.341","Common_Team"
"INT_L_AM_AMMSRT00_1_0","AMMSRT00_RT_STOP_DQ_IND","LEFT(AMMSRT00_RT_STOP_DQ_IND,1)","1","1","0","0","0","0","0","0","0","52","2023-03-12 02:58:17.341","Common_Team"
"INT_L_AM_AMMSRT00_1_0","AMMSRT00_RT_ACCT_EFF_DATE","LEFT(AMMSRT00_RT_ACCT_EFF_DATE,8)","1","1","0","0","0","0","0","0","0","53","2023-03-12 02:58:17.341","Common_Team"
"INT_L_AM_AMMSRT00_1_0","AMMSRT00_RT_ORIG_MATUR_DATE","LEFT(AMMSRT00_RT_ORIG_MATUR_DATE,8)","1","1","0","0","0","0","0","0","0","54","2023-03-12 02:58:17.341","Common_Team"
"INT_L_AM_AMMSRT00_1_0","AMMSRT00_RT_CURR_MATUR_DATE","LEFT(AMMSRT00_RT_CURR_MATUR_DATE,8)","1","1","0","0","0","0","0","0","0","55","2023-03-12 02:58:17.341","Common_Team"
"INT_L_AM_AMMSRT00_1_0","AMMSRT00_RT_OLDST_DUE_DATE","LEFT(AMMSRT00_RT_OLDST_DUE_DATE,8)","1","1","0","0","0","0","0","0","0","56","2023-03-12 02:58:17.341","Common_Team"
"INT_L_AM_AMMSRT00_1_0","AMMSRT00_RT_NXT_AUTO_CAPZ_DATE","LEFT(AMMSRT00_RT_NXT_AUTO_CAPZ_DATE,8)","1","1","0","0","0","0","0","0","0","57","2023-03-12 02:58:17.341","Common_Team"
"INT_L_AM_AMMSRT00_1_0","AMMSRT00_RT_AUTO_PENDSTAT_DATE","LEFT(AMMSRT00_RT_AUTO_PENDSTAT_DATE,8)","1","1","0","0","0","0","0","0","0","58","2023-03-12 02:58:17.341","Common_Team"
"INT_L_AM_AMMSRT00_1_0","AMMSRT00_RT_NXT_DUE_DATE","LEFT(AMMSRT00_RT_NXT_DUE_DATE,8)","1","1","0","0","0","0","0","0","0","59","2023-03-12 02:58:17.341","Common_Team"
"INT_L_AM_AMMSRT00_1_0","AMMSRT00_RT_NXT_BILL_DATE","LEFT(AMMSRT00_RT_NXT_BILL_DATE,8)","1","1","0","0","0","0","0","0","0","60","2023-03-12 02:58:17.341","Common_Team"
"INT_L_AM_AMMSRT00_1_0","AMMSRT00_RT_NXT_COUP_DATE","LEFT(AMMSRT00_RT_NXT_COUP_DATE,8)","1","1","0","0","0","0","0","0","0","61","2023-03-12 02:58:17.341","Common_Team"
"INT_L_AM_AMMSRT00_1_0","AMMSRT00_RT_NXT_REPMT_DATE","LEFT(AMMSRT00_RT_NXT_REPMT_DATE,8)","1","1","0","0","0","0","0","0","0","62","2023-03-12 02:58:17.341","Common_Team"
"INT_L_AM_AMMSRT00_1_0","AMMSRT00_RT_NXT_TKLR_DATE","LEFT(AMMSRT00_RT_NXT_TKLR_DATE,8)","1","1","0","0","0","0","0","0","0","63","2023-03-12 02:58:17.341","Common_Team"
"INT_L_AM_AMMSRT00_1_0","AMMSRT00_RT_DURATION_CD","LEFT(AMMSRT00_RT_DURATION_CD,1)","1","1","0","0","0","0","0","0","0","64","2023-03-12 02:58:17.341","Common_Team"
"INT_L_AM_AMMSRT00_1_0","AMMSRT00_RT_NXT_FEE_DATE","LEFT(AMMSRT00_RT_NXT_FEE_DATE,8)","1","1","0","0","0","0","0","0","0","65","2023-03-12 02:58:17.341","Common_Team"
"INT_L_AM_AMMSRT00_1_0","AMMSRT00_RT_NXT_COLL_DATE","LEFT(AMMSRT00_RT_NXT_COLL_DATE,8)","1","1","0","0","0","0","0","0","0","66","2023-03-12 02:58:17.341","Common_Team"
"INT_L_AM_AMMSRT00_1_0","AMMSRT00_RT_NXT_FEE_LMT_DATE","LEFT(AMMSRT00_RT_NXT_FEE_LMT_DATE,8)","1","1","0","0","0","0","0","0","0","67","2023-03-12 02:58:17.341","Common_Team"
"INT_L_AM_AMMSRT00_1_0","AMMSRT00_RT_NXT_COLLAT_DATE","LEFT(AMMSRT00_RT_NXT_COLLAT_DATE,8)","1","1","0","0","0","0","0","0","0","68","2023-03-12 02:58:17.341","Common_Team"
"INT_L_AM_AMMSRT00_1_0","AMMSRT00_RT_LST_ADV_DATE","LEFT(AMMSRT00_RT_LST_ADV_DATE,8)","1","1","0","0","0","0","0","0","0","69","2023-03-12 02:58:17.341","Common_Team"
"INT_L_AM_AMMSRT00_1_0","AMMSRT00_RT_MATUR_BILL_TYPE","LEFT(AMMSRT00_RT_MATUR_BILL_TYPE,2)","1","1","0","0","0","0","0","0","0","70","2023-03-12 02:58:17.341","Common_Team"
"INT_L_AM_AMMSRT00_1_0","AMMSRT00_RT_MATUR_LEAD_DAY","LEFT(AMMSRT00_RT_MATUR_LEAD_DAY,5)","1","1","0","0","0","0","0","0","0","71","2023-03-12 02:58:17.341","Common_Team"
"INT_L_AM_AMMSRT00_1_0","AMMSRT00_RT_LTV_CATEGORY_CD","LEFT(AMMSRT00_RT_LTV_CATEGORY_CD,1)","1","1","0","0","0","0","0","0","0","72","2023-03-12 02:58:17.341","Common_Team"
"INT_L_AM_AMMSRT00_1_0","AMMSRT00_RT_LTV_FORCE_IND","LEFT(AMMSRT00_RT_LTV_FORCE_IND,1)","1","1","0","0","0","0","0","0","0","73","2023-03-12 02:58:17.341","Common_Team"
"INT_L_AM_AMMSRT00_1_0","AMMSRT00_RT_NXT_DAY_FLG","LEFT(AMMSRT00_RT_NXT_DAY_FLG,1)","1","1","0","0","0","0","0","0","0","74","2023-03-12 02:58:17.341","Common_Team"
"INT_L_AM_AMMSRT00_1_0","AMMSRT00_RT_BKDATE_LMT_DATE","LEFT(AMMSRT00_RT_BKDATE_LMT_DATE,8)","1","1","0","0","0","0","0","0","0","75","2023-03-12 02:58:17.341","Common_Team"
"INT_L_AM_AMMSRT00_1_0","AMMSRT00_RT_COLL_CD","LEFT(AMMSRT00_RT_COLL_CD,4)","1","1","0","0","0","0","0","0","0","76","2023-03-12 02:58:17.341","Common_Team"
"INT_L_AM_AMMSRT00_1_0","AMMSRT00_RT_COMP_CALL_CD","LEFT(AMMSRT00_RT_COMP_CALL_CD,4)","1","1","0","0","0","0","0","0","0","77","2023-03-12 02:58:17.341","Common_Team"
"INT_L_AM_AMMSRT00_1_0","AMMSRT00_RT_FDIC_CD","LEFT(AMMSRT00_RT_FDIC_CD,3)","1","1","0","0","0","0","0","0","0","78","2023-03-12 02:58:17.341","Common_Team"
"INT_L_AM_AMMSRT00_1_0","AMMSRT00_RT_UCLASS1_CD","LEFT(AMMSRT00_RT_UCLASS1_CD,3)","1","1","0","0","0","0","0","0","0","79","2023-03-12 02:58:17.341","Common_Team"
"INT_L_AM_AMMSRT00_1_0","AMMSRT00_RT_UCLASS2_CD","LEFT(AMMSRT00_RT_UCLASS2_CD,3)","1","1","0","0","0","0","0","0","0","80","2023-03-12 02:58:17.341","Common_Team"
"INT_L_AM_AMMSRT00_1_0","AMMSRT00_RT_REG_CD","LEFT(AMMSRT00_RT_REG_CD,3)","1","1","0","0","0","0","0","0","0","81","2023-03-12 02:58:17.341","Common_Team"
"INT_L_AM_AMMSRT00_1_0","AMMSRT00_RT_YTD_INT","AM_AMMSRT00_1_0.AMMSRT00_RT_YTD_INT","0","1","0","0","0","0","0","0","0","82","2023-03-12 02:58:17.341","worada"
"INT_L_AM_AMMSRT00_1_0","AMMSRT00_RT_PREV_YR_INT","AM_AMMSRT00_1_0.AMMSRT00_RT_PREV_YR_INT","0","1","0","0","0","0","0","0","0","83","2023-03-12 02:58:17.341","worada"
"INT_L_AM_AMMSRT00_1_0","AMMSRT00_RT_TERM_FREQ","LEFT(AMMSRT00_RT_TERM_FREQ,1)","1","1","0","0","0","0","0","0","0","84","2023-03-12 02:58:17.341","Common_Team"
"INT_L_AM_AMMSRT00_1_0","AMMSRT00_RT_TERM_INCR","LEFT(AMMSRT00_RT_TERM_INCR,3)","1","1","0","0","0","0","0","0","0","85","2023-03-12 02:58:17.341","Common_Team"
"INT_L_AM_AMMSRT00_1_0","AMMSRT00_RT_DATE_LST_MAINT","LEFT(AMMSRT00_RT_DATE_LST_MAINT,8)","1","1","0","0","0","0","0","0","0","86","2023-03-12 02:58:17.341","Common_Team"
"INT_L_AM_AMMSRT00_1_0","AMMSRT00_RT_TIME_LST_MAINT","LEFT(AMMSRT00_RT_TIME_LST_MAINT,8)","1","1","0","0","0","0","0","0","0","87","2023-03-12 02:58:17.341","Common_Team"
"INT_L_AM_AMMSRT00_1_0","AMMSRT00_RT_EMP_LST_MAINT","LEFT(AMMSRT00_RT_EMP_LST_MAINT,8)","1","1","0","0","0","0","0","0","0","88","2023-03-12 02:58:17.341","Common_Team"
"INT_L_AM_AMMSRT00_1_0","AMMSRT00_RT_TERMNL_LST_MAINT","LEFT(AMMSRT00_RT_TERMNL_LST_MAINT,4)","1","1","0","0","0","0","0","0","0","89","2023-03-12 02:58:17.341","Common_Team"
"INT_L_AM_AMMSRT00_1_0","AMMSRT00_CF_OFFICER_EMP_CD","LEFT(AMMSRT00_CF_OFFICER_EMP_CD,1)","1","1","0","0","0","0","0","0","0","90","2023-03-12 02:58:17.341","Common_Team"
"INT_L_AM_AMMSRT00_1_0","AMMSRT00_CF_ADDR_NUM","LEFT(AMMSRT00_CF_ADDR_NUM,3)","1","1","0","0","0","0","0","0","0","91","2023-03-12 02:58:17.341","Common_Team"
"INT_L_AM_AMMSRT00_1_0","AMMSRT00_CF_ENDR_OFFICER_IND","LEFT(AMMSRT00_CF_ENDR_OFFICER_IND,1)","1","1","0","0","0","0","0","0","0","92","2023-03-12 02:58:17.341","Common_Team"
"INT_L_AM_AMMSRT00_1_0","AMMSRT00_DI_ACCR_START_DATE","LEFT(AMMSRT00_DI_ACCR_START_DATE,8)","1","1","0","0","0","0","0","0","0","93","2023-03-12 02:58:17.341","Common_Team"
"INT_L_AM_AMMSRT00_1_0","AMMSRT00_RT_EXT_USER_FLD","LEFT(AMMSRT00_RT_EXT_USER_FLD,10)","1","1","0","0","0","0","0","0","0","94","2023-03-12 02:58:17.341","Common_Team"
"INT_L_AM_AMMSRT00_1_0","AMMSRT00_RT_NEW_TERMS_ACCEPTED","LEFT(AMMSRT00_RT_NEW_TERMS_ACCEPTED,1)","1","1","0","0","0","0","0","0","0","95","2023-03-12 02:58:17.341","Common_Team"
"INT_L_AM_AMMSRT00_1_0","AMMSRT00_RT_REPO_STAT","LEFT(AMMSRT00_RT_REPO_STAT,1)","1","1","0","0","0","0","0","0","0","96","2023-03-12 02:58:17.341","Common_Team"
"INT_L_AM_AMMSRT00_1_0","AMMSRT00_RT_EBILL_ELIG_IND","LEFT(AMMSRT00_RT_EBILL_ELIG_IND,1)","1","1","0","0","0","0","0","0","0","97","2023-03-12 02:58:17.341","Common_Team"
"INT_L_AM_AMMSRT00_1_0","AMMSRT00_CF_NAICS_CD","LEFT(AMMSRT00_CF_NAICS_CD,6)","1","1","0","0","0","0","0","0","0","98","2023-03-12 02:58:17.341","Common_Team"
"INT_L_AM_AMMSRT00_1_0","AMMSRT00_CF_SHORT_NAME","LEFT(AMMSRT00_CF_SHORT_NAME,13)","1","1","0","0","0","0","0","0","0","99","2023-03-12 02:58:17.341","Common_Team"
"INT_L_AM_AMMSRT00_1_0","AMMSRT00_CF_RPT_OFFICER_CD","LEFT(AMMSRT00_CF_RPT_OFFICER_CD,1)","1","1","0","0","0","0","0","0","0","100","2023-03-12 02:58:17.341","Common_Team"
"INT_L_AM_AMMSRT00_1_0","AMMSRT00_CF_SIC_CD","LEFT(AMMSRT00_CF_SIC_CD,4)","1","1","0","0","0","0","0","0","0","101","2023-03-12 02:58:17.341","Common_Team"
"INT_L_AM_AMMSRT00_1_0","AMMSRT00_RT_LOAN_RATE","AM_AMMSRT00_1_0.AMMSRT00_RT_LOAN_RATE","0","1","0","0","0","0","0","0","0","102","2023-03-12 02:58:17.341","worada"
"INT_L_AM_AMMSRT00_1_0","AMMSRT00_RT_FRST_DUE_DATE","LEFT(AMMSRT00_RT_FRST_DUE_DATE,8)","1","1","0","0","0","0","0","0","0","103","2023-03-12 02:58:17.341","Common_Team"
"INT_L_AM_AMMSRT00_1_0","AMMSRT00_RT_LST_TRAN_DATE","LEFT(AMMSRT00_RT_LST_TRAN_DATE,8)","1","1","0","0","0","0","0","0","0","104","2023-03-12 02:58:17.341","Common_Team"
"INT_L_AM_AMMSRT00_1_0","AMMSRT00_RT_LST_EXT_SEQ","LEFT(AMMSRT00_RT_LST_EXT_SEQ,5)","1","1","0","0","0","0","0","0","0","105","2023-03-12 02:58:17.341","Common_Team"
"INT_L_AM_AMMSRT00_1_0","AMMSRT00_RT_LST_INT_SEQ","LEFT(AMMSRT00_RT_LST_INT_SEQ,5)","1","1","0","0","0","0","0","0","0","106","2023-03-12 02:58:17.341","Common_Team"
"INT_L_AM_AMMSRT00_1_0","AMMSRT00_RT_LST_SEQ_CD","LEFT(AMMSRT00_RT_LST_SEQ_CD,1)","1","1","0","0","0","0","0","0","0","107","2023-03-12 02:58:17.341","Common_Team"
"INT_L_AM_AMMSRT00_1_0","AMMSRT00_RT_LST_CUST_ACTY_DATE","LEFT(AMMSRT00_RT_LST_CUST_ACTY_DATE,8)","1","1","0","0","0","0","0","0","0","108","2023-03-12 02:58:17.341","Common_Team"
"INT_L_AM_AMMSRT00_1_0","AMMSRT00_RT_ACCT_STAT","LEFT(AMMSRT00_RT_ACCT_STAT,2)","1","1","0","0","0","0","0","0","0","109","2023-03-12 02:58:17.341","Common_Team"
"INT_L_AM_AMMSRT00_1_0","AMMSRT00_RT_LEGAL_STAT","LEFT(AMMSRT00_RT_LEGAL_STAT,2)","1","1","0","0","0","0","0","0","0","110","2023-03-12 02:58:17.341","Common_Team"
"INT_L_AM_AMMSRT00_1_0","AMMSRT00_RT_ACCR_STAT","LEFT(AMMSRT00_RT_ACCR_STAT,2)","1","1","0","0","0","0","0","0","0","111","2023-03-12 02:58:17.341","Common_Team"
"INT_L_AM_AMMSRT00_1_0","AMMSRT00_RT_PROC_STAT","LEFT(AMMSRT00_RT_PROC_STAT,2)","1","1","0","0","0","0","0","0","0","112","2023-03-12 02:58:17.341","Common_Team"
"INT_L_AM_AMMSRT00_1_0","AMMSRT00_RT_STOP_PMT_IND","LEFT(AMMSRT00_RT_STOP_PMT_IND,1)","1","1","0","0","0","0","0","0","0","113","2023-03-12 02:58:17.341","Common_Team"
"INT_L_AM_AMMSRT00_1_0","AMMSRT00_RT_STOP_PMT_REAS","LEFT(AMMSRT00_RT_STOP_PMT_REAS,2)","1","1","0","0","0","0","0","0","0","114","2023-03-12 02:58:17.341","Common_Team"
"INT_L_AM_AMMSRT00_1_0","AMMSRT00_RT_STOP_ADV_IND","LEFT(AMMSRT00_RT_STOP_ADV_IND,1)","1","1","0","0","0","0","0","0","0","115","2023-03-12 02:58:17.341","Common_Team"
"INT_L_AM_AMMSRT00_1_0","AMMSRT00_RT_STOP_ADV_REAS","LEFT(AMMSRT00_RT_STOP_ADV_REAS,2)","1","1","0","0","0","0","0","0","0","116","2023-03-12 02:58:17.341","Common_Team"
"INT_L_AM_AMMSRT00_1_0","AMMSRT00_RT_MORTG_TYPE","LEFT(AMMSRT00_RT_MORTG_TYPE,1)","1","1","0","0","0","0","0","0","0","117","2023-03-12 02:58:17.341","Common_Team"
"INT_L_AM_AMMSRT00_1_0","AMMSRT00_RT_RPT_BY_CENSUS_CD","LEFT(AMMSRT00_RT_RPT_BY_CENSUS_CD,1)","1","1","0","0","0","0","0","0","0","118","2023-03-12 02:58:17.341","Common_Team"
"INT_L_AM_AMMSRT00_1_0","AMMSRT00_CF_CNTRY_CD","LEFT(AMMSRT00_CF_CNTRY_CD,5)","1","1","0","0","0","0","0","0","0","119","2023-03-12 02:58:17.341","Common_Team"
"INT_L_AM_AMMSRT00_1_0","AMMSRT00_CF_STATE_CD","LEFT(AMMSRT00_CF_STATE_CD,2)","1","1","0","0","0","0","0","0","0","120","2023-03-12 02:58:17.341","Common_Team"
"INT_L_AM_AMMSRT00_1_0","AMMSRT00_CF_CNTY_CD","LEFT(AMMSRT00_CF_CNTY_CD,4)","1","1","0","0","0","0","0","0","0","121","2023-03-12 02:58:17.341","Common_Team"
"INT_L_AM_AMMSRT00_1_0","AMMSRT00_CF_SMSA_CD","LEFT(AMMSRT00_CF_SMSA_CD,6)","1","1","0","0","0","0","0","0","0","122","2023-03-12 02:58:17.341","Common_Team"
"INT_L_AM_AMMSRT00_1_0","AMMSRT00_CF_TRACT_NUM","LEFT(AMMSRT00_CF_TRACT_NUM,8)","1","1","0","0","0","0","0","0","0","123","2023-03-12 02:58:17.341","Common_Team"
"INT_L_AM_AMMSRT00_1_0","AMMSRT00_RT_COLL_OFFICER","LEFT(AMMSRT00_RT_COLL_OFFICER,5)","1","1","0","0","0","0","0","0","0","124","2023-03-12 02:58:17.341","Common_Team"
"INT_L_AM_AMMSRT00_1_0","AMMSRT00_RT_ACCT_STAT_REAS","LEFT(AMMSRT00_RT_ACCT_STAT_REAS,2)","1","1","0","0","0","0","0","0","0","125","2023-03-12 02:58:17.341","Common_Team"
"INT_L_AM_AMMSRT00_1_0","AMMSRT00_RT_DATE_STAT_SET","LEFT(AMMSRT00_RT_DATE_STAT_SET,8)","1","1","0","0","0","0","0","0","0","126","2023-03-12 02:58:17.341","Common_Team"
"INT_L_AM_AMMSRT00_1_0","AMMSRT00_RT_SECURED_CD","LEFT(AMMSRT00_RT_SECURED_CD,1)","1","1","0","0","0","0","0","0","0","127","2023-03-12 02:58:17.341","Common_Team"
"INT_L_AM_AMMSRT00_1_0","AMMSRT00_RT_INSURED_IND","LEFT(AMMSRT00_RT_INSURED_IND,1)","1","1","0","0","0","0","0","0","0","128","2023-03-12 02:58:17.341","Common_Team"
"INT_L_AM_AMMSRT00_1_0","AMMSRT00_RT_REPO_DATE","LEFT(AMMSRT00_RT_REPO_DATE,8)","1","1","0","0","0","0","0","0","0","129","2023-03-12 02:58:17.341","Common_Team"
"INT_L_AM_AMMSRT00_1_0","AMMSRT00_RT_LST_PMT_AMT","AM_AMMSRT00_1_0.AMMSRT00_RT_LST_PMT_AMT","0","1","0","0","0","0","0","0","0","130","2023-03-12 02:58:17.341","worada"
"INT_L_AM_AMMSRT00_1_0","AMMSRT00_RT_LST_PMT_DATE","LEFT(AMMSRT00_RT_LST_PMT_DATE,8)","1","1","0","0","0","0","0","0","0","131","2023-03-12 02:58:17.341","Common_Team"
"INT_L_AM_AMMSRT00_1_0","AMMSRT00_RT_ORIG_LOAN_AMT","AM_AMMSRT00_1_0.AMMSRT00_RT_ORIG_LOAN_AMT","0","1","0","0","0","0","0","0","0","132","2023-03-12 02:58:17.341","worada"
"INT_L_AM_AMMSRT00_1_0","AMMSRT00_RT_INT_PD_NOT_RPT","AM_AMMSRT00_1_0.AMMSRT00_RT_INT_PD_NOT_RPT","0","1","0","0","0","0","0","0","0","133","2023-03-12 02:58:17.341","worada"
"INT_L_AM_AMMSRT00_1_0","AMMSRT00_RT_PRE_DATE","LEFT(AMMSRT00_RT_PRE_DATE,8)","1","1","0","0","0","0","0","0","0","134","2023-03-12 02:58:17.341","Common_Team"
"INT_L_AM_AMMSRT00_1_0","AMMSRT00_RT_POST_DATE","LEFT(AMMSRT00_RT_POST_DATE,8)","1","1","0","0","0","0","0","0","0","135","2023-03-12 02:58:17.341","Common_Team"
"INT_L_AM_AMMSRT00_1_0","AMMSRT00_RT_MAT_BILL_METH","LEFT(AMMSRT00_RT_MAT_BILL_METH,2)","1","1","0","0","0","0","0","0","0","136","2023-03-12 02:58:17.341","Common_Team"
"INT_L_AM_AMMSRT00_1_0","AMMSRT00_RT_PENDING_IND","LEFT(AMMSRT00_RT_PENDING_IND,1)","1","1","0","0","0","0","0","0","0","137","2023-03-12 02:58:17.341","Common_Team"
"INT_L_AM_AMMSRT00_1_0","AMMSRT00_RT_FM_THIS_PROC_IND","LEFT(AMMSRT00_RT_FM_THIS_PROC_IND,1)","1","1","0","0","0","0","0","0","0","138","2023-03-12 02:58:17.341","Common_Team"
"INT_L_AM_AMMSRT00_1_0","AMMSRT00_RT_ACTY_ON_PDUE_IND","LEFT(AMMSRT00_RT_ACTY_ON_PDUE_IND,1)","1","1","0","0","0","0","0","0","0","139","2023-03-12 02:58:17.341","Common_Team"
"INT_L_AM_AMMSRT00_1_0","AMMSRT00_RT_CAPTURE_IND","LEFT(AMMSRT00_RT_CAPTURE_IND,1)","1","1","0","0","0","0","0","0","0","140","2023-03-12 02:58:17.341","Common_Team"
"INT_L_AM_AMMSRT00_1_0","AMMSRT00_RT_TFR_STAT","LEFT(AMMSRT00_RT_TFR_STAT,1)","1","1","0","0","0","0","0","0","0","141","2023-03-12 02:58:17.341","Common_Team"
"INT_L_AM_AMMSRT00_1_0","AMMSRT00_RT_TIMES_NSF","LEFT(AMMSRT00_RT_TIMES_NSF,5)","1","1","0","0","0","0","0","0","0","142","2023-03-12 02:58:17.341","Common_Team"
"INT_L_AM_AMMSRT00_1_0","AMMSRT00_RT_NXT_INS_DISB_DATE","LEFT(AMMSRT00_RT_NXT_INS_DISB_DATE,8)","1","1","0","0","0","0","0","0","0","143","2023-03-12 02:58:17.341","Common_Team"
"INT_L_AM_AMMSRT00_1_0","AMMSRT00_RT_SPEC_INST_IND","LEFT(AMMSRT00_RT_SPEC_INST_IND,1)","1","1","0","0","0","0","0","0","0","144","2023-03-12 02:58:17.341","Common_Team"
"INT_L_AM_AMMSRT00_1_0","AMMSRT00_RT_STOP_PAY_IND","LEFT(AMMSRT00_RT_STOP_PAY_IND,1)","1","1","0","0","0","0","0","0","0","145","2023-03-12 02:58:17.341","Common_Team"
"INT_L_AM_AMMSRT00_1_0","AMMSRT00_RT_STOP_SUS_IND","LEFT(AMMSRT00_RT_STOP_SUS_IND,1)","1","1","0","0","0","0","0","0","0","146","2023-03-12 02:58:17.341","Common_Team"
"INT_L_AM_AMMSRT00_1_0","AMMSRT00_RT_HOLD_IND","LEFT(AMMSRT00_RT_HOLD_IND,1)","1","1","0","0","0","0","0","0","0","147","2023-03-12 02:58:17.341","Common_Team"
"INT_L_AM_AMMSRT00_1_0","AMMSRT00_RT_EDITED_ACCT_NUM","LEFT(AMMSRT00_RT_EDITED_ACCT_NUM,18)","1","1","0","0","0","0","0","0","0","148","2023-03-12 02:58:17.341","Common_Team"
"INT_L_AM_AMMSRT00_1_0","AMMSRT00_RT_LOAN_ENTRY_DATE","LEFT(AMMSRT00_RT_LOAN_ENTRY_DATE,8)","1","1","0","0","0","0","0","0","0","149","2023-03-12 02:58:17.341","Common_Team"
"INT_L_AM_AMMSRT00_1_0","AMMSRT00_RT_MORTG_CD","LEFT(AMMSRT00_RT_MORTG_CD,1)","1","1","0","0","0","0","0","0","0","150","2023-03-12 02:58:17.341","Common_Team"
"INT_L_AM_AMMSRT00_1_0","AMMSRT00_CF_REGION_CD","LEFT(AMMSRT00_CF_REGION_CD,4)","1","1","0","0","0","0","0","0","0","151","2023-03-12 02:58:17.341","Common_Team"
"INT_L_AM_AMMSRT00_1_0","AMMSRT00_RT_CUST_BILL_UPDT_IND","LEFT(AMMSRT00_RT_CUST_BILL_UPDT_IND,1)","1","1","0","0","0","0","0","0","0","152","2023-03-12 02:58:17.341","Common_Team"
"INT_L_AM_AMMSRT00_1_0","AMMSRT00_CF_CUST_TYPE","LEFT(AMMSRT00_CF_CUST_TYPE,2)","1","1","0","0","0","0","0","0","0","153","2023-03-12 02:58:17.341","Common_Team"
"INT_L_AM_AMMSRT00_1_0","AMMSRT00_CF_HOLD_STMT_ID","LEFT(AMMSRT00_CF_HOLD_STMT_ID,1)","1","1","0","0","0","0","0","0","0","154","2023-03-12 02:58:17.341","Common_Team"
"INT_L_AM_AMMSRT00_1_0","AMMSRT00_RT_PRCHSE_IND","LEFT(AMMSRT00_RT_PRCHSE_IND,1)","1","1","0","0","0","0","0","0","0","155","2023-03-12 02:58:17.341","Common_Team"
"INT_L_AM_AMMSRT00_1_0","AMMSRT00_RT_ORIG_PROCD_AMT","AM_AMMSRT00_1_0.AMMSRT00_RT_ORIG_PROCD_AMT","0","1","0","0","0","0","0","0","0","156","2023-03-12 02:58:17.341","worada"
"INT_L_AM_AMMSRT00_1_0","AMMSRT00_RT_ORIG_ACCT_EFF_DATE","LEFT(AMMSRT00_RT_ORIG_ACCT_EFF_DATE,8)","1","1","0","0","0","0","0","0","0","157","2023-03-12 02:58:17.341","Common_Team"
"INT_L_AM_AMMSRT00_1_0","AMMSRT00_RT_NUM_PMTS_MADE","LEFT(AMMSRT00_RT_NUM_PMTS_MADE,5)","1","1","0","0","0","0","0","0","0","158","2023-03-12 02:58:17.341","Common_Team"
"INT_L_AM_AMMSRT00_1_0","AMMSRT00_RT_NXT_ACCR_DATE","LEFT(AMMSRT00_RT_NXT_ACCR_DATE,8)","1","1","0","0","0","0","0","0","0","159","2023-03-12 02:58:17.341","Common_Team"
"INT_L_AM_AMMSRT00_1_0","AMMSRT00_RT_NEW_THIS_MO_IND","LEFT(AMMSRT00_RT_NEW_THIS_MO_IND,1)","1","1","0","0","0","0","0","0","0","160","2023-03-12 02:58:17.341","Common_Team"
"INT_L_AM_AMMSRT00_1_0","AMMSRT00_RT_NEW_THIS_PER_IND","LEFT(AMMSRT00_RT_NEW_THIS_PER_IND,1)","1","1","0","0","0","0","0","0","0","161","2023-03-12 02:58:17.341","Common_Team"
"INT_L_AM_AMMSRT00_1_0","AMMSRT00_RT_POFF_THIS_MO_IND","LEFT(AMMSRT00_RT_POFF_THIS_MO_IND,1)","1","1","0","0","0","0","0","0","0","162","2023-03-12 02:58:17.341","Common_Team"
"INT_L_AM_AMMSRT00_1_0","AMMSRT00_RT_POFF_THIS_PROC_IND","LEFT(AMMSRT00_RT_POFF_THIS_PROC_IND,1)","1","1","0","0","0","0","0","0","0","163","2023-03-12 02:58:17.341","Common_Team"
"INT_L_AM_AMMSRT00_1_0","AMMSRT00_RT_EXT_THIS_MO_IND","LEFT(AMMSRT00_RT_EXT_THIS_MO_IND,1)","1","1","0","0","0","0","0","0","0","164","2023-03-12 02:58:17.341","Common_Team"
"INT_L_AM_AMMSRT00_1_0","AMMSRT00_RT_REN_THIS_MO_IND","LEFT(AMMSRT00_RT_REN_THIS_MO_IND,1)","1","1","0","0","0","0","0","0","0","165","2023-03-12 02:58:17.341","Common_Team"
"INT_L_AM_AMMSRT00_1_0","AMMSRT00_RT_COFF_THIS_MO_IND","LEFT(AMMSRT00_RT_COFF_THIS_MO_IND,1)","1","1","0","0","0","0","0","0","0","166","2023-03-12 02:58:17.341","Common_Team"
"INT_L_AM_AMMSRT00_1_0","AMMSRT00_RT_COFF_THIS_PER_IND","LEFT(AMMSRT00_RT_COFF_THIS_PER_IND,1)","1","1","0","0","0","0","0","0","0","167","2023-03-12 02:58:17.341","Common_Team"
"INT_L_AM_AMMSRT00_1_0","AMMSRT00_RT_TIMES_RWTN","LEFT(AMMSRT00_RT_TIMES_RWTN,5)","1","1","0","0","0","0","0","0","0","168","2023-03-12 02:58:17.341","Common_Team"
"INT_L_AM_AMMSRT00_1_0","AMMSRT00_RT_RENG_CD","LEFT(AMMSRT00_RT_RENG_CD,1)","1","1","0","0","0","0","0","0","0","169","2023-03-12 02:58:17.341","Common_Team"
"INT_L_AM_AMMSRT00_1_0","AMMSRT00_RT_LST_YR_AVG_BAL","AM_AMMSRT00_1_0.AMMSRT00_RT_LST_YR_AVG_BAL","0","1","0","0","0","0","0","0","0","170","2023-03-12 02:58:17.341","worada"
"INT_L_AM_AMMSRT00_1_0","AMMSRT00_RT_BILL_COFF_IND","LEFT(AMMSRT00_RT_BILL_COFF_IND,1)","1","1","0","0","0","0","0","0","0","171","2023-03-12 02:58:17.341","Common_Team"
"INT_L_AM_AMMSRT00_1_0","AMMSRT00_RT_MSG_CD","LEFT(AMMSRT00_RT_MSG_CD,2)","1","1","0","0","0","0","0","0","0","172","2023-03-12 02:58:17.341","Common_Team"
"INT_L_AM_AMMSRT00_1_0","AMMSRT00_RT_TOT_PRIN","AM_AMMSRT00_1_0.AMMSRT00_RT_TOT_PRIN","0","1","0","0","0","0","0","0","0","173","2023-03-12 02:58:17.341","worada"
"INT_L_AM_AMMSRT00_1_0","AMMSRT00_RT_TOT_INT_REC","AM_AMMSRT00_1_0.AMMSRT00_RT_TOT_INT_REC","0","1","0","0","0","0","0","0","0","174","2023-03-12 02:58:17.341","worada"
"INT_L_AM_AMMSRT00_1_0","AMMSRT00_RT_TOT_INT_REB","AM_AMMSRT00_1_0.AMMSRT00_RT_TOT_INT_REB","0","1","0","0","0","0","0","0","0","175","2023-03-12 02:58:17.341","worada"
"INT_L_AM_AMMSRT00_1_0","AMMSRT00_RT_TOT_IDR_REC","AM_AMMSRT00_1_0.AMMSRT00_RT_TOT_IDR_REC","0","1","0","0","0","0","0","0","0","176","2023-03-12 02:58:17.341","worada"
"INT_L_AM_AMMSRT00_1_0","AMMSRT00_RT_TOT_IDR_REB","AM_AMMSRT00_1_0.AMMSRT00_RT_TOT_IDR_REB","0","1","0","0","0","0","0","0","0","177","2023-03-12 02:58:17.341","worada"
"INT_L_AM_AMMSRT00_1_0","AMMSRT00_RT_TOT_SBDY_INT","AM_AMMSRT00_1_0.AMMSRT00_RT_TOT_SBDY_INT","0","1","0","0","0","0","0","0","0","178","2023-03-12 02:58:17.341","worada"
"INT_L_AM_AMMSRT00_1_0","AMMSRT00_RT_TOT_COST_OF_FD","AM_AMMSRT00_1_0.AMMSRT00_RT_TOT_COST_OF_FD","0","1","0","0","0","0","0","0","0","179","2023-03-12 02:58:17.341","worada"
"INT_L_AM_AMMSRT00_1_0","AMMSRT00_RT_TOT_INS_INT_RC","AM_AMMSRT00_1_0.AMMSRT00_RT_TOT_INS_INT_RC","0","1","0","0","0","0","0","0","0","180","2023-03-12 02:58:17.341","worada"
"INT_L_AM_AMMSRT00_1_0","AMMSRT00_RT_TOT_INS_INT_RB","AM_AMMSRT00_1_0.AMMSRT00_RT_TOT_INS_INT_RB","0","1","0","0","0","0","0","0","0","181","2023-03-12 02:58:17.341","worada"
"INT_L_AM_AMMSRT00_1_0","AMMSRT00_RT_TOT_ACCR_INS","AM_AMMSRT00_1_0.AMMSRT00_RT_TOT_ACCR_INS","0","1","0","0","0","0","0","0","0","182","2023-03-12 02:58:17.341","worada"
"INT_L_AM_AMMSRT00_1_0","AMMSRT00_RT_TOT_INS_REB","AM_AMMSRT00_1_0.AMMSRT00_RT_TOT_INS_REB","0","1","0","0","0","0","0","0","0","183","2023-03-12 02:58:17.341","worada"
"INT_L_AM_AMMSRT00_1_0","AMMSRT00_RT_TOT_ASD_LT_CHR","AM_AMMSRT00_1_0.AMMSRT00_RT_TOT_ASD_LT_CHR","0","1","0","0","0","0","0","0","0","184","2023-03-12 02:58:17.341","worada"
"INT_L_AM_AMMSRT00_1_0","AMMSRT00_RT_TOT_ACR_LT_CHR","AM_AMMSRT00_1_0.AMMSRT00_RT_TOT_ACR_LT_CHR","0","1","0","0","0","0","0","0","0","185","2023-03-12 02:58:17.341","worada"
"INT_L_AM_AMMSRT00_1_0","AMMSRT00_RT_TOT_LT_ACR_BAL","AM_AMMSRT00_1_0.AMMSRT00_RT_TOT_LT_ACR_BAL","0","1","0","0","0","0","0","0","0","186","2023-03-12 02:58:17.341","worada"
"INT_L_AM_AMMSRT00_1_0","AMMSRT00_RT_TOT_ACR_FEE_RC","AM_AMMSRT00_1_0.AMMSRT00_RT_TOT_ACR_FEE_RC","0","1","0","0","0","0","0","0","0","187","2023-03-12 02:58:17.341","worada"
"INT_L_AM_AMMSRT00_1_0","AMMSRT00_RT_TOT_ASD_FEE_RC","AM_AMMSRT00_1_0.AMMSRT00_RT_TOT_ASD_FEE_RC","0","1","0","0","0","0","0","0","0","188","2023-03-12 02:58:17.341","worada"
"INT_L_AM_AMMSRT00_1_0","AMMSRT00_RT_TOT_FEE_REB","AM_AMMSRT00_1_0.AMMSRT00_RT_TOT_FEE_REB","0","1","0","0","0","0","0","0","0","189","2023-03-12 02:58:17.341","worada"
"INT_L_AM_AMMSRT00_1_0","AMMSRT00_RT_TOT_CM_BAL","AM_AMMSRT00_1_0.AMMSRT00_RT_TOT_CM_BAL","0","1","0","0","0","0","0","0","0","190","2023-03-12 02:58:17.341","worada"
"INT_L_AM_AMMSRT00_1_0","AMMSRT00_RT_TOT_COFF_AMT","AM_AMMSRT00_1_0.AMMSRT00_RT_TOT_COFF_AMT","0","1","0","0","0","0","0","0","0","191","2023-03-12 02:58:17.341","worada"
"INT_L_AM_AMMSRT00_1_0","AMMSRT00_RT_TOT_ACR_CF_AMT","AM_AMMSRT00_1_0.AMMSRT00_RT_TOT_ACR_CF_AMT","0","1","0","0","0","0","0","0","0","192","2023-03-12 02:58:17.341","worada"
"INT_L_AM_AMMSRT00_1_0","AMMSRT00_RT_COMAK_TOT_PMTS","AM_AMMSRT00_1_0.AMMSRT00_RT_COMAK_TOT_PMTS","0","1","0","0","0","0","0","0","0","193","2023-03-12 02:58:17.341","worada"
"INT_L_AM_AMMSRT00_1_0","AMMSRT00_RT_FASB91_FEE_IND","LEFT(AMMSRT00_RT_FASB91_FEE_IND,1)","1","1","0","0","0","0","0","0","0","194","2023-03-12 02:58:17.341","Common_Team"
"INT_L_AM_AMMSRT00_1_0","AMMSRT00_RT_FASB91_FPX_IND","LEFT(AMMSRT00_RT_FASB91_FPX_IND,1)","1","1","0","0","0","0","0","0","0","195","2023-03-12 02:58:17.341","Common_Team"
"INT_L_AM_AMMSRT00_1_0","AMMSRT00_RT_EFF_INT_DATE","LEFT(AMMSRT00_RT_EFF_INT_DATE,8)","1","1","0","0","0","0","0","0","0","196","2023-03-12 02:58:17.341","Common_Team"
"INT_L_AM_AMMSRT00_1_0","AMMSRT00_RT_PROC_STAT_REAS","LEFT(AMMSRT00_RT_PROC_STAT_REAS,2)","1","1","0","0","0","0","0","0","0","197","2023-03-12 02:58:17.341","Common_Team"
"INT_L_AM_AMMSRT00_1_0","AMMSRT00_RT_DATE_PROC_SET","LEFT(AMMSRT00_RT_DATE_PROC_SET,8)","1","1","0","0","0","0","0","0","0","198","2023-03-12 02:58:17.341","Common_Team"
"INT_L_AM_AMMSRT00_1_0","AMMSRT00_RT_DLR_CTL1","LEFT(AMMSRT00_RT_DLR_CTL1,2)","1","1","0","0","0","0","0","0","0","199","2023-03-12 02:58:17.341","Common_Team"
"INT_L_AM_AMMSRT00_1_0","AMMSRT00_RT_DLR_CTL2","LEFT(AMMSRT00_RT_DLR_CTL2,3)","1","1","0","0","0","0","0","0","0","200","2023-03-12 02:58:17.341","Common_Team"
"INT_L_AM_AMMSRT00_1_0","AMMSRT00_RT_DLR_CTL3","LEFT(AMMSRT00_RT_DLR_CTL3,3)","1","1","0","0","0","0","0","0","0","201","2023-03-12 02:58:17.341","Common_Team"
"INT_L_AM_AMMSRT00_1_0","AMMSRT00_RT_DLR_CTL4","LEFT(AMMSRT00_RT_DLR_CTL4,4)","1","1","0","0","0","0","0","0","0","202","2023-03-12 02:58:17.341","Common_Team"
"INT_L_AM_AMMSRT00_1_0","AMMSRT00_RT_DL_NUM","LEFT(AMMSRT00_RT_DL_NUM,6)","1","1","0","0","0","0","0","0","0","203","2023-03-12 02:58:17.341","Common_Team"
"INT_L_AM_AMMSRT00_1_0","AMMSRT00_RT_DL_LOC","LEFT(AMMSRT00_RT_DL_LOC,4)","1","1","0","0","0","0","0","0","0","204","2023-03-12 02:58:17.341","Common_Team"
"INT_L_AM_AMMSRT00_1_0","AMMSRT00_RT_DL_TYPE","LEFT(AMMSRT00_RT_DL_TYPE,4)","1","1","0","0","0","0","0","0","0","205","2023-03-12 02:58:17.341","Common_Team"
"INT_L_AM_AMMSRT00_1_0","AMMSRT00_RT_LST_BAL_CHG_DATE","LEFT(AMMSRT00_RT_LST_BAL_CHG_DATE,8)","1","1","0","0","0","0","0","0","0","206","2023-03-12 02:58:17.341","Common_Team"
"INT_L_AM_AMMSRT00_1_0","AMMSRT00_RT_AVG_BAL_MTHLY_IND","LEFT(AMMSRT00_RT_AVG_BAL_MTHLY_IND,1)","1","1","0","0","0","0","0","0","0","207","2023-03-12 02:58:17.341","Common_Team"
"INT_L_AM_AMMSRT00_1_0","AMMSRT00_RT_AVG_BAL_QRLY_IND","LEFT(AMMSRT00_RT_AVG_BAL_QRLY_IND,1)","1","1","0","0","0","0","0","0","0","208","2023-03-12 02:58:17.341","Common_Team"
"INT_L_AM_AMMSRT00_1_0","AMMSRT00_RT_AVG_BAL_CYC_IND","LEFT(AMMSRT00_RT_AVG_BAL_CYC_IND,1)","1","1","0","0","0","0","0","0","0","209","2023-03-12 02:58:17.341","Common_Team"
"INT_L_AM_AMMSRT00_1_0","AMMSRT00_RT_PREV_CYC_END_DATE","LEFT(AMMSRT00_RT_PREV_CYC_END_DATE,8)","1","1","0","0","0","0","0","0","0","210","2023-03-12 02:58:17.341","Common_Team"
"INT_L_AM_AMMSRT00_1_0","AMMSRT00_RT_RATE_CHG_NTC_TYPE","LEFT(AMMSRT00_RT_RATE_CHG_NTC_TYPE,1)","1","1","0","0","0","0","0","0","0","211","2023-03-12 02:58:17.341","Common_Team"
"INT_L_AM_AMMSRT00_1_0","AMMSRT00_RT_REPAY_MOD_STAT_CD","LEFT(AMMSRT00_RT_REPAY_MOD_STAT_CD,1)","1","1","0","0","0","0","0","0","0","212","2023-03-12 02:58:17.341","Common_Team"
"INT_L_AM_AMMSRT00_1_0","AMMSRT00_RT_PRIM_RESV_ACCT","LEFT(AMMSRT00_RT_PRIM_RESV_ACCT,4)","1","1","0","0","0","0","0","0","0","213","2023-03-12 02:58:17.341","Common_Team"
"INT_L_AM_AMMSRT00_1_0","AMMSRT00_RT_CAPZ_THIS_PROC_IND","LEFT(AMMSRT00_RT_CAPZ_THIS_PROC_IND,1)","1","1","0","0","0","0","0","0","0","214","2023-03-12 02:58:17.341","Common_Team"
"INT_L_AM_AMMSRT00_1_0","AMMSRT00_RT_EXTERNAL_CIF_NUM","LEFT(AMMSRT00_RT_EXTERNAL_CIF_NUM,14)","1","1","0","0","0","0","0","0","0","215","2023-03-12 02:58:17.341","Common_Team"
"INT_L_AM_AMMSRT00_1_0","AMMSRT00_RT_CB_TYPE","LEFT(AMMSRT00_RT_CB_TYPE,2)","1","1","0","0","0","0","0","0","0","216","2023-03-12 02:58:17.341","Common_Team"
"INT_L_AM_AMMSRT00_1_0","AMMSRT00_RT_CB_STAT","LEFT(AMMSRT00_RT_CB_STAT,2)","1","1","0","0","0","0","0","0","0","217","2023-03-12 02:58:17.341","Common_Team"
"INT_L_AM_AMMSRT00_1_0","AMMSRT00_RT_CB_LST_RPT_DATE","LEFT(AMMSRT00_RT_CB_LST_RPT_DATE,8)","1","1","0","0","0","0","0","0","0","218","2023-03-12 02:58:17.341","Common_Team"
"INT_L_AM_AMMSRT00_1_0","AMMSRT00_CF_CB_ASSOC_CHG_CD","LEFT(AMMSRT00_CF_CB_ASSOC_CHG_CD,1)","1","1","0","0","0","0","0","0","0","219","2023-03-12 02:58:17.341","Common_Team"
"INT_L_AM_AMMSRT00_1_0","AMMSRT00_RT_CB_COMMENT_CD","LEFT(AMMSRT00_RT_CB_COMMENT_CD,2)","1","1","0","0","0","0","0","0","0","220","2023-03-12 02:58:17.341","Common_Team"
"INT_L_AM_AMMSRT00_1_0","AMMSRT00_CF_LIABILITY_TYPE","LEFT(AMMSRT00_CF_LIABILITY_TYPE,1)","1","1","0","0","0","0","0","0","0","221","2023-03-12 02:58:17.341","Common_Team"
"INT_L_AM_AMMSRT00_1_0","AMMSRT00_RT_CURR_DUE_AMT","AM_AMMSRT00_1_0.AMMSRT00_RT_CURR_DUE_AMT","0","1","0","0","0","0","0","0","0","222","2023-03-12 02:58:17.341","worada"
"INT_L_AM_AMMSRT00_1_0","AMMSRT00_RT_CB_RPT_IND","LEFT(AMMSRT00_RT_CB_RPT_IND,1)","1","1","0","0","0","0","0","0","0","223","2023-03-12 02:58:17.341","Common_Team"
"INT_L_AM_AMMSRT00_1_0","AMMSRT00_RT_REPMT_MOD_IND","LEFT(AMMSRT00_RT_REPMT_MOD_IND,1)","1","1","0","0","0","0","0","0","0","224","2023-03-12 02:58:17.341","Common_Team"
"INT_L_AM_AMMSRT00_1_0","AMMSRT00_RT_ORIG_CM_AMT","AM_AMMSRT00_1_0.AMMSRT00_RT_ORIG_CM_AMT","0","1","0","0","0","0","0","0","0","225","2023-03-12 02:58:17.341","worada"
"INT_L_AM_AMMSRT00_1_0","AMMSRT00_RT_NXT_AUTO_DR_DATE","LEFT(AMMSRT00_RT_NXT_AUTO_DR_DATE,8)","1","1","0","0","0","0","0","0","0","226","2023-03-12 02:58:17.341","Common_Team"
"INT_L_AM_AMMSRT00_1_0","AMMSRT00_RT_PR_FACE_AMT","AM_AMMSRT00_1_0.AMMSRT00_RT_PR_FACE_AMT","0","1","0","0","0","0","0","0","0","227","2023-03-12 02:58:17.341","worada"
"INT_L_AM_AMMSRT00_1_0","AMMSRT00_RT_CB_DAG_IND","LEFT(AMMSRT00_RT_CB_DAG_IND,1)","1","1","0","0","0","0","0","0","0","228","2023-03-12 02:58:17.341","Common_Team"
"INT_L_AM_AMMSRT00_1_0","AMMSRT00_RT_PMT_SCHED_REV_DATE","LEFT(AMMSRT00_RT_PMT_SCHED_REV_DATE,8)","1","1","0","0","0","0","0","0","0","229","2023-03-12 02:58:17.341","Common_Team"
"INT_L_AM_AMMSRT00_1_0","AMMSRT00_RT_MATUR_BILL_DATE","LEFT(AMMSRT00_RT_MATUR_BILL_DATE,8)","1","1","0","0","0","0","0","0","0","230","2023-03-12 02:58:17.341","Common_Team"
"INT_L_AM_AMMSRT00_1_0","AMMSRT00_RT_PREBILL_DUE","LEFT(AMMSRT00_RT_PREBILL_DUE,1)","1","1","0","0","0","0","0","0","0","231","2023-03-12 02:58:17.341","Common_Team"
"INT_L_AM_AMMSRT00_1_0","AMMSRT00_RT_POSTBILL_DUE","LEFT(AMMSRT00_RT_POSTBILL_DUE,1)","1","1","0","0","0","0","0","0","0","232","2023-03-12 02:58:17.341","Common_Team"
"INT_L_AM_AMMSRT00_1_0","AMMSRT00_RT_REPO_PRIN_AMT","AM_AMMSRT00_1_0.AMMSRT00_RT_REPO_PRIN_AMT","0","1","0","0","0","0","0","0","0","233","2023-03-12 02:58:17.341","worada"
"INT_L_AM_AMMSRT00_1_0","AMMSRT00_RT_CDUE_RECALC_IND","LEFT(AMMSRT00_RT_CDUE_RECALC_IND,1)","1","1","0","0","0","0","0","0","0","234","2023-03-12 02:58:17.341","Common_Team"
"INT_L_AM_AMMSRT00_1_0","AMMSRT00_RT_PRTL_PMT_IND","LEFT(AMMSRT00_RT_PRTL_PMT_IND,1)","1","1","0","0","0","0","0","0","0","235","2023-03-12 02:58:17.341","Common_Team"
"INT_L_AM_AMMSRT00_1_0","AMMSRT00_RT_PRTL_PMT","AM_AMMSRT00_1_0.AMMSRT00_RT_PRTL_PMT","0","1","0","0","0","0","0","0","0","236","2023-03-12 02:58:17.341","worada"
"INT_L_AM_AMMSRT00_1_0","AMMSRT00_RT_POFF_PRT_IND","LEFT(AMMSRT00_RT_POFF_PRT_IND,1)","1","1","0","0","0","0","0","0","0","237","2023-03-12 02:58:17.341","Common_Team"
"INT_L_AM_AMMSRT00_1_0","AMMSRT00_RT_POFF_SUS_REAS","LEFT(AMMSRT00_RT_POFF_SUS_REAS,2)","1","1","0","0","0","0","0","0","0","238","2023-03-12 02:58:17.341","Common_Team"
"INT_L_AM_AMMSRT00_1_0","AMMSRT00_RT_POFF_RECALC_IND","LEFT(AMMSRT00_RT_POFF_RECALC_IND,1)","1","1","0","0","0","0","0","0","0","239","2023-03-12 02:58:17.341","Common_Team"
"INT_L_AM_AMMSRT00_1_0","AMMSRT00_RT_POFF_AMT","AM_AMMSRT00_1_0.AMMSRT00_RT_POFF_AMT","0","1","0","0","0","0","0","0","0","240","2023-03-12 02:58:17.341","worada"
"INT_L_AM_AMMSRT00_1_0","AMMSRT00_RT_MIN_POFF_AMT","AM_AMMSRT00_1_0.AMMSRT00_RT_MIN_POFF_AMT","0","1","0","0","0","0","0","0","0","241","2023-03-12 02:58:17.341","worada"
"INT_L_AM_AMMSRT00_1_0","AMMSRT00_RT_MAX_POFF_AMT","AM_AMMSRT00_1_0.AMMSRT00_RT_MAX_POFF_AMT","0","1","0","0","0","0","0","0","0","242","2023-03-12 02:58:17.341","worada"
"INT_L_AM_AMMSRT00_1_0","AMMSRT00_RT_POFF_PNLTY_AMT","AM_AMMSRT00_1_0.AMMSRT00_RT_POFF_PNLTY_AMT","0","1","0","0","0","0","0","0","0","243","2023-03-12 02:58:17.341","worada"
"INT_L_AM_AMMSRT00_1_0","AMMSRT00_RT_POFF_DATE","LEFT(AMMSRT00_RT_POFF_DATE,8)","1","1","0","0","0","0","0","0","0","244","2023-03-12 02:58:17.341","Common_Team"
"INT_L_AM_AMMSRT00_1_0","AMMSRT00_RT_POFF_CHG_DATE","LEFT(AMMSRT00_RT_POFF_CHG_DATE,8)","1","1","0","0","0","0","0","0","0","245","2023-03-12 02:58:17.341","Common_Team"
"INT_L_AM_AMMSRT00_1_0","AMMSRT00_RT_POFF_DLY_AMT","AM_AMMSRT00_1_0.AMMSRT00_RT_POFF_DLY_AMT","0","1","0","0","0","0","0","0","0","246","2023-03-12 02:58:17.341","worada"
"INT_L_AM_AMMSRT00_1_0","AMMSRT00_RT_POFF_NXT_AMT","AM_AMMSRT00_1_0.AMMSRT00_RT_POFF_NXT_AMT","0","1","0","0","0","0","0","0","0","247","2023-03-12 02:58:17.341","worada"
"INT_L_AM_AMMSRT00_1_0","AMMSRT00_RT_POFF_NXT_PNLTY","AM_AMMSRT00_1_0.AMMSRT00_RT_POFF_NXT_PNLTY","0","1","0","0","0","0","0","0","0","248","2023-03-12 02:58:17.341","worada"
"INT_L_AM_AMMSRT00_1_0","AMMSRT00_RT_AUTO_POFF_IND","LEFT(AMMSRT00_RT_AUTO_POFF_IND,1)","1","1","0","0","0","0","0","0","0","249","2023-03-12 02:58:17.341","Common_Team"
"INT_L_AM_AMMSRT00_1_0","AMMSRT00_RT_AUTO_CLOSE_IND","LEFT(AMMSRT00_RT_AUTO_CLOSE_IND,1)","1","1","0","0","0","0","0","0","0","250","2023-03-12 02:58:17.341","Common_Team"
"INT_L_AM_AMMSRT00_1_0","AMMSRT00_RT_NUM_DUE_SEG","LEFT(AMMSRT00_RT_NUM_DUE_SEG,5)","1","1","0","0","0","0","0","0","0","251","2023-03-12 02:58:17.341","Common_Team"
"INT_L_AM_AMMSRT00_1_0","AMMSRT00_RT_NUM_INS_SEG","LEFT(AMMSRT00_RT_NUM_INS_SEG,5)","1","1","0","0","0","0","0","0","0","252","2023-03-12 02:58:17.341","Common_Team"
"INT_L_AM_AMMSRT00_1_0","AMMSRT00_RT_NUM_DISB_SEG","LEFT(AMMSRT00_RT_NUM_DISB_SEG,5)","1","1","0","0","0","0","0","0","0","253","2023-03-12 02:58:17.341","Common_Team"
"INT_L_AM_AMMSRT00_1_0","AMMSRT00_RT_PMTS_IN_GRACE","AM_AMMSRT00_1_0.AMMSRT00_RT_PMTS_IN_GRACE","0","1","0","0","0","0","0","0","0","254","2023-03-12 02:58:17.341","worada"
"INT_L_AM_AMMSRT00_1_0","AMMSRT00_RT_UCCC_IND","LEFT(AMMSRT00_RT_UCCC_IND,1)","1","1","0","0","0","0","0","0","0","255","2023-03-12 02:58:17.341","Common_Team"
"INT_L_AM_AMMSRT00_1_0","AMMSRT00_RT_GRACE_DATE","LEFT(AMMSRT00_RT_GRACE_DATE,8)","1","1","0","0","0","0","0","0","0","256","2023-03-12 02:58:17.341","Common_Team"
"INT_L_AM_AMMSRT00_1_0","AMMSRT00_RT_OLDST_DUE_DEFN","LEFT(AMMSRT00_RT_OLDST_DUE_DEFN,3)","1","1","0","0","0","0","0","0","0","257","2023-03-12 02:58:17.341","Common_Team"
"INT_L_AM_AMMSRT00_1_0","AMMSRT00_RT_NXT_DUE_DEFN","LEFT(AMMSRT00_RT_NXT_DUE_DEFN,3)","1","1","0","0","0","0","0","0","0","258","2023-03-12 02:58:17.341","Common_Team"
"INT_L_AM_AMMSRT00_1_0","AMMSRT00_RT_NEW_THIS_PROC_IND","LEFT(AMMSRT00_RT_NEW_THIS_PROC_IND,1)","1","1","0","0","0","0","0","0","0","259","2023-03-12 02:58:17.341","Common_Team"
"INT_L_AM_AMMSRT00_1_0","AMMSRT00_RT_CLSD_THIS_PROC_IND","LEFT(AMMSRT00_RT_CLSD_THIS_PROC_IND,1)","1","1","0","0","0","0","0","0","0","260","2023-03-12 02:58:17.341","Common_Team"
"INT_L_AM_AMMSRT00_1_0","AMMSRT00_RT_ADDR_THIS_PROC_IND","LEFT(AMMSRT00_RT_ADDR_THIS_PROC_IND,1)","1","1","0","0","0","0","0","0","0","261","2023-03-12 02:58:17.341","Common_Team"
"INT_L_AM_AMMSRT00_1_0","AMMSRT00_RT_CYC_AGGR_END_DATE","LEFT(AMMSRT00_RT_CYC_AGGR_END_DATE,8)","1","1","0","0","0","0","0","0","0","262","2023-03-12 02:58:17.341","Common_Team"
"INT_L_AM_AMMSRT00_1_0","AMMSRT00_RT_YTD_TAX_PD","AM_AMMSRT00_1_0.AMMSRT00_RT_YTD_TAX_PD","0","1","0","0","0","0","0","0","0","263","2023-03-12 02:58:17.341","worada"
"INT_L_AM_AMMSRT00_1_0","AMMSRT00_RT_PRV_YTD_TAX_PD","AM_AMMSRT00_1_0.AMMSRT00_RT_PRV_YTD_TAX_PD","0","1","0","0","0","0","0","0","0","264","2023-03-12 02:58:17.341","worada"
"INT_L_AM_AMMSRT00_1_0","AMMSRT00_CF_CR_SCORE","LEFT(AMMSRT00_CF_CR_SCORE,5)","1","1","0","0","0","0","0","0","0","265","2023-03-12 02:58:17.341","Common_Team"
"INT_L_AM_AMMSRT00_1_0","AMMSRT00_RT_RPT_OFFICER","LEFT(AMMSRT00_RT_RPT_OFFICER,5)","1","1","0","0","0","0","0","0","0","266","2023-03-12 02:58:17.341","Common_Team"
"INT_L_AM_AMMSRT00_1_0","AMMSRT00_RT_GL_KEY","LEFT(AMMSRT00_RT_GL_KEY,30)","1","1","0","0","0","0","0","0","0","267","2023-03-12 02:58:17.341","Common_Team"
"INT_L_AM_AMMSRT00_1_0","AMMSRT00_RT_SNGL_BALLOON_CD","LEFT(AMMSRT00_RT_SNGL_BALLOON_CD,1)","1","1","0","0","0","0","0","0","0","268","2023-03-12 02:58:17.341","Common_Team"
"INT_L_AM_AMMSRT00_1_0","AMMSRT00_RT_MAT_NTC_TEXT_TYPE","LEFT(AMMSRT00_RT_MAT_NTC_TEXT_TYPE,3)","1","1","0","0","0","0","0","0","0","269","2023-03-12 02:58:17.341","Common_Team"
"INT_L_AM_AMMSRT00_1_0","AMMSRT00_RT_LST_REQ_NUM","LEFT(AMMSRT00_RT_LST_REQ_NUM,2)","1","1","0","0","0","0","0","0","0","270","2023-03-12 02:58:17.341","Common_Team"
"INT_L_AM_AMMSRT00_1_0","AMMSRT00_RT_EFP_CD","LEFT(AMMSRT00_RT_EFP_CD,1)","1","1","0","0","0","0","0","0","0","271","2023-03-12 02:58:17.341","Common_Team"
"INT_L_AM_AMMSRT00_1_0","AMMSRT00_RT_EFP_STAT","LEFT(AMMSRT00_RT_EFP_STAT,1)","1","1","0","0","0","0","0","0","0","272","2023-03-12 02:58:17.341","Common_Team"
"INT_L_AM_AMMSRT00_1_0","AMMSRT00_RT_SALES_TAX_IND","LEFT(AMMSRT00_RT_SALES_TAX_IND,1)","1","1","0","0","0","0","0","0","0","273","2023-03-12 02:58:17.341","Common_Team"
"INT_L_AM_AMMSRT00_1_0","AMMSRT00_RT_COMM_PAPER_IND","LEFT(AMMSRT00_RT_COMM_PAPER_IND,1)","1","1","0","0","0","0","0","0","0","274","2023-03-12 02:58:17.341","Common_Team"
"INT_L_AM_AMMSRT00_1_0","AMMSRT00_RT_USER_DESC1","LEFT(AMMSRT00_RT_USER_DESC1,15)","1","1","0","0","0","0","0","0","0","275","2023-03-12 02:58:17.341","Common_Team"
"INT_L_AM_AMMSRT00_1_0","AMMSRT00_RT_USER_AMT1","AM_AMMSRT00_1_0.AMMSRT00_RT_USER_AMT1","0","1","0","0","0","0","0","0","0","276","2023-03-12 02:58:17.341","worada"
"INT_L_AM_AMMSRT00_1_0","AMMSRT00_RT_USER_DATE1","LEFT(AMMSRT00_RT_USER_DATE1,8)","1","1","0","0","0","0","0","0","0","277","2023-03-12 02:58:17.341","Common_Team"
"INT_L_AM_AMMSRT00_1_0","AMMSRT00_RT_USER_DESC2","LEFT(AMMSRT00_RT_USER_DESC2,15)","1","1","0","0","0","0","0","0","1","278","2023-03-12 02:58:17.341","Common_Team"
"INT_L_AM_AMMSRT00_1_0","AMMSRT00_RT_USER_AMT2","AM_AMMSRT00_1_0.AMMSRT00_RT_USER_AMT2","0","1","0","0","0","0","0","0","0","279","2023-03-12 02:58:17.341","worada"
"INT_L_AM_AMMSRT00_1_0","AMMSRT00_RT_USER_DATE2","LEFT(AMMSRT00_RT_USER_DATE2,8)","1","1","0","0","0","0","0","0","0","280","2023-03-12 02:58:17.341","Common_Team"
"INT_L_AM_AMMSRT00_1_0","AMMSRT00_RT_TFR_THIS_PROC_IND","LEFT(AMMSRT00_RT_TFR_THIS_PROC_IND,1)","1","1","0","0","0","0","0","0","0","281","2023-03-12 02:58:17.341","Common_Team"
"INT_L_AM_AMMSRT00_1_0","AMMSRT00_RT_DQ_THIS_PROC_IND","LEFT(AMMSRT00_RT_DQ_THIS_PROC_IND,1)","1","1","0","0","0","0","0","0","0","282","2023-03-12 02:58:17.341","Common_Team"
"INT_L_AM_AMMSRT00_1_0","AMMSRT00_RT_RATE_ADJ_DEFN_IND","LEFT(AMMSRT00_RT_RATE_ADJ_DEFN_IND,1)","1","1","0","0","0","0","0","0","0","283","2023-03-12 02:58:17.341","Common_Team"
"INT_L_AM_AMMSRT00_1_0","AMMSRT00_RT_NXT_AGGR_DATE","LEFT(AMMSRT00_RT_NXT_AGGR_DATE,8)","1","1","0","0","0","0","0","0","0","284","2023-03-12 02:58:17.341","Common_Team"
"INT_L_AM_AMMSRT00_1_0","AMMSRT00_RT_COFF_THIS_PROC_IND","LEFT(AMMSRT00_RT_COFF_THIS_PROC_IND,1)","1","1","0","0","0","0","0","0","0","285","2023-03-12 02:58:17.341","Common_Team"
"INT_L_AM_AMMSRT00_1_0","AMMSRT00_RT_ACTY_ON_COFF_IND","LEFT(AMMSRT00_RT_ACTY_ON_COFF_IND,1)","1","1","0","0","0","0","0","0","0","286","2023-03-12 02:58:17.341","Common_Team"
"INT_L_AM_AMMSRT00_1_0","AMMSRT00_RT_CLASS_CD","LEFT(AMMSRT00_RT_CLASS_CD,2)","1","1","0","0","0","0","0","0","0","287","2023-03-12 02:58:17.341","Common_Team"
"INT_L_AM_AMMSRT00_1_0","AMMSRT00_RT_LOAN_CLSN_CD","LEFT(AMMSRT00_RT_LOAN_CLSN_CD,2)","1","1","0","0","0","0","0","0","0","288","2023-03-12 02:58:17.341","Common_Team"
"INT_L_AM_AMMSRT00_1_0","AMMSRT00_RT_NUM_PMTS_REM","LEFT(AMMSRT00_RT_NUM_PMTS_REM,5)","1","1","0","0","0","0","0","0","0","289","2023-03-12 02:58:17.341","Common_Team"
"INT_L_AM_AMMSRT00_1_0","AMMSRT00_RT_LST_COFF_RCVY_DATE","LEFT(AMMSRT00_RT_LST_COFF_RCVY_DATE,8)","1","1","0","0","0","0","0","0","0","290","2023-03-12 02:58:17.341","Common_Team"
"INT_L_AM_AMMSRT00_1_0","AMMSRT00_RT_NUM_PMTS_AFT_DELQ","LEFT(AMMSRT00_RT_NUM_PMTS_AFT_DELQ,1)","1","1","0","0","0","0","0","0","0","291","2023-03-12 02:58:17.341","Common_Team"
"INT_L_AM_AMMSRT00_1_0","AMMSRT00_RT_NUM_PMTS_THIS_PROC","LEFT(AMMSRT00_RT_NUM_PMTS_THIS_PROC,1)","1","1","0","0","0","0","0","0","0","292","2023-03-12 02:58:17.341","Common_Team"
"INT_L_AM_AMMSRT00_1_0","AMMSRT00_RT_STOP_ADV_TYPE","LEFT(AMMSRT00_RT_STOP_ADV_TYPE,1)","1","1","0","0","0","0","0","0","0","293","2023-03-12 02:58:17.341","Common_Team"
"INT_L_AM_AMMSRT00_1_0","AMMSRT00_RT_STOP_PMT_TYPE","LEFT(AMMSRT00_RT_STOP_PMT_TYPE,1)","1","1","0","0","0","0","0","0","0","294","2023-03-12 02:58:17.341","Common_Team"
"INT_L_AM_AMMSRT00_1_0","AMMSRT00_RT_RISK_RATING","LEFT(AMMSRT00_RT_RISK_RATING,2)","1","1","0","0","0","0","0","0","0","295","2023-03-12 02:58:17.341","Common_Team"
"INT_L_AM_AMMSRT00_1_0","AMMSRT00_RT_CB_DQ_DATE","LEFT(AMMSRT00_RT_CB_DQ_DATE,8)","1","1","0","0","0","0","0","0","0","296","2023-03-12 02:58:17.341","Common_Team"
"INT_L_AM_AMMSRT00_1_0","AMMSRT00_RT_ECON_ACCR_IND","LEFT(AMMSRT00_RT_ECON_ACCR_IND,1)","1","1","0","0","0","0","0","0","0","297","2023-03-12 02:58:17.341","Common_Team"
"INT_L_AM_AMMSRT00_1_0","AMMSRT00_RT_LST_CAPTURE_CD","LEFT(AMMSRT00_RT_LST_CAPTURE_CD,4)","1","1","0","0","0","0","0","0","0","298","2023-03-12 02:58:17.341","Common_Team"
"INT_L_AM_AMMSRT00_1_0","AMMSRT00_RT_LST_CAPTURE_DATE","LEFT(AMMSRT00_RT_LST_CAPTURE_DATE,8)","1","1","0","0","0","0","0","0","0","299","2023-03-12 02:58:17.341","Common_Team"
"INT_L_AM_AMMSRT00_1_0","AMMSRT00_RT_LST_CAPTUR_AMT","AM_AMMSRT00_1_0.AMMSRT00_RT_LST_CAPTUR_AMT","0","1","0","0","0","0","0","0","0","300","2023-03-12 02:58:17.341","worada"
"INT_L_AM_AMMSRT00_1_0","AMMSRT00_RT_POFF_THIS_PER_IND","LEFT(AMMSRT00_RT_POFF_THIS_PER_IND,1)","1","1","0","0","0","0","0","0","0","301","2023-03-12 02:58:17.341","Common_Team"
"INT_L_AM_AMMSRT00_1_0","AMMSRT00_RT_CURTAIL_AMT","AM_AMMSRT00_1_0.AMMSRT00_RT_CURTAIL_AMT","0","1","0","0","0","0","0","0","0","302","2023-03-12 02:58:17.341","worada"
"INT_L_AM_AMMSRT00_1_0","AMMSRT00_RT_RECAP_IND","LEFT(AMMSRT00_RT_RECAP_IND,1)","1","1","0","0","0","0","0","0","0","303","2023-03-12 02:58:17.341","Common_Team"
"INT_L_AM_AMMSRT00_1_0","AMMSRT00_BR_TYPE","LEFT(AMMSRT00_BR_TYPE,3)","1","1","0","0","0","0","0","0","0","304","2023-03-12 02:58:17.341","Common_Team"
"INT_L_AM_AMMSRT00_1_0","AMMSRT00_RT_NUM_DR_CAPTURE","LEFT(AMMSRT00_RT_NUM_DR_CAPTURE,5)","1","1","0","0","0","0","0","0","0","305","2023-03-12 02:58:17.341","Common_Team"
"INT_L_AM_AMMSRT00_1_0","AMMSRT00_RT_NUM_CR_CAPTURE","LEFT(AMMSRT00_RT_NUM_CR_CAPTURE,5)","1","1","0","0","0","0","0","0","0","306","2023-03-12 02:58:17.341","Common_Team"
"INT_L_AM_AMMSRT00_1_0","AMMSRT00_RT_NUM_OT_CAPTURE","LEFT(AMMSRT00_RT_NUM_OT_CAPTURE,5)","1","1","0","0","0","0","0","0","0","307","2023-03-12 02:58:17.341","Common_Team"
"INT_L_AM_AMMSRT00_1_0","AMMSRT00_RT_AMT_DR_CAPTURE","AM_AMMSRT00_1_0.AMMSRT00_RT_AMT_DR_CAPTURE","0","1","0","0","0","0","0","0","0","308","2023-03-12 02:58:17.341","worada"
"INT_L_AM_AMMSRT00_1_0","AMMSRT00_RT_AMT_CR_CAPTURE","AM_AMMSRT00_1_0.AMMSRT00_RT_AMT_CR_CAPTURE","0","1","0","0","0","0","0","0","0","309","2023-03-12 02:58:17.341","worada"
"INT_L_AM_AMMSRT00_1_0","AMMSRT00_RT_BATCH_SF_LMT_DATE","LEFT(AMMSRT00_RT_BATCH_SF_LMT_DATE,8)","1","1","0","0","0","0","0","0","0","310","2023-03-12 02:58:17.341","Common_Team"
"INT_L_AM_AMMSRT00_1_0","AMMSRT00_RT_OL_SF_LMT_DATE","LEFT(AMMSRT00_RT_OL_SF_LMT_DATE,8)","1","1","0","0","0","0","0","0","0","311","2023-03-12 02:58:17.341","Common_Team"
"INT_L_AM_AMMSRT00_1_0","AMMSRT00_RT_SPLIT_RATE_IND","LEFT(AMMSRT00_RT_SPLIT_RATE_IND,1)","1","1","0","0","0","0","0","0","0","312","2023-03-12 02:58:17.341","Common_Team"
"INT_L_AM_AMMSRT00_1_0","AMMSRT00_RT_ORIG_TERM","LEFT(AMMSRT00_RT_ORIG_TERM,5)","1","1","0","0","0","0","0","0","0","313","2023-03-12 02:58:17.341","Common_Team"
"INT_L_AM_AMMSRT00_1_0","AMMSRT00_RT_CURR_TERM","LEFT(AMMSRT00_RT_CURR_TERM,5)","1","1","0","0","0","0","0","0","0","314","2023-03-12 02:58:17.341","Common_Team"
"INT_L_AM_AMMSRT00_1_0","AMMSRT00_RT_MAX_TERM","LEFT(AMMSRT00_RT_MAX_TERM,5)","1","1","0","0","0","0","0","0","0","315","2023-03-12 02:58:17.341","Common_Team"
"INT_L_AM_AMMSRT00_1_0","AMMSRT00_RT_ALT_RET_ADDR_CD","LEFT(AMMSRT00_RT_ALT_RET_ADDR_CD,4)","1","1","0","0","0","0","0","0","0","316","2023-03-12 02:58:17.341","Common_Team"
"INT_L_AM_AMMSRT00_1_0","AMMSRT00_RT_CB_CONS_CMP_CD","LEFT(AMMSRT00_RT_CB_CONS_CMP_CD,2)","1","1","0","0","0","0","0","0","0","317","2023-03-12 02:58:17.341","Common_Team"
"INT_L_AM_AMMSRT00_1_0","AMMSRT00_CF_GUID_LINE","LEFT(AMMSRT00_CF_GUID_LINE,2)","1","1","0","0","0","0","0","0","0","318","2023-03-12 02:58:17.341","Common_Team"
"INT_L_AM_AMMSRT00_1_0","AMMSRT00_RT_MAX_LOAN_RATE","AM_AMMSRT00_1_0.AMMSRT00_RT_MAX_LOAN_RATE","0","1","0","0","0","0","0","0","0","319","2023-03-12 02:58:17.341","worada"
"INT_L_AM_AMMSRT00_1_0","AMMSRT00_RT_CAPZ_PEND_DATE","LEFT(AMMSRT00_RT_CAPZ_PEND_DATE,8)","1","1","0","0","0","0","0","0","0","320","2023-03-12 02:58:17.341","Common_Team"
"INT_L_AM_AMMSRT00_1_0","AMMSRT00_RT_CA_SCHED_PURG_DATE","LEFT(AMMSRT00_RT_CA_SCHED_PURG_DATE,8)","1","1","0","0","0","0","0","0","0","321","2023-03-12 02:58:17.341","Common_Team"
"INT_L_AM_AMMSRT00_1_0","AMMSRT00_SE_SALE_NUM","LEFT(AMMSRT00_SE_SALE_NUM,6)","1","1","0","0","0","0","0","0","0","322","2023-03-12 02:58:17.341","Common_Team"
"INT_L_AM_AMMSRT00_1_0","AMMSRT00_SE_SALE_SEQ","LEFT(AMMSRT00_SE_SALE_SEQ,2)","1","1","0","0","0","0","0","0","0","323","2023-03-12 02:58:17.341","Common_Team"
"INT_L_AM_AMMSRT00_1_0","AMMSRT00_RT_OL_SS_DATE","LEFT(AMMSRT00_RT_OL_SS_DATE,11)","1","1","0","0","0","0","0","0","0","324","2023-03-12 02:58:17.341","Common_Team"
"INT_L_AM_AMMSRT00_1_0","AMMSRT00_RT_ADV_CTL_IND","LEFT(AMMSRT00_RT_ADV_CTL_IND,1)","1","1","0","0","0","0","0","0","0","325","2023-03-12 02:58:17.341","Common_Team"
"INT_L_AM_AMMSRT00_1_0","AMMSRT00_RT_SE_COMMIT_DATE","LEFT(AMMSRT00_RT_SE_COMMIT_DATE,8)","1","1","0","0","0","0","0","0","0","326","2023-03-12 02:58:17.341","Common_Team"
"INT_L_AM_AMMSRT00_1_0","AMMSRT00_RT_POOL_CD","LEFT(AMMSRT00_RT_POOL_CD,1)","1","1","0","0","0","0","0","0","0","327","2023-03-12 02:58:17.341","Common_Team"
"INT_L_AM_AMMSRT00_1_0","AMMSRT00_RT_NXT_RATE_PROC_DATE","LEFT(AMMSRT00_RT_NXT_RATE_PROC_DATE,8)","1","1","0","0","0","0","0","0","0","328","2023-03-12 02:58:17.341","Common_Team"
"INT_L_AM_AMMSRT00_1_0","AMMSRT00_RT_ACTL_PMTS_REM","LEFT(REPLACE(AMMSRT00_RT_ACTL_PMTS_REM, '-', '0'),5)","1","1","0","0","0","0","0","0","0","329","2023-03-12 02:58:17.341","Common_Team"
"INT_L_AM_AMMSRT00_1_0","AMMSRT00_TD_IND","LEFT(AMMSRT00_TD_IND,1)","1","1","0","0","0","0","0","0","0","330","2023-03-12 02:58:17.341","Common_Team"
"INT_L_AM_AMMSRT00_1_0","AMMSRT00_RT_PLEDGE_CD","LEFT(AMMSRT00_RT_PLEDGE_CD,4)","1","1","0","0","0","0","0","0","0","331","2023-03-12 02:58:17.341","Common_Team"
"INT_L_AM_AMMSRT00_1_0","AMMSRT00_RT_PREV_NXTDAY_CD","LEFT(AMMSRT00_RT_PREV_NXTDAY_CD,1)","1","1","0","0","0","0","0","0","0","332","2023-03-12 02:58:17.341","Common_Team"
"INT_L_AM_AMMSRT00_1_0","AMMSRT00_RT_AUTO_CAN_DATE","LEFT(AMMSRT00_RT_AUTO_CAN_DATE,8)","1","1","0","0","0","0","0","0","0","333","2023-03-12 02:58:17.341","Common_Team"
"INT_L_AM_AMMSRT00_1_0","AMMSRT00_RT_PREV_LOG_RBA","LEFT(AMMSRT00_RT_PREV_LOG_RBA,9)","1","1","0","0","0","0","0","0","0","334","2023-03-12 02:58:17.341","Common_Team"
"INT_L_AM_AMMSRT00_1_0","AMMSRT00_RT_PREV_LOG_GRP","LEFT(AMMSRT00_RT_PREV_LOG_GRP,2)","1","1","0","0","0","0","0","0","0","335","2023-03-12 02:58:17.341","Common_Team"
"INT_L_AM_AMMSRT00_1_0","AMMSRT00_RT_ACTY_NEG_LOC_IND","LEFT(AMMSRT00_RT_ACTY_NEG_LOC_IND,1)","1","1","0","0","0","0","0","0","0","336","2023-03-12 02:58:17.341","Common_Team"
"INT_L_AM_AMMSRT00_1_0","AMMSRT00_RT_MAT_AUTO_METH","LEFT(AMMSRT00_RT_MAT_AUTO_METH,1)","1","1","0","0","0","0","0","0","0","337","2023-03-12 02:58:17.341","Common_Team"
"INT_L_AM_AMMSRT00_1_0","AMMSRT00_RT_MAT_AUTO_DAYS","LEFT(AMMSRT00_RT_MAT_AUTO_DAYS,5)","1","1","0","0","0","0","0","0","0","338","2023-03-12 02:58:17.341","Common_Team"
"INT_L_AM_AMMSRT00_1_0","AMMSRT00_RT_KO_FORCE_IND","LEFT(AMMSRT00_RT_KO_FORCE_IND,1)","1","1","0","0","0","0","0","0","0","339","2023-03-12 02:58:17.341","Common_Team"
"INT_L_AM_AMMSRT00_1_0","AMMSRT00_RT_KO_STAT_CD","LEFT(AMMSRT00_RT_KO_STAT_CD,1)","1","1","0","0","0","0","0","0","0","340","2023-03-12 02:58:17.341","Common_Team"
"INT_L_AM_AMMSRT00_1_0","AMMSRT00_RT_KO_TIMES_REM","LEFT(AMMSRT00_RT_KO_TIMES_REM,5)","1","1","0","0","0","0","0","0","0","341","2023-03-12 02:58:17.341","Common_Team"
"INT_L_AM_AMMSRT00_1_0","AMMSRT00_RT_USER_PCT1","AM_AMMSRT00_1_0.AMMSRT00_RT_USER_PCT1","0","1","0","0","0","0","0","0","0","342","2023-03-12 02:58:17.341","worada"
"INT_L_AM_AMMSRT00_1_0","AMMSRT00_RT_USER_PCT2","AM_AMMSRT00_1_0.AMMSRT00_RT_USER_PCT2","0","1","0","0","0","0","0","0","0","343","2023-03-12 02:58:17.341","worada"
"INT_L_AM_AMMSRT00_1_0","AMMSRT00_RT_USER_PCT3","AM_AMMSRT00_1_0.AMMSRT00_RT_USER_PCT3","0","1","0","0","0","0","0","0","0","344","2023-03-12 02:58:17.341","worada"
"INT_L_AM_AMMSRT00_1_0","AMMSRT00_RT_SCHED_BAL_PROC_IND","LEFT(AMMSRT00_RT_SCHED_BAL_PROC_IND,1)","1","1","0","0","0","0","0","0","0","345","2023-03-12 02:58:17.341","Common_Team"
"INT_L_AM_AMMSRT00_1_0","AMMSRT00_CF_LANG_CD","LEFT(AMMSRT00_CF_LANG_CD,2)","1","1","0","0","0","0","0","0","0","346","2023-03-12 02:58:17.341","Common_Team"
"INT_L_AM_AMMSRT00_1_0","AMMSRT00_CF_LANG_GROUP","LEFT(AMMSRT00_CF_LANG_GROUP,1)","1","1","0","0","0","0","0","0","0","347","2023-03-12 02:58:17.341","Common_Team"
"INT_L_AM_AMMSRT00_1_0","AMMSRT00_RT_CURRNCY","LEFT(AMMSRT00_RT_CURRNCY,3)","1","1","0","0","0","0","0","0","0","348","2023-03-12 02:58:17.341","Common_Team"
"INT_L_AM_AMMSRT00_1_0","AMMSRT00_RT_CURRNCY_DEC","LEFT(AMMSRT00_RT_CURRNCY_DEC,1)","1","1","0","0","0","0","0","0","0","349","2023-03-12 02:58:17.341","Common_Team"
"INT_L_AM_AMMSRT00_1_0","AMMSRT00_RT_SDW_STAT","LEFT(AMMSRT00_RT_SDW_STAT,1)","1","1","0","0","0","0","0","0","0","350","2023-03-12 02:58:17.341","Common_Team"
"INT_L_AM_AMMSRT00_1_0","AMMSRT00_RT_LOAN_PERS_IND","LEFT(AMMSRT00_RT_LOAN_PERS_IND,1)","1","1","0","0","0","0","0","0","0","351","2023-03-12 02:58:17.341","Common_Team"
"INT_L_AM_AMMSRT00_1_0","AMMSRT00_RT_TOT_IBR_REC","AM_AMMSRT00_1_0.AMMSRT00_RT_TOT_IBR_REC","0","1","0","0","0","0","0","0","0","352","2023-03-12 02:58:17.341","worada"
"INT_L_AM_AMMSRT00_1_0","AMMSRT00_RT_TOT_IBR_REB","AM_AMMSRT00_1_0.AMMSRT00_RT_TOT_IBR_REB","0","1","0","0","0","0","0","0","0","353","2023-03-12 02:58:17.341","worada"
"INT_L_AM_AMMSRT00_1_0","AMMSRT00_RT_PTC_CD","LEFT(AMMSRT00_RT_PTC_CD,1)","1","1","0","0","0","0","0","0","0","354","2023-03-12 02:58:17.341","Common_Team"
"INT_L_AM_AMMSRT00_1_0","AMMSRT00_RT_PTC_BHT_SLD_CD","LEFT(AMMSRT00_RT_PTC_BHT_SLD_CD,1)","1","1","0","0","0","0","0","0","0","355","2023-03-12 02:58:17.341","Common_Team"
"INT_L_AM_AMMSRT00_1_0","AMMSRT00_RT_SOLD_CD","LEFT(AMMSRT00_RT_SOLD_CD,1)","1","1","0","0","0","0","0","0","0","356","2023-03-12 02:58:17.341","Common_Team"
"INT_L_AM_AMMSRT00_1_0","AMMSRT00_RT_PR_CD","LEFT(AMMSRT00_RT_PR_CD,1)","1","1","0","0","0","0","0","0","0","357","2023-03-12 02:58:17.341","Common_Team"
"INT_L_AM_AMMSRT00_1_0","AMMSRT00_RT_PR_NBR_ITEMS","LEFT(AMMSRT00_RT_PR_NBR_ITEMS,7)","1","1","0","0","0","0","0","0","0","358","2023-03-12 02:58:17.341","Common_Team"
"INT_L_AM_AMMSRT00_1_0","AMMSRT00_WK_TSD_RESERVED","LEFT(AMMSRT00_WK_TSD_RESERVED,165)","1","1","0","0","0","0","0","0","0","359","2023-03-12 02:58:17.341","Common_Team"
"INT_L_AM_AMMSRT00_1_0","AMMSRT00_RT_TOT_INT","AM_AMMSRT00_1_0.AMMSRT00_RT_TOT_INT","0","1","0","0","0","0","0","0","0","360","2023-03-12 02:58:17.341","worada"
"INT_L_AM_AMMSRT00_1_0","AMMSRT00_RT_OLDST_BAL_DATE","LEFT(AMMSRT00_RT_OLDST_BAL_DATE,8)","1","1","0","0","0","0","0","0","0","361","2023-03-12 02:58:17.341","Common_Team"
"INT_L_AM_AMMSRT00_1_0","AMMSRT00_WK_USER_AREA","LEFT(AMMSRT00_WK_USER_AREA,52)","1","1","0","0","0","0","0","0","0","362","2023-03-12 02:58:17.341","Common_Team"
"INT_L_AM_AMMSRT00_1_0","START_DT","","0","1","0","0","0","0","0","0","0","363","2023-03-12 02:58:17.341","worada"
"INT_L_AM_AMMSRT00_1_0","END_DT","","0","1","0","0","0","0","0","0","0","364","2023-03-12 02:58:17.341","worada"
"INT_L_AM_AMMSRT00_1_0","RECORD_DELETED_FLAG","","0","1","0","0","0","0","0","0","0","365","2023-03-12 02:58:17.341","worada"
"INT_L_AM_AMMSRT00_1_0","CTL_ID","","0","1","0","0","0","0","0","0","0","366","2023-03-12 02:58:17.341","worada"
"INT_L_AM_AMMSRT00_1_0","INS_PROC_NAME","","0","1","0","0","0","0","0","0","0","367","2023-03-12 02:58:17.341","worada"
"INT_L_AM_AMMSRT00_1_0","INS_TXF_BATCHID","","0","1","0","0","0","0","0","0","0","368","2023-03-12 02:58:17.341","worada"
"INT_L_AM_AMMSRT00_1_0","UPD_PROC_NAME","","0","1","0","0","0","0","0","0","0","369","2023-03-12 02:58:17.341","worada"
"INT_L_AM_AMMSRT00_1_0","UPD_TXF_BATCHID","","0","1","0","0","0","0","0","0","0","370","2023-03-12 02:58:17.341","worada"
