"INTERFACE_NAME","COL_NAME","EXPRESSION","EXE_DB","INSERT_FLAG","UPDATE_FLAG","KEY_UPD","UD1","UD2","UD3","UD4","UD5","COL_POSITION","LAST_UPDATE_DATE","LAST_UPDATE_USER"
"INT_L_CSENT_EDW_COMPANY_MAPPING","COMPANY_CODE","LEFT(COMPANY_CODE,50)","1","1","0","0","0","0","0","0","0","1","2023-03-12 02:21:19.704","Common_Team"
"INT_L_CSENT_EDW_COMPANY_MAPPING","CONSENT_VERSION","LEFT(CONSENT_VERSION,50)","1","1","0","0","0","0","0","0","0","2","2023-03-12 02:21:19.704","Common_Team"
"INT_L_CSENT_EDW_COMPANY_MAPPING","STATUS","LEFT(STATUS,1)","1","1","0","0","0","0","0","0","0","3","2023-03-12 02:21:19.704","Common_Team"
"INT_L_CSENT_EDW_COMPANY_MAPPING","LAST_UPDATE","to_timestamp(trim(LAST_UPDATE))","1","1","0","0","0","0","0","0","0","4","2023-03-12 02:21:19.704","nuttsak.wong"
"INT_L_CSENT_EDW_COMPANY_MAPPING","CONSENT_PARTNER_VERSION_ID","LEFT(CONSENT_PARTNER_VERSION_ID,36)","1","1","0","0","1","0","0","0","0","5","2023-03-12 02:21:19.704","Common_Team"
"INT_L_CSENT_EDW_COMPANY_MAPPING","INDUSTRY_CODE","LEFT(INDUSTRY_CODE,50)","1","1","0","0","0","0","0","0","0","6","2023-03-12 02:21:19.704","Common_Team"
"INT_L_CSENT_EDW_COMPANY_MAPPING","OBJECTIVE_CODE","LEFT(OBJECTIVE_CODE,50)","1","1","0","0","0","0","0","0","0","7","2023-03-12 02:21:19.704","Common_Team"
"INT_L_CSENT_EDW_COMPANY_MAPPING","START_DT","","0","1","0","0","0","0","0","0","0","8","2023-03-12 02:21:19.704","nuttsak.wong"
"INT_L_CSENT_EDW_COMPANY_MAPPING","END_DT","","0","1","0","0","0","0","0","0","0","9","2023-03-12 02:21:19.704","nuttsak.wong"
"INT_L_CSENT_EDW_COMPANY_MAPPING","RECORD_DELETED_FLAG","","0","1","0","0","0","0","0","0","0","10","2023-03-12 02:21:19.704","nuttsak.wong"
"INT_L_CSENT_EDW_COMPANY_MAPPING","CTL_ID","","0","1","0","0","0","0","0","0","0","11","2023-03-12 02:21:19.704","nuttsak.wong"
"INT_L_CSENT_EDW_COMPANY_MAPPING","INS_PROC_NAME","","0","1","0","0","0","0","0","0","0","12","2023-03-12 02:21:19.704","nuttsak.wong"
"INT_L_CSENT_EDW_COMPANY_MAPPING","INS_TXF_BATCHID","","0","1","0","0","0","0","0","0","0","13","2023-03-12 02:21:19.704","nuttsak.wong"
"INT_L_CSENT_EDW_COMPANY_MAPPING","UPD_PROC_NAME","","0","1","0","0","0","0","0","0","0","14","2023-03-12 02:21:19.704","nuttsak.wong"
"INT_L_CSENT_EDW_COMPANY_MAPPING","UPD_TXF_BATCHID","","0","1","0","0","0","0","0","0","0","15","2023-03-12 02:21:19.704","nuttsak.wong"
