"INTERFACE_NAME","COL_NAME","EXPRESSION","EXE_DB","INSERT_FLAG","UPDATE_FLAG","KEY_UPD","UD1","UD2","UD3","UD4","UD5","COL_POSITION","LAST_UPDATE_DATE","LAST_UPDATE_USER"
"INT_L_FRC_EDW_HCRETURN_CHQNO_T1","REF_NO","LEFT(REF_NO,16)","1","1","0","0","0","0","0","0","0","1","2023-03-12 02:32:04.186","Common_Team"
"INT_L_FRC_EDW_HCRETURN_CHQNO_T1","CHQ_NO","LEFT(CHQ_NO,18)","1","1","0","0","0","0","0","0","0","2","2023-03-12 02:32:04.186","Common_Team"
"INT_L_FRC_EDW_HCRETURN_CHQNO_T1","BRN_NO","LEFT(BRN_NO,5)","1","1","0","0","0","0","0","0","0","3","2023-03-12 02:32:04.186","Common_Team"
"INT_L_FRC_EDW_HCRETURN_CHQNO_T1","BR_NO","LEFT(BR_NO,9)","1","1","0","0","0","0","0","0","0","4","2023-03-12 02:32:04.186","Common_Team"
"INT_L_FRC_EDW_HCRETURN_CHQNO_T1","DRW_BANK","LEFT(DRW_BANK,40)","1","1","0","0","0","0","0","0","0","5","2023-03-12 02:32:04.186","Common_Team"
"INT_L_FRC_EDW_HCRETURN_CHQNO_T1","BGT_DATE","(COALESCE(to_date(SUBSTR(replace(BGT_DATE,'-',''),1,8) ,'yyyyMMdd'),to_date('1000-01-03')))","1","1","0","0","0","0","0","0","0","6","2023-03-12 02:32:04.186","hathaipat"
"INT_L_FRC_EDW_HCRETURN_CHQNO_T1","BUY_RATE","FRC_HCRETURN_CHQNO_1_0.BUY_RATE","0","1","0","0","0","0","0","0","0","7","2023-03-12 02:32:04.186","hathaipat"
"INT_L_FRC_EDW_HCRETURN_CHQNO_T1","EXCH_RATE","FRC_HCRETURN_CHQNO_1_0.EXCH_RATE","0","1","0","0","0","0","0","0","0","8","2023-03-12 02:32:04.186","hathaipat"
"INT_L_FRC_EDW_HCRETURN_CHQNO_T1","BANK_CHG_CODE","LEFT(BANK_CHG_CODE,12)","1","1","0","0","0","0","0","0","0","9","2023-03-12 02:32:04.186","Common_Team"
"INT_L_FRC_EDW_HCRETURN_CHQNO_T1","CUR_CHG","LEFT(CUR_CHG,3)","1","1","0","0","0","0","0","0","0","10","2023-03-12 02:32:04.186","Common_Team"
"INT_L_FRC_EDW_HCRETURN_CHQNO_T1","FRG_BANK_CHG","FRC_HCRETURN_CHQNO_1_0.FRG_BANK_CHG","0","1","0","0","0","0","0","0","0","11","2023-03-12 02:32:04.186","hathaipat"
"INT_L_FRC_EDW_HCRETURN_CHQNO_T1","POST_CHG","FRC_HCRETURN_CHQNO_1_0.POST_CHG","0","1","0","0","0","0","0","0","0","12","2023-03-12 02:32:04.186","hathaipat"
"INT_L_FRC_EDW_HCRETURN_CHQNO_T1","CUR_AMT","FRC_HCRETURN_CHQNO_1_0.CUR_AMT","0","1","0","0","0","0","0","0","0","13","2023-03-12 02:32:04.186","hathaipat"
"INT_L_FRC_EDW_HCRETURN_CHQNO_T1","FT_NO","LEFT(FT_NO,14)","1","1","0","0","0","0","0","0","0","14","2023-03-12 02:32:04.186","Common_Team"
"INT_L_FRC_EDW_HCRETURN_CHQNO_T1","RET_RESN","LEFT(RET_RESN,35)","1","1","0","0","0","0","0","0","0","15","2023-03-12 02:32:04.186","Common_Team"
"INT_L_FRC_EDW_HCRETURN_CHQNO_T1","RET_AMT_BY","LEFT(RET_AMT_BY,1)","1","1","0","0","0","0","0","0","0","16","2023-03-12 02:32:04.186","Common_Team"
"INT_L_FRC_EDW_HCRETURN_CHQNO_T1","RET_NO","LEFT(RET_NO,16)","1","1","0","0","0","0","0","0","0","17","2023-03-12 02:32:04.186","Common_Team"
"INT_L_FRC_EDW_HCRETURN_CHQNO_T1","REG_NO","LEFT(REG_NO,10)","1","1","0","0","0","0","0","0","0","18","2023-03-12 02:32:04.186","Common_Team"
"INT_L_FRC_EDW_HCRETURN_CHQNO_T1","CHARGE_BY","LEFT(CHARGE_BY,1)","1","1","0","0","0","0","0","0","0","19","2023-03-12 02:32:04.186","Common_Team"
"INT_L_FRC_EDW_HCRETURN_CHQNO_T1","INT_RATE","FRC_HCRETURN_CHQNO_1_0.INT_RATE","0","1","0","0","0","0","0","0","0","20","2023-03-12 02:32:04.186","hathaipat"
"INT_L_FRC_EDW_HCRETURN_CHQNO_T1","RET_DATE","(COALESCE(to_date(SUBSTR(replace(RET_DATE,'-',''),1,8) ,'yyyyMMdd'),to_date('1000-01-03')))","1","1","0","0","0","0","0","0","0","21","2023-03-12 02:32:04.186","hathaipat"
"INT_L_FRC_EDW_HCRETURN_CHQNO_T1","BAHT_AMT","FRC_HCRETURN_CHQNO_1_0.BAHT_AMT","0","1","0","0","0","0","0","0","0","22","2023-03-12 02:32:04.186","hathaipat"
"INT_L_FRC_EDW_HCRETURN_CHQNO_T1","START_DT","","0","1","0","0","0","0","0","0","0","23","2023-03-12 02:32:04.186","hathaipat"
"INT_L_FRC_EDW_HCRETURN_CHQNO_T1","END_DT","","0","1","0","0","0","0","0","0","0","24","2023-03-12 02:32:04.186","hathaipat"
"INT_L_FRC_EDW_HCRETURN_CHQNO_T1","RECORD_DELETED_FLAG","","0","1","0","0","0","0","0","0","0","25","2023-03-12 02:32:04.186","hathaipat"
"INT_L_FRC_EDW_HCRETURN_CHQNO_T1","CTL_ID","","0","1","0","0","0","0","0","0","0","26","2023-03-12 02:32:04.186","hathaipat"
"INT_L_FRC_EDW_HCRETURN_CHQNO_T1","INS_PROC_NAME","","0","1","0","0","0","0","0","0","0","27","2023-03-12 02:32:04.186","hathaipat"
"INT_L_FRC_EDW_HCRETURN_CHQNO_T1","INS_TXF_BATCHID","","0","1","0","0","0","0","0","0","0","28","2023-03-12 02:32:04.186","hathaipat"
"INT_L_FRC_EDW_HCRETURN_CHQNO_T1","UPD_PROC_NAME","","0","1","0","0","0","0","0","0","0","29","2023-03-12 02:32:04.186","hathaipat"
"INT_L_FRC_EDW_HCRETURN_CHQNO_T1","UPD_TXF_BATCHID","","0","1","0","0","0","0","0","0","0","30","2023-03-12 02:32:04.186","hathaipat"
