"INTERFACE_NAME","COL_NAME","EXPRESSION","EXE_DB","INSERT_FLAG","UPDATE_FLAG","KEY_UPD","UD1","UD2","UD3","UD4","UD5","COL_POSITION","LAST_UPDATE_DATE","LAST_UPDATE_USER"
"INT_L_EPP_EDW_SCHD","SCHDKY","EPP_SCHD_1_0.SCHDKY","0","1","0","0","1","0","0","0","0","1","2023-03-12 03:23:37.552","mfec_process"
"INT_L_EPP_EDW_SCHD","SCHDNAME","LEFT(SCHDNAME,20)","1","1","0","0","0","0","0","0","0","2","2023-03-12 03:23:37.552","Common_Team"
"INT_L_EPP_EDW_SCHD","SCHDDESC","LEFT(SCHDDESC,1024)","1","1","0","0","0","0","0","0","0","3","2023-03-12 03:23:37.552","Common_Team"
"INT_L_EPP_EDW_SCHD","START_DT","","0","1","0","0","0","0","0","0","0","4","2023-03-12 03:23:37.552","nuttsak.wong"
"INT_L_EPP_EDW_SCHD","END_DT","","0","1","0","0","0","0","0","0","0","5","2023-03-12 03:23:37.552","nuttsak.wong"
"INT_L_EPP_EDW_SCHD","RECORD_DELETED_FLAG","","0","1","0","0","0","0","0","0","0","6","2023-03-12 03:23:37.552","nuttsak.wong"
"INT_L_EPP_EDW_SCHD","CTL_ID","","0","1","0","0","0","0","0","0","0","7","2023-03-12 03:23:37.552","nuttsak.wong"
"INT_L_EPP_EDW_SCHD","INS_PROC_NAME","","0","1","0","0","0","0","0","0","0","8","2023-03-12 03:23:37.552","nuttsak.wong"
"INT_L_EPP_EDW_SCHD","INS_TXF_BATCHID","","0","1","0","0","0","0","0","0","0","9","2023-03-12 03:23:37.552","nuttsak.wong"
"INT_L_EPP_EDW_SCHD","UPD_PROC_NAME","","0","1","0","0","0","0","0","0","0","10","2023-03-12 03:23:37.552","nuttsak.wong"
"INT_L_EPP_EDW_SCHD","UPD_TXF_BATCHID","","0","1","0","0","0","0","0","0","0","11","2023-03-12 03:23:37.552","nuttsak.wong"
