"INTERFACE_NAME","COL_NAME","EXPRESSION","EXE_DB","INSERT_FLAG","UPDATE_FLAG","KEY_UPD","UD1","UD2","UD3","UD4","UD5","COL_POSITION","LAST_UPDATE_DATE","LAST_UPDATE_USER"
"INT_L_B2K_BCFDTLR_1_0","EDW_RECORD_NO","0","1","1","0","0","1","0","0","0","0","1","2023-03-12 03:39:20.437","worada"
"INT_L_B2K_BCFDTLR_1_0","FT_TRAN_CODE","B2K_BCFDTLR_1_0.FT_TRAN_CODE","0","1","0","0","0","0","0","0","0","2","2023-03-12 03:39:20.437","worada"
"INT_L_B2K_BCFDTLR_1_0","FT_TRAN_CODE_SUB","lpad(rtrim(FT_TRAN_CODE_SUB),2, '0')","1","1","0","0","0","0","0","0","1","3","2023-03-12 03:39:20.437","Common_Team"
"INT_L_B2K_BCFDTLR_1_0","FT_TRAN_CODE_QUAL","B2K_BCFDTLR_1_0.FT_TRAN_CODE_QUAL","0","1","0","0","0","0","0","0","0","4","2023-03-12 03:39:20.437","worada"
"INT_L_B2K_BCFDTLR_1_0","FT_TRAN_COMP_SEQ_NO","B2K_BCFDTLR_1_0.FT_TRAN_COMP_SEQ_NO","0","1","0","0","0","0","0","0","0","5","2023-03-12 03:39:20.437","worada"
"INT_L_B2K_BCFDTLR_1_0","FT_CORP_NO","B2K_BCFDTLR_1_0.FT_CORP_NO","0","1","0","0","0","0","0","0","0","6","2023-03-12 03:39:20.437","worada"
"INT_L_B2K_BCFDTLR_1_0","FT_ACCT_NO","B2K_BCFDTLR_1_0.FT_ACCT_NO","0","1","0","0","0","0","0","0","0","7","2023-03-12 03:39:20.437","worada"
"INT_L_B2K_BCFDTLR_1_0","FT_BIN_BYTE_1_6","B2K_BCFDTLR_1_0.FT_BIN_BYTE_1_6","0","1","0","0","0","0","0","0","0","8","2023-03-12 03:39:20.437","worada"
"INT_L_B2K_BCFDTLR_1_0","FT_NEW_ACCT_SEQ","B2K_BCFDTLR_1_0.FT_NEW_ACCT_SEQ","0","1","0","0","0","0","0","0","0","9","2023-03-12 03:39:20.437","worada"
"INT_L_B2K_BCFDTLR_1_0","FT_DRAFT_ACNO_EXTENSION","B2K_BCFDTLR_1_0.FT_DRAFT_ACNO_EXTENSION","0","1","0","0","0","0","0","0","0","10","2023-03-12 03:39:20.437","worada"
"INT_L_B2K_BCFDTLR_1_0","FT_FLOOR_LIMIT_IND","B2K_BCFDTLR_1_0.FT_FLOOR_LIMIT_IND","0","1","0","0","0","0","0","0","0","11","2023-03-12 03:39:20.437","worada"
"INT_L_B2K_BCFDTLR_1_0","FT_CWB_CRB_IND","B2K_BCFDTLR_1_0.FT_CWB_CRB_IND","0","1","0","0","0","0","0","0","0","12","2023-03-12 03:39:20.437","worada"
"INT_L_B2K_BCFDTLR_1_0","FT_LCS_IND","B2K_BCFDTLR_1_0.FT_LCS_IND","0","1","0","0","0","0","0","0","0","13","2023-03-12 03:39:20.437","worada"
"INT_L_B2K_BCFDTLR_1_0","FT_REASON_CODE","B2K_BCFDTLR_1_0.FT_REASON_CODE","0","1","0","0","0","0","0","0","1","14","2023-03-12 03:39:20.437","Common_Team"
"INT_L_B2K_BCFDTLR_1_0","FT_REASON_CODE_N","RIGHT('0'||REPLACE(FT_REASON_CODE_N, ' ', ''),2) as FT_REASON_CODE_N","1","1","0","0","0","0","0","0","0","15","2023-03-12 03:39:20.437","worada"
"INT_L_B2K_BCFDTLR_1_0","FT_MICRO_REF_NUM","B2K_BCFDTLR_1_0.FT_MICRO_REF_NUM","0","1","0","0","0","0","0","0","0","16","2023-03-12 03:39:20.437","worada"
"INT_L_B2K_BCFDTLR_1_0","FT_REF_FORMAT_A","B2K_BCFDTLR_1_0.FT_REF_FORMAT_A","0","1","0","0","0","0","0","0","0","17","2023-03-12 03:39:20.437","worada"
"INT_L_B2K_BCFDTLR_1_0","FT_REF_FORMAT","B2K_BCFDTLR_1_0.FT_REF_FORMAT","0","1","0","0","0","0","0","0","0","18","2023-03-12 03:39:20.437","worada"
"INT_L_B2K_BCFDTLR_1_0","FT_REF_BIN","B2K_BCFDTLR_1_0.FT_REF_BIN","0","1","0","0","0","0","0","0","0","19","2023-03-12 03:39:20.437","worada"
"INT_L_B2K_BCFDTLR_1_0","FT_REF_INTCHG_DATE_A","B2K_BCFDTLR_1_0.FT_REF_INTCHG_DATE_A","0","1","0","0","0","0","0","0","0","20","2023-03-12 03:39:20.437","worada"
"INT_L_B2K_BCFDTLR_1_0","FT_REF_INTCHG_DATE","B2K_BCFDTLR_1_0.FT_REF_INTCHG_DATE","0","1","0","0","0","0","0","0","0","21","2023-03-12 03:39:20.437","worada"
"INT_L_B2K_BCFDTLR_1_0","FT_REF_SEQ_NUM","B2K_BCFDTLR_1_0.FT_REF_SEQ_NUM","0","1","0","0","0","0","0","0","0","22","2023-03-12 03:39:20.437","worada"
"INT_L_B2K_BCFDTLR_1_0","FT_REF_CUST_NO","RIGHT('000'||REPLACE(FT_REF_CUST_NO,' ', ''),3) as FT_REF_CUST_NO","1","1","0","0","0","0","0","0","0","23","2023-03-12 03:39:20.437","worada"
"INT_L_B2K_BCFDTLR_1_0","FT_REF_JULIAN","RIGHT('000'||REPLACE(FT_REF_JULIAN, ' ', ''),3) as FT_REF_JULIAN","1","1","0","0","0","0","0","0","0","24","2023-03-12 03:39:20.437","worada"
"INT_L_B2K_BCFDTLR_1_0","FT_REF_SEQ","RIGHT('0000'||REPLACE(FT_REF_SEQ, ' ', ''),5) as FT_REF_SEQ","1","1","0","0","0","0","0","0","0","25","2023-03-12 03:39:20.437","worada"
"INT_L_B2K_BCFDTLR_1_0","FT_REF_CKDIGIT","B2K_BCFDTLR_1_0.FT_REF_CKDIGIT","0","1","0","0","0","0","0","0","0","26","2023-03-12 03:39:20.437","worada"
"INT_L_B2K_BCFDTLR_1_0","FT_TRACE_NUMBER","B2K_BCFDTLR_1_0.FT_TRACE_NUMBER","0","1","0","0","0","0","0","0","0","27","2023-03-12 03:39:20.437","worada"
"INT_L_B2K_BCFDTLR_1_0","FT_PURCHASE_DATE_A","B2K_BCFDTLR_1_0.FT_PURCHASE_DATE_A","0","1","0","0","0","0","0","0","0","28","2023-03-12 03:39:20.437","worada"
"INT_L_B2K_BCFDTLR_1_0","FT_PURCHASE_DT","B2K_BCFDTLR_1_0.FT_PURCHASE_DT","0","1","0","0","0","0","0","0","0","29","2023-03-12 03:39:20.437","worada"
"INT_L_B2K_BCFDTLR_1_0","FT_ENTRY_AMOUNT_A","RIGHT('00000000000'||replace(FT_ENTRY_AMOUNT_A,'-',''),14) as FT_ENTRY_AMOUNT_A","1","1","0","0","0","0","0","0","0","30","2023-03-12 03:39:20.437","worada"
"INT_L_B2K_BCFDTLR_1_0","FT_ENTRY_AMOUNT","RIGHT('00000000000'||replace(FT_ENTRY_AMOUNT,'-',''),14) as FT_ENTRY_AMOUNT","1","1","0","0","0","0","0","0","0","31","2023-03-12 03:39:20.437","worada"
"INT_L_B2K_BCFDTLR_1_0","FT_ORIG_TRANS_AMT","RIGHT('00000000000'||FT_ORIG_TRANS_AMT,12) as FT_ORIG_TRANS_AMT","1","1","0","0","0","0","0","0","0","32","2023-03-12 03:39:20.437","worada"
"INT_L_B2K_BCFDTLR_1_0","FT_SOURCE_TRANS_AMT","RIGHT('00000000000'||FT_SOURCE_TRANS_AMT,12) as FT_SOURCE_TRANS_AMT","1","1","0","0","0","0","0","0","0","33","2023-03-12 03:39:20.437","worada"
"INT_L_B2K_BCFDTLR_1_0","FT_ORIG_CURR_CODE","B2K_BCFDTLR_1_0.FT_ORIG_CURR_CODE","0","1","0","0","0","0","0","0","0","34","2023-03-12 03:39:20.437","worada"
"INT_L_B2K_BCFDTLR_1_0","FT_SOURCE_CURR_CODE","B2K_BCFDTLR_1_0.FT_SOURCE_CURR_CODE","0","1","0","0","0","0","0","0","0","35","2023-03-12 03:39:20.437","worada"
"INT_L_B2K_BCFDTLR_1_0","FT_ORIG_CURR_EXP","B2K_BCFDTLR_1_0.FT_ORIG_CURR_EXP","0","1","0","0","0","0","0","0","0","36","2023-03-12 03:39:20.437","worada"
"INT_L_B2K_BCFDTLR_1_0","FT_SOURCE_CURR_EXP","B2K_BCFDTLR_1_0.FT_SOURCE_CURR_EXP","0","1","0","0","0","0","0","0","0","37","2023-03-12 03:39:20.437","worada"
"INT_L_B2K_BCFDTLR_1_0","FT_DEST_TRANS_AMT","B2K_BCFDTLR_1_0.FT_DEST_TRANS_AMT","0","1","0","0","0","0","0","0","0","38","2023-03-12 03:39:20.437","worada"
"INT_L_B2K_BCFDTLR_1_0","FT_SETTLE_TRANS_AMT_DEC_2","RIGHT('00000000000'||FT_SETTLE_TRANS_AMT_DEC_2,12) as FT_SETTLE_TRANS_AMT_DEC_2","1","1","0","0","0","0","0","0","0","39","2023-03-12 03:39:20.437","worada"
"INT_L_B2K_BCFDTLR_1_0","FT_DEST_CURR_CODE","B2K_BCFDTLR_1_0.FT_DEST_CURR_CODE","0","1","0","0","0","0","0","0","0","40","2023-03-12 03:39:20.437","worada"
"INT_L_B2K_BCFDTLR_1_0","FT_SETTLE_CURR_CODE","B2K_BCFDTLR_1_0.FT_SETTLE_CURR_CODE","0","1","0","0","0","0","0","0","0","41","2023-03-12 03:39:20.437","worada"
"INT_L_B2K_BCFDTLR_1_0","FT_DEST_CURR_EXP","B2K_BCFDTLR_1_0.FT_DEST_CURR_EXP","0","1","0","0","0","0","0","0","0","42","2023-03-12 03:39:20.437","worada"
"INT_L_B2K_BCFDTLR_1_0","FT_SETTLE_CURR_EXP","B2K_BCFDTLR_1_0.FT_SETTLE_CURR_EXP","0","1","0","0","0","0","0","0","0","43","2023-03-12 03:39:20.437","worada"
"INT_L_B2K_BCFDTLR_1_0","FT_ISSUER_TRANS_AMT","B2K_BCFDTLR_1_0.FT_ISSUER_TRANS_AMT","0","1","0","0","0","0","0","0","0","44","2023-03-12 03:39:20.437","worada"
"INT_L_B2K_BCFDTLR_1_0","FT_ISSUER_CURR_CODE","B2K_BCFDTLR_1_0.FT_ISSUER_CURR_CODE","0","1","0","0","0","0","0","0","0","45","2023-03-12 03:39:20.437","worada"
"INT_L_B2K_BCFDTLR_1_0","FT_ISSUER_CURR_EXP","B2K_BCFDTLR_1_0.FT_ISSUER_CURR_EXP","0","1","0","0","0","0","0","0","0","46","2023-03-12 03:39:20.437","worada"
"INT_L_B2K_BCFDTLR_1_0","FT_MERCH_INFO","B2K_BCFDTLR_1_0.FT_MERCH_INFO","0","1","0","0","0","0","0","0","0","47","2023-03-12 03:39:20.437","worada"
"INT_L_B2K_BCFDTLR_1_0","FT_MERCH_NAME","B2K_BCFDTLR_1_0.FT_MERCH_NAME","0","1","0","0","0","0","0","0","0","48","2023-03-12 03:39:20.437","worada"
"INT_L_B2K_BCFDTLR_1_0","FT_MERCH_CITY","B2K_BCFDTLR_1_0.FT_MERCH_CITY","0","1","0","0","0","0","0","0","0","49","2023-03-12 03:39:20.437","worada"
"INT_L_B2K_BCFDTLR_1_0","FT_MERCH_STATE","B2K_BCFDTLR_1_0.FT_MERCH_STATE","0","1","0","0","0","0","0","0","0","50","2023-03-12 03:39:20.437","worada"
"INT_L_B2K_BCFDTLR_1_0","FT_PAYMENT_INFO","B2K_BCFDTLR_1_0.FT_PAYMENT_INFO","0","1","0","0","0","0","0","0","0","51","2023-03-12 03:39:20.437","worada"
"INT_L_B2K_BCFDTLR_1_0","FT_PAYMENT_MSG","B2K_BCFDTLR_1_0.FT_PAYMENT_MSG","0","1","0","0","0","0","0","0","0","52","2023-03-12 03:39:20.437","worada"
"INT_L_B2K_BCFDTLR_1_0","FT_PAYMENT_BATCH","B2K_BCFDTLR_1_0.FT_PAYMENT_BATCH","0","1","0","0","0","0","0","0","0","53","2023-03-12 03:39:20.437","worada"
"INT_L_B2K_BCFDTLR_1_0","FT_MERCH_CLASS_A","B2K_BCFDTLR_1_0.FT_MERCH_CLASS_A","0","1","0","0","0","0","0","0","0","54","2023-03-12 03:39:20.437","worada"
"INT_L_B2K_BCFDTLR_1_0","FT_MERCH_CLASS","B2K_BCFDTLR_1_0.FT_MERCH_CLASS","0","1","0","0","0","0","0","0","0","55","2023-03-12 03:39:20.437","worada"
"INT_L_B2K_BCFDTLR_1_0","FT_TMP_MERCH_ZIP_CODE","B2K_BCFDTLR_1_0.FT_TMP_MERCH_ZIP_CODE","0","1","0","0","0","0","0","0","0","56","2023-03-12 03:39:20.437","worada"
"INT_L_B2K_BCFDTLR_1_0","FT_TMP_MERCH_ZIP_CODE_A","B2K_BCFDTLR_1_0.FT_TMP_MERCH_ZIP_CODE_A","0","1","0","0","0","0","0","0","0","57","2023-03-12 03:39:20.437","worada"
"INT_L_B2K_BCFDTLR_1_0","FT_MERCH_COUNTRY","B2K_BCFDTLR_1_0.FT_MERCH_COUNTRY","0","1","0","0","0","0","0","0","0","58","2023-03-12 03:39:20.437","worada"
"INT_L_B2K_BCFDTLR_1_0","FT_CARDHOLDER_ACTIV_TERMINAL","B2K_BCFDTLR_1_0.FT_CARDHOLDER_ACTIV_TERMINAL","0","1","0","0","0","0","0","0","0","59","2023-03-12 03:39:20.437","worada"
"INT_L_B2K_BCFDTLR_1_0","FT_PREPAID_CARD_INDICATOR","B2K_BCFDTLR_1_0.FT_PREPAID_CARD_INDICATOR","0","1","0","0","0","0","0","0","0","60","2023-03-12 03:39:20.437","worada"
"INT_L_B2K_BCFDTLR_1_0","FT_USAGE_CODE","B2K_BCFDTLR_1_0.FT_USAGE_CODE","0","1","0","0","0","0","0","0","0","61","2023-03-12 03:39:20.437","worada"
"INT_L_B2K_BCFDTLR_1_0","FT_SETTLE_FLAG","B2K_BCFDTLR_1_0.FT_SETTLE_FLAG","0","1","0","0","0","0","0","0","0","62","2023-03-12 03:39:20.437","worada"
"INT_L_B2K_BCFDTLR_1_0","FT_AUTH_NO","B2K_BCFDTLR_1_0.FT_AUTH_NO","0","1","0","0","0","0","0","0","0","63","2023-03-12 03:39:20.437","worada"
"INT_L_B2K_BCFDTLR_1_0","FT_PAYMENT_SERVICE_IND","B2K_BCFDTLR_1_0.FT_PAYMENT_SERVICE_IND","0","1","0","0","0","0","0","0","0","64","2023-03-12 03:39:20.437","worada"
"INT_L_B2K_BCFDTLR_1_0","FT_CENTRAL_PROC_DATE","B2K_BCFDTLR_1_0.FT_CENTRAL_PROC_DATE","0","1","0","0","0","0","0","0","0","65","2023-03-12 03:39:20.437","worada"
"INT_L_B2K_BCFDTLR_1_0","FT_MC_JULIAN_DATE","B2K_BCFDTLR_1_0.FT_MC_JULIAN_DATE","0","1","0","0","0","0","0","0","0","66","2023-03-12 03:39:20.437","worada"
"INT_L_B2K_BCFDTLR_1_0","FT_MC_ICA","B2K_BCFDTLR_1_0.FT_MC_ICA","0","1","0","0","0","0","0","0","0","67","2023-03-12 03:39:20.437","worada"
"INT_L_B2K_BCFDTLR_1_0","FT_RECD_SEQ_NUM","RIGHT('00000000'||FT_RECD_SEQ_NUM,6) as FT_RECD_SEQ_NUM","1","1","0","0","0","0","0","0","0","68","2023-03-12 03:39:20.437","worada"
"INT_L_B2K_BCFDTLR_1_0","FT_RECD_SEQ_NUM_A","B2K_BCFDTLR_1_0.FT_RECD_SEQ_NUM_A","0","1","0","0","0","0","0","0","0","69","2023-03-12 03:39:20.437","worada"
"INT_L_B2K_BCFDTLR_1_0","FT_ATM_ID","B2K_BCFDTLR_1_0.FT_ATM_ID","0","1","0","0","0","0","0","0","0","70","2023-03-12 03:39:20.437","worada"
"INT_L_B2K_BCFDTLR_1_0","FT_PROGRAM_ID","B2K_BCFDTLR_1_0.FT_PROGRAM_ID","0","1","0","0","0","0","0","0","0","71","2023-03-12 03:39:20.437","worada"
"INT_L_B2K_BCFDTLR_1_0","FT_BIN_LENGTH","B2K_BCFDTLR_1_0.FT_BIN_LENGTH","0","1","0","0","0","0","0","0","0","72","2023-03-12 03:39:20.437","worada"
"INT_L_B2K_BCFDTLR_1_0","FT_PROCESS_CODE","B2K_BCFDTLR_1_0.FT_PROCESS_CODE","0","1","0","0","0","0","0","0","0","73","2023-03-12 03:39:20.437","worada"
"INT_L_B2K_BCFDTLR_1_0","FT_CARD_CODE","B2K_BCFDTLR_1_0.FT_CARD_CODE","0","1","0","0","0","0","0","0","0","74","2023-03-12 03:39:20.437","worada"
"INT_L_B2K_BCFDTLR_1_0","FT_CARD_TYPE","B2K_BCFDTLR_1_0.FT_CARD_TYPE","0","1","0","0","0","0","0","0","0","75","2023-03-12 03:39:20.437","worada"
"INT_L_B2K_BCFDTLR_1_0","FT_ORIG_SOURCE","B2K_BCFDTLR_1_0.FT_ORIG_SOURCE","0","1","0","0","0","0","0","0","0","76","2023-03-12 03:39:20.437","worada"
"INT_L_B2K_BCFDTLR_1_0","FT_MC_CODES","B2K_BCFDTLR_1_0.FT_MC_CODES","0","1","0","0","0","0","0","0","0","77","2023-03-12 03:39:20.437","worada"
"INT_L_B2K_BCFDTLR_1_0","FT_MC_RECORD_TYPE","B2K_BCFDTLR_1_0.FT_MC_RECORD_TYPE","0","1","0","0","0","0","0","0","0","78","2023-03-12 03:39:20.437","worada"
"INT_L_B2K_BCFDTLR_1_0","FT_SPECIAL_COND_IND","B2K_BCFDTLR_1_0.FT_SPECIAL_COND_IND","0","1","0","0","0","0","0","0","0","79","2023-03-12 03:39:20.437","worada"
"INT_L_B2K_BCFDTLR_1_0","FT_SPEC_COND_1","B2K_BCFDTLR_1_0.FT_SPEC_COND_1","0","1","0","0","0","0","0","0","0","80","2023-03-12 03:39:20.437","worada"
"INT_L_B2K_BCFDTLR_1_0","FT_SPEC_COND_2","B2K_BCFDTLR_1_0.FT_SPEC_COND_2","0","1","0","0","0","0","0","0","0","81","2023-03-12 03:39:20.437","worada"
"INT_L_B2K_BCFDTLR_1_0","FT_TCR1_SVC_DEVELOPMENT","B2K_BCFDTLR_1_0.FT_TCR1_SVC_DEVELOPMENT","0","1","0","0","0","0","0","0","0","82","2023-03-12 03:39:20.437","worada"
"INT_L_B2K_BCFDTLR_1_0","FT_CHIP_COND_CODE","B2K_BCFDTLR_1_0.FT_CHIP_COND_CODE","0","1","0","0","0","0","0","0","0","83","2023-03-12 03:39:20.437","worada"
"INT_L_B2K_BCFDTLR_1_0","FT_CARD_ACCEPTOR_ID","B2K_BCFDTLR_1_0.FT_CARD_ACCEPTOR_ID","0","1","0","0","0","0","0","0","0","84","2023-03-12 03:39:20.437","worada"
"INT_L_B2K_BCFDTLR_1_0","FT_TERMINAL_ID","B2K_BCFDTLR_1_0.FT_TERMINAL_ID","0","1","0","0","0","0","0","0","0","85","2023-03-12 03:39:20.437","worada"
"INT_L_B2K_BCFDTLR_1_0","FT_NON_SETL_REIM_FEE","B2K_BCFDTLR_1_0.FT_NON_SETL_REIM_FEE","0","1","0","0","0","0","0","0","0","86","2023-03-12 03:39:20.437","worada"
"INT_L_B2K_BCFDTLR_1_0","FT_TCR_NUM","B2K_BCFDTLR_1_0.FT_TCR_NUM","0","1","0","0","0","0","0","0","0","87","2023-03-12 03:39:20.437","worada"
"INT_L_B2K_BCFDTLR_1_0","FT_MAIL_PHONE_IND","B2K_BCFDTLR_1_0.FT_MAIL_PHONE_IND","0","1","0","0","0","0","0","0","0","88","2023-03-12 03:39:20.437","worada"
"INT_L_B2K_BCFDTLR_1_0","FT_SPECIAL_CGBK_IND","B2K_BCFDTLR_1_0.FT_SPECIAL_CGBK_IND","0","1","0","0","0","0","0","0","0","89","2023-03-12 03:39:20.437","worada"
"INT_L_B2K_BCFDTLR_1_0","FT_ADJ_DESC_CODE","B2K_BCFDTLR_1_0.FT_ADJ_DESC_CODE","0","1","0","0","0","0","0","0","0","90","2023-03-12 03:39:20.437","worada"
"INT_L_B2K_BCFDTLR_1_0","FT_LEVEL","B2K_BCFDTLR_1_0.FT_LEVEL","0","1","0","0","0","0","0","0","0","91","2023-03-12 03:39:20.437","worada"
"INT_L_B2K_BCFDTLR_1_0","FT_ORIG_PGM_ID_SRC","B2K_BCFDTLR_1_0.FT_ORIG_PGM_ID_SRC","0","1","0","0","0","0","0","0","0","92","2023-03-12 03:39:20.437","worada"
"INT_L_B2K_BCFDTLR_1_0","FT_ERROR_HANDLING","B2K_BCFDTLR_1_0.FT_ERROR_HANDLING","0","1","0","0","0","0","0","0","0","93","2023-03-12 03:39:20.437","worada"
"INT_L_B2K_BCFDTLR_1_0","FT_TCR1_TRAN_COMP_SEQ_A","B2K_BCFDTLR_1_0.FT_TCR1_TRAN_COMP_SEQ_A","0","1","0","0","0","0","0","0","0","94","2023-03-12 03:39:20.437","worada"
"INT_L_B2K_BCFDTLR_1_0","FT_TCR1_TRAN_COMP_SEQ","B2K_BCFDTLR_1_0.FT_TCR1_TRAN_COMP_SEQ","0","1","0","0","0","0","0","0","0","95","2023-03-12 03:39:20.437","worada"
"INT_L_B2K_BCFDTLR_1_0","FT_TCR3_TRAN_COMP_SEQ_A","B2K_BCFDTLR_1_0.FT_TCR3_TRAN_COMP_SEQ_A","0","1","0","0","0","0","0","0","0","96","2023-03-12 03:39:20.437","worada"
"INT_L_B2K_BCFDTLR_1_0","FT_TCR3_TRAN_COMP_SEQ","B2K_BCFDTLR_1_0.FT_TCR3_TRAN_COMP_SEQ","0","1","0","0","0","0","0","0","0","97","2023-03-12 03:39:20.437","worada"
"INT_L_B2K_BCFDTLR_1_0","FT_TCR4_TRAN_COMP_SEQ_A","B2K_BCFDTLR_1_0.FT_TCR4_TRAN_COMP_SEQ_A","0","1","0","0","0","0","0","0","0","98","2023-03-12 03:39:20.437","worada"
"INT_L_B2K_BCFDTLR_1_0","FT_TCR4_TRAN_COMP_SEQ","B2K_BCFDTLR_1_0.FT_TCR4_TRAN_COMP_SEQ","0","1","0","0","0","0","0","0","0","99","2023-03-12 03:39:20.437","worada"
"INT_L_B2K_BCFDTLR_1_0","FT_ACQUIRER_MEMBER_ID_A","B2K_BCFDTLR_1_0.FT_ACQUIRER_MEMBER_ID_A","0","1","0","0","0","0","0","0","0","100","2023-03-12 03:39:20.437","worada"
"INT_L_B2K_BCFDTLR_1_0","FT_ACQUIRER_MEMBER_ID","B2K_BCFDTLR_1_0.FT_ACQUIRER_MEMBER_ID","0","1","0","0","0","0","0","0","0","101","2023-03-12 03:39:20.437","worada"
"INT_L_B2K_BCFDTLR_1_0","FT_ATM_ACCT_SELECTION","B2K_BCFDTLR_1_0.FT_ATM_ACCT_SELECTION","0","1","0","0","0","0","0","0","0","102","2023-03-12 03:39:20.437","worada"
"INT_L_B2K_BCFDTLR_1_0","FT_ORIG_CENTRL_PROC_DT","B2K_BCFDTLR_1_0.FT_ORIG_CENTRL_PROC_DT","0","1","0","0","0","0","0","0","0","103","2023-03-12 03:39:20.437","worada"
"INT_L_B2K_BCFDTLR_1_0","FT_NEW_TCR4_DATA","B2K_BCFDTLR_1_0.FT_NEW_TCR4_DATA","0","1","0","0","0","0","0","0","0","104","2023-03-12 03:39:20.437","worada"
"INT_L_B2K_BCFDTLR_1_0","FT_DEBIT_PRODUCT_CODE","B2K_BCFDTLR_1_0.FT_DEBIT_PRODUCT_CODE","0","1","0","0","0","0","0","0","0","105","2023-03-12 03:39:20.437","worada"
"INT_L_B2K_BCFDTLR_1_0","FT_BUSINESS_FORMAT","B2K_BCFDTLR_1_0.FT_BUSINESS_FORMAT","0","1","0","0","0","0","0","0","0","106","2023-03-12 03:39:20.437","worada"
"INT_L_B2K_BCFDTLR_1_0","FT_PSNGR_NAME","B2K_BCFDTLR_1_0.FT_PSNGR_NAME","0","1","0","0","0","0","0","0","0","107","2023-03-12 03:39:20.437","worada"
"INT_L_B2K_BCFDTLR_1_0","FT_DEPART_DATE","B2K_BCFDTLR_1_0.FT_DEPART_DATE","0","1","0","0","0","0","0","0","0","108","2023-03-12 03:39:20.437","worada"
"INT_L_B2K_BCFDTLR_1_0","FT_DEPART_MM","B2K_BCFDTLR_1_0.FT_DEPART_MM","0","1","0","0","0","0","0","0","0","109","2023-03-12 03:39:20.437","worada"
"INT_L_B2K_BCFDTLR_1_0","FT_DEPART_DD","B2K_BCFDTLR_1_0.FT_DEPART_DD","0","1","0","0","0","0","0","0","0","110","2023-03-12 03:39:20.437","worada"
"INT_L_B2K_BCFDTLR_1_0","FT_DEPART_YY","B2K_BCFDTLR_1_0.FT_DEPART_YY","0","1","0","0","0","0","0","0","0","111","2023-03-12 03:39:20.437","worada"
"INT_L_B2K_BCFDTLR_1_0","FT_ORIG_CITY_AIRPORT","B2K_BCFDTLR_1_0.FT_ORIG_CITY_AIRPORT","0","1","0","0","0","0","0","0","0","112","2023-03-12 03:39:20.437","worada"
"INT_L_B2K_BCFDTLR_1_0","FT_CARRIER_1","B2K_BCFDTLR_1_0.FT_CARRIER_1","0","1","0","0","0","0","0","0","0","113","2023-03-12 03:39:20.437","worada"
"INT_L_B2K_BCFDTLR_1_0","FT_SERVICE_CLASS_1","B2K_BCFDTLR_1_0.FT_SERVICE_CLASS_1","0","1","0","0","0","0","0","0","0","114","2023-03-12 03:39:20.437","worada"
"INT_L_B2K_BCFDTLR_1_0","FT_STOPOVER_CODE_1","B2K_BCFDTLR_1_0.FT_STOPOVER_CODE_1","0","1","0","0","0","0","0","0","0","115","2023-03-12 03:39:20.437","worada"
"INT_L_B2K_BCFDTLR_1_0","FT_DEST_CITY_AIRPORT_1","B2K_BCFDTLR_1_0.FT_DEST_CITY_AIRPORT_1","0","1","0","0","0","0","0","0","0","116","2023-03-12 03:39:20.437","worada"
"INT_L_B2K_BCFDTLR_1_0","FT_CARRIER_2","B2K_BCFDTLR_1_0.FT_CARRIER_2","0","1","0","0","0","0","0","0","0","117","2023-03-12 03:39:20.437","worada"
"INT_L_B2K_BCFDTLR_1_0","FT_SERVICE_CLASS_2","B2K_BCFDTLR_1_0.FT_SERVICE_CLASS_2","0","1","0","0","0","0","0","0","0","118","2023-03-12 03:39:20.437","worada"
"INT_L_B2K_BCFDTLR_1_0","FT_STOPOVER_CODE_2","B2K_BCFDTLR_1_0.FT_STOPOVER_CODE_2","0","1","0","0","0","0","0","0","0","119","2023-03-12 03:39:20.437","worada"
"INT_L_B2K_BCFDTLR_1_0","FT_DEST_CITY_AIRPORT_2","B2K_BCFDTLR_1_0.FT_DEST_CITY_AIRPORT_2","0","1","0","0","0","0","0","0","0","120","2023-03-12 03:39:20.437","worada"
"INT_L_B2K_BCFDTLR_1_0","FT_CARRIER_3","B2K_BCFDTLR_1_0.FT_CARRIER_3","0","1","0","0","0","0","0","0","0","121","2023-03-12 03:39:20.437","worada"
"INT_L_B2K_BCFDTLR_1_0","FT_SERVICE_CLASS_3","B2K_BCFDTLR_1_0.FT_SERVICE_CLASS_3","0","1","0","0","0","0","0","0","0","122","2023-03-12 03:39:20.437","worada"
"INT_L_B2K_BCFDTLR_1_0","FT_STOPOVER_CODE_3","B2K_BCFDTLR_1_0.FT_STOPOVER_CODE_3","0","1","0","0","0","0","0","0","0","123","2023-03-12 03:39:20.437","worada"
"INT_L_B2K_BCFDTLR_1_0","FT_DEST_CITY_AIRPORT_3","B2K_BCFDTLR_1_0.FT_DEST_CITY_AIRPORT_3","0","1","0","0","0","0","0","0","0","124","2023-03-12 03:39:20.437","worada"
"INT_L_B2K_BCFDTLR_1_0","FT_CARRIER_4","B2K_BCFDTLR_1_0.FT_CARRIER_4","0","1","0","0","0","0","0","0","0","125","2023-03-12 03:39:20.437","worada"
"INT_L_B2K_BCFDTLR_1_0","FT_SERVICE_CLASS_4","B2K_BCFDTLR_1_0.FT_SERVICE_CLASS_4","0","1","0","0","0","0","0","0","0","126","2023-03-12 03:39:20.437","worada"
"INT_L_B2K_BCFDTLR_1_0","FT_STOPOVER_CODE_4","B2K_BCFDTLR_1_0.FT_STOPOVER_CODE_4","0","1","0","0","0","0","0","0","0","127","2023-03-12 03:39:20.437","worada"
"INT_L_B2K_BCFDTLR_1_0","FT_DEST_CITY_AIRPORT_4","B2K_BCFDTLR_1_0.FT_DEST_CITY_AIRPORT_4","0","1","0","0","0","0","0","0","0","128","2023-03-12 03:39:20.437","worada"
"INT_L_B2K_BCFDTLR_1_0","FT_TRVL_AGNCY_CODE","B2K_BCFDTLR_1_0.FT_TRVL_AGNCY_CODE","0","1","0","0","0","0","0","0","0","129","2023-03-12 03:39:20.437","worada"
"INT_L_B2K_BCFDTLR_1_0","FT_TRVL_AGNCY_NAME","B2K_BCFDTLR_1_0.FT_TRVL_AGNCY_NAME","0","1","0","0","0","0","0","0","0","130","2023-03-12 03:39:20.437","worada"
"INT_L_B2K_BCFDTLR_1_0","FT_RESTRICT_TICKET_IND","B2K_BCFDTLR_1_0.FT_RESTRICT_TICKET_IND","0","1","0","0","0","0","0","0","0","131","2023-03-12 03:39:20.437","worada"
"INT_L_B2K_BCFDTLR_1_0","FT_ISSUING_CARRIER","B2K_BCFDTLR_1_0.FT_ISSUING_CARRIER","0","1","0","0","0","0","0","0","0","132","2023-03-12 03:39:20.437","worada"
"INT_L_B2K_BCFDTLR_1_0","FT_AIRLINE_TICKET_INFO","B2K_BCFDTLR_1_0.FT_AIRLINE_TICKET_INFO","0","1","0","0","0","0","0","0","0","133","2023-03-12 03:39:20.437","worada"
"INT_L_B2K_BCFDTLR_1_0","FT_AIRLINE_TICKET_NUM2","B2K_BCFDTLR_1_0.FT_AIRLINE_TICKET_NUM2","0","1","0","0","0","0","0","0","0","134","2023-03-12 03:39:20.437","worada"
"INT_L_B2K_BCFDTLR_1_0","FT_AIRLINE_TICKET_CKDIGIT","B2K_BCFDTLR_1_0.FT_AIRLINE_TICKET_CKDIGIT","0","1","0","0","0","0","0","0","0","135","2023-03-12 03:39:20.437","worada"
"INT_L_B2K_BCFDTLR_1_0","FT_ITEM_DESCRIPTOR_1ST_POS","B2K_BCFDTLR_1_0.FT_ITEM_DESCRIPTOR_1ST_POS","0","1","0","0","0","0","0","0","0","136","2023-03-12 03:39:20.437","worada"
"INT_L_B2K_BCFDTLR_1_0","FT_VPLUS_ADJUSTMENT_INDIC","B2K_BCFDTLR_1_0.FT_VPLUS_ADJUSTMENT_INDIC","0","1","0","0","0","0","0","0","0","137","2023-03-12 03:39:20.437","worada"
"INT_L_B2K_BCFDTLR_1_0","FT_VPLUS_MIS_CAS_CODE","B2K_BCFDTLR_1_0.FT_VPLUS_MIS_CAS_CODE","0","1","0","0","0","0","0","0","0","138","2023-03-12 03:39:20.437","worada"
"INT_L_B2K_BCFDTLR_1_0","FT_VPLUS_SURCHG_AMT","B2K_BCFDTLR_1_0.FT_VPLUS_SURCHG_AMT","0","1","0","0","0","0","0","0","0","139","2023-03-12 03:39:20.437","worada"
"INT_L_B2K_BCFDTLR_1_0","FT_VPLUS_SURCHG_DB_CR_INDIC","B2K_BCFDTLR_1_0.FT_VPLUS_SURCHG_DB_CR_INDIC","0","1","0","0","0","0","0","0","0","140","2023-03-12 03:39:20.437","worada"
"INT_L_B2K_BCFDTLR_1_0","FT_ONLINE_MON_IND","B2K_BCFDTLR_1_0.FT_ONLINE_MON_IND","0","1","0","0","0","0","0","0","0","141","2023-03-12 03:39:20.437","worada"
"INT_L_B2K_BCFDTLR_1_0","FT_ORIG_POST_DT","B2K_BCFDTLR_1_0.FT_ORIG_POST_DT","0","1","0","0","0","0","0","0","0","142","2023-03-12 03:39:20.437","worada"
"INT_L_B2K_BCFDTLR_1_0","FT_ORIG_TRAN_DT","B2K_BCFDTLR_1_0.FT_ORIG_TRAN_DT","0","1","0","0","0","0","0","0","0","143","2023-03-12 03:39:20.437","worada"
"INT_L_B2K_BCFDTLR_1_0","FT_ORIG_AGGR_EFF_DT","B2K_BCFDTLR_1_0.FT_ORIG_AGGR_EFF_DT","0","1","0","0","0","0","0","0","0","144","2023-03-12 03:39:20.437","worada"
"INT_L_B2K_BCFDTLR_1_0","FT_ORIG_ACCRUAL_IND","B2K_BCFDTLR_1_0.FT_ORIG_ACCRUAL_IND","0","1","0","0","0","0","0","0","0","145","2023-03-12 03:39:20.437","worada"
"INT_L_B2K_BCFDTLR_1_0","FT_ORIG_TRAN_INIT_ACCR","B2K_BCFDTLR_1_0.FT_ORIG_TRAN_INIT_ACCR","0","1","0","0","0","0","0","0","0","146","2023-03-12 03:39:20.437","worada"
"INT_L_B2K_BCFDTLR_1_0","FT_ORIG_TRAN_CODE","B2K_BCFDTLR_1_0.FT_ORIG_TRAN_CODE","0","1","0","0","0","0","0","0","0","147","2023-03-12 03:39:20.437","worada"
"INT_L_B2K_BCFDTLR_1_0","FT_ORIG_REASON_CODE","B2K_BCFDTLR_1_0.FT_ORIG_REASON_CODE","0","1","0","0","0","0","0","0","0","148","2023-03-12 03:39:20.437","worada"
"INT_L_B2K_BCFDTLR_1_0","FT_ORIG_REF_NUMBER","B2K_BCFDTLR_1_0.FT_ORIG_REF_NUMBER","0","1","0","0","0","0","0","0","0","149","2023-03-12 03:39:20.437","worada"
"INT_L_B2K_BCFDTLR_1_0","FT_CASH_BACK_AMT","B2K_BCFDTLR_1_0.FT_CASH_BACK_AMT","0","1","0","0","0","0","0","0","0","150","2023-03-12 03:39:20.437","worada"
"INT_L_B2K_BCFDTLR_1_0","FT_TMP_POS_ENTRY_MODE","B2K_BCFDTLR_1_0.FT_TMP_POS_ENTRY_MODE","0","1","0","0","0","0","0","0","0","151","2023-03-12 03:39:20.437","worada"
"INT_L_B2K_BCFDTLR_1_0","FT_TCR5_TRAN_COMP_SEQ_A","B2K_BCFDTLR_1_0.FT_TCR5_TRAN_COMP_SEQ_A","0","1","0","0","0","0","0","0","0","152","2023-03-12 03:39:20.437","worada"
"INT_L_B2K_BCFDTLR_1_0","FT_TCR5_TRAN_COMP_SEQ","B2K_BCFDTLR_1_0.FT_TCR5_TRAN_COMP_SEQ","0","1","0","0","0","0","0","0","0","153","2023-03-12 03:39:20.437","worada"
"INT_L_B2K_BCFDTLR_1_0","FT_TCR5_TRANS_ID","B2K_BCFDTLR_1_0.FT_TCR5_TRANS_ID","0","1","0","0","0","0","0","0","0","154","2023-03-12 03:39:20.437","worada"
"INT_L_B2K_BCFDTLR_1_0","FT_TCR5_AUTH_AMOUNT","FT_TCR5_AUTH_AMOUNT_A","1","1","0","0","0","0","0","0","0","155","2023-03-12 03:39:20.437","worada"
"INT_L_B2K_BCFDTLR_1_0","FT_TCR5_AUTH_AMOUNT_A","B2K_BCFDTLR_1_0.FT_TCR5_AUTH_AMOUNT_A","0","1","0","0","0","0","0","0","0","156","2023-03-12 03:39:20.437","worada"
"INT_L_B2K_BCFDTLR_1_0","FT_TCR5_AUTH_CURRENCY_CODE","B2K_BCFDTLR_1_0.FT_TCR5_AUTH_CURRENCY_CODE","0","1","0","0","0","0","0","0","0","157","2023-03-12 03:39:20.437","worada"
"INT_L_B2K_BCFDTLR_1_0","FT_TCR5_AUTH_RESP_CODE","B2K_BCFDTLR_1_0.FT_TCR5_AUTH_RESP_CODE","0","1","0","0","0","0","0","0","0","158","2023-03-12 03:39:20.437","worada"
"INT_L_B2K_BCFDTLR_1_0","FT_TCR5_VALIDATE_CODE","B2K_BCFDTLR_1_0.FT_TCR5_VALIDATE_CODE","0","1","0","0","0","0","0","0","0","159","2023-03-12 03:39:20.437","worada"
"INT_L_B2K_BCFDTLR_1_0","FT_TCR5_EXC_TRAN_ID_REASON","B2K_BCFDTLR_1_0.FT_TCR5_EXC_TRAN_ID_REASON","0","1","0","0","0","0","0","0","0","160","2023-03-12 03:39:20.437","worada"
"INT_L_B2K_BCFDTLR_1_0","FT_TCR5_CRS_PROCESS_CODE","B2K_BCFDTLR_1_0.FT_TCR5_CRS_PROCESS_CODE","0","1","0","0","0","0","0","0","0","161","2023-03-12 03:39:20.437","worada"
"INT_L_B2K_BCFDTLR_1_0","FT_TCR5_CHGBK_CONDITION_CODE","B2K_BCFDTLR_1_0.FT_TCR5_CHGBK_CONDITION_CODE","0","1","0","0","0","0","0","0","0","162","2023-03-12 03:39:20.437","worada"
"INT_L_B2K_BCFDTLR_1_0","FT_TCR5_MULT_CLEARING_SEQ","B2K_BCFDTLR_1_0.FT_TCR5_MULT_CLEARING_SEQ","0","1","0","0","0","0","0","0","0","163","2023-03-12 03:39:20.437","worada"
"INT_L_B2K_BCFDTLR_1_0","FT_TCR5_MULT_CLEARING_CNT","B2K_BCFDTLR_1_0.FT_TCR5_MULT_CLEARING_CNT","0","1","0","0","0","0","0","0","0","164","2023-03-12 03:39:20.437","worada"
"INT_L_B2K_BCFDTLR_1_0","FT_TCR5_MKT_AUTH_DATA_INDIC","B2K_BCFDTLR_1_0.FT_TCR5_MKT_AUTH_DATA_INDIC","0","1","0","0","0","0","0","0","0","165","2023-03-12 03:39:20.437","worada"
"INT_L_B2K_BCFDTLR_1_0","FT_TCR5_TOTAL_AUTH_AMOUNT","B2K_BCFDTLR_1_0.FT_TCR5_TOTAL_AUTH_AMOUNT","0","1","0","0","0","0","0","0","0","166","2023-03-12 03:39:20.437","worada"
"INT_L_B2K_BCFDTLR_1_0","FT_TCR5_TOTAL_AUTH_AMOUNT_A","B2K_BCFDTLR_1_0.FT_TCR5_TOTAL_AUTH_AMOUNT_A","0","1","0","0","0","0","0","0","0","167","2023-03-12 03:39:20.437","worada"
"INT_L_B2K_BCFDTLR_1_0","FT_TCR5_INFO_IND","B2K_BCFDTLR_1_0.FT_TCR5_INFO_IND","0","1","0","0","0","0","0","0","0","168","2023-03-12 03:39:20.437","worada"
"INT_L_B2K_BCFDTLR_1_0","FT_TCR5_MERCH_PHONE","B2K_BCFDTLR_1_0.FT_TCR5_MERCH_PHONE","0","1","0","0","0","0","0","0","0","169","2023-03-12 03:39:20.437","worada"
"INT_L_B2K_BCFDTLR_1_0","FT_TCR5_ADDITIONAL_IND","B2K_BCFDTLR_1_0.FT_TCR5_ADDITIONAL_IND","0","1","0","0","0","0","0","0","0","170","2023-03-12 03:39:20.437","worada"
"INT_L_B2K_BCFDTLR_1_0","FT_TCR5_MERCH_VOLUME_IND","B2K_BCFDTLR_1_0.FT_TCR5_MERCH_VOLUME_IND","0","1","0","0","0","0","0","0","0","171","2023-03-12 03:39:20.437","worada"
"INT_L_B2K_BCFDTLR_1_0","FT_VI_TCR5_MERCH_VER_VALUE","B2K_BCFDTLR_1_0.FT_VI_TCR5_MERCH_VER_VALUE","0","1","0","0","0","0","0","0","0","172","2023-03-12 03:39:20.437","worada"
"INT_L_B2K_BCFDTLR_1_0","FT_TCR5_INTCHG_FEE_AMOUNT","B2K_BCFDTLR_1_0.FT_TCR5_INTCHG_FEE_AMOUNT","0","1","0","0","0","0","0","0","0","173","2023-03-12 03:39:20.437","worada"
"INT_L_B2K_BCFDTLR_1_0","FT_TCR5_INTCHG_FEE_SIGN","B2K_BCFDTLR_1_0.FT_TCR5_INTCHG_FEE_SIGN","0","1","0","0","0","0","0","0","0","174","2023-03-12 03:39:20.437","worada"
"INT_L_B2K_BCFDTLR_1_0","FT_TCR5_CURR_RATE_SRCE_BASE","B2K_BCFDTLR_1_0.FT_TCR5_CURR_RATE_SRCE_BASE","0","1","0","0","0","0","0","0","0","175","2023-03-12 03:39:20.437","worada"
"INT_L_B2K_BCFDTLR_1_0","FT_TCR5_CURR_RATE_BASE_DEST","B2K_BCFDTLR_1_0.FT_TCR5_CURR_RATE_BASE_DEST","0","1","0","0","0","0","0","0","0","176","2023-03-12 03:39:20.437","worada"
"INT_L_B2K_BCFDTLR_1_0","FT_OPTIONAL_ISSUER_FEE","B2K_BCFDTLR_1_0.FT_OPTIONAL_ISSUER_FEE","0","1","0","0","0","0","0","0","0","177","2023-03-12 03:39:20.437","worada"
"INT_L_B2K_BCFDTLR_1_0","FT_TCR5_PRODUCT_IDENTIFIER","B2K_BCFDTLR_1_0.FT_TCR5_PRODUCT_IDENTIFIER","0","1","0","0","0","0","0","0","0","178","2023-03-12 03:39:20.437","worada"
"INT_L_B2K_BCFDTLR_1_0","FT_TCR5_PROGRAM_IDENTIFIER","B2K_BCFDTLR_1_0.FT_TCR5_PROGRAM_IDENTIFIER","0","1","0","0","0","0","0","0","0","179","2023-03-12 03:39:20.437","worada"
"INT_L_B2K_BCFDTLR_1_0","FT_TCR5_CVV2_RESULT_CODE","B2K_BCFDTLR_1_0.FT_TCR5_CVV2_RESULT_CODE","0","1","0","0","0","0","0","0","0","180","2023-03-12 03:39:20.437","worada"
"INT_L_B2K_BCFDTLR_1_0","FT_EURO_TRAN_COMP_SEQ","B2K_BCFDTLR_1_0.FT_EURO_TRAN_COMP_SEQ","0","1","0","0","0","0","0","0","0","181","2023-03-12 03:39:20.437","worada"
"INT_L_B2K_BCFDTLR_1_0","FT_EURO_TRANS_TIME","B2K_BCFDTLR_1_0.FT_EURO_TRANS_TIME","0","1","0","0","0","0","0","0","0","182","2023-03-12 03:39:20.437","worada"
"INT_L_B2K_BCFDTLR_1_0","FT_EURO_TRANS_HH","B2K_BCFDTLR_1_0.FT_EURO_TRANS_HH","0","1","0","0","0","0","0","0","0","183","2023-03-12 03:39:20.437","worada"
"INT_L_B2K_BCFDTLR_1_0","FT_EURO_TRANS_MM","B2K_BCFDTLR_1_0.FT_EURO_TRANS_MM","0","1","0","0","0","0","0","0","0","184","2023-03-12 03:39:20.437","worada"
"INT_L_B2K_BCFDTLR_1_0","FT_EURO_TRANS_SS","B2K_BCFDTLR_1_0.FT_EURO_TRANS_SS","0","1","0","0","0","0","0","0","0","185","2023-03-12 03:39:20.437","worada"
"INT_L_B2K_BCFDTLR_1_0","FT_TRANS_TIME","B2K_BCFDTLR_1_0.FT_TRANS_TIME","0","1","0","0","0","0","0","0","0","186","2023-03-12 03:39:20.437","worada"
"INT_L_B2K_BCFDTLR_1_0","FT_TRANS_HH","B2K_BCFDTLR_1_0.FT_TRANS_HH","0","1","0","0","0","0","0","0","0","187","2023-03-12 03:39:20.437","worada"
"INT_L_B2K_BCFDTLR_1_0","FT_TRANS_MM","RIGHT('0'||REPLACE(FT_TRANS_MM,' ', ''),2) as FT_TRANS_MM","1","1","0","0","0","0","0","0","0","188","2023-03-12 03:39:20.437","worada"
"INT_L_B2K_BCFDTLR_1_0","FT_TRANS_SS","RIGHT('0'||REPLACE(FT_TRANS_SS,' ', ''),2) as FT_TRANS_SS","1","1","0","0","0","0","0","0","0","189","2023-03-12 03:39:20.437","worada"
"INT_L_B2K_BCFDTLR_1_0","FT_EURO_EXPIRE_DATE_YYMM","B2K_BCFDTLR_1_0.FT_EURO_EXPIRE_DATE_YYMM","0","1","0","0","0","0","0","0","0","190","2023-03-12 03:39:20.437","worada"
"INT_L_B2K_BCFDTLR_1_0","FT_POINT_OF_SERVICE_DATA","B2K_BCFDTLR_1_0.FT_POINT_OF_SERVICE_DATA","0","1","0","0","0","0","0","0","0","191","2023-03-12 03:39:20.437","worada"
"INT_L_B2K_BCFDTLR_1_0","FT_CARD_DATA_INPUT_CAPABILITY","B2K_BCFDTLR_1_0.FT_CARD_DATA_INPUT_CAPABILITY","0","1","0","0","0","0","0","0","0","192","2023-03-12 03:39:20.437","worada"
"INT_L_B2K_BCFDTLR_1_0","FT_CARDHOLDER_AUTH_CAP_A","B2K_BCFDTLR_1_0.FT_CARDHOLDER_AUTH_CAP_A","0","1","0","0","0","0","0","0","0","193","2023-03-12 03:39:20.437","worada"
"INT_L_B2K_BCFDTLR_1_0","FT_CARDHOLDER_AUTH_CAPABILITY","B2K_BCFDTLR_1_0.FT_CARDHOLDER_AUTH_CAPABILITY","0","1","0","0","0","0","0","0","0","194","2023-03-12 03:39:20.437","worada"
"INT_L_B2K_BCFDTLR_1_0","FT_CARD_CAPTURE_CAPABILITY_A","B2K_BCFDTLR_1_0.FT_CARD_CAPTURE_CAPABILITY_A","0","1","0","0","0","0","0","0","0","195","2023-03-12 03:39:20.437","worada"
"INT_L_B2K_BCFDTLR_1_0","FT_CARD_CAPTURE_CAPABILITY","B2K_BCFDTLR_1_0.FT_CARD_CAPTURE_CAPABILITY","0","1","0","0","0","0","0","0","0","196","2023-03-12 03:39:20.437","worada"
"INT_L_B2K_BCFDTLR_1_0","FT_TERM_OPERATING_ENVIRON_A","B2K_BCFDTLR_1_0.FT_TERM_OPERATING_ENVIRON_A","0","1","0","0","0","0","0","0","0","197","2023-03-12 03:39:20.437","worada"
"INT_L_B2K_BCFDTLR_1_0","FT_TERM_OPERATING_ENVIRON","B2K_BCFDTLR_1_0.FT_TERM_OPERATING_ENVIRON","0","1","0","0","0","0","0","0","0","198","2023-03-12 03:39:20.437","worada"
"INT_L_B2K_BCFDTLR_1_0","FT_CARDHOLDER_PRESENT_DATA","B2K_BCFDTLR_1_0.FT_CARDHOLDER_PRESENT_DATA","0","1","0","0","0","0","0","0","0","199","2023-03-12 03:39:20.437","worada"
"INT_L_B2K_BCFDTLR_1_0","FT_CARD_PRESENT_DATA_A","B2K_BCFDTLR_1_0.FT_CARD_PRESENT_DATA_A","0","1","0","0","0","0","0","0","0","200","2023-03-12 03:39:20.437","worada"
"INT_L_B2K_BCFDTLR_1_0","FT_CARD_PRESENT_DATA","B2K_BCFDTLR_1_0.FT_CARD_PRESENT_DATA","0","1","0","0","0","0","0","0","0","201","2023-03-12 03:39:20.437","worada"
"INT_L_B2K_BCFDTLR_1_0","FT_CARD_DATA_INPUT_MODE","B2K_BCFDTLR_1_0.FT_CARD_DATA_INPUT_MODE","0","1","0","0","0","0","0","0","0","202","2023-03-12 03:39:20.437","worada"
"INT_L_B2K_BCFDTLR_1_0","FT_CARDHOLDER_AUTH_METHOD","B2K_BCFDTLR_1_0.FT_CARDHOLDER_AUTH_METHOD","0","1","0","0","0","0","0","0","0","203","2023-03-12 03:39:20.437","worada"
"INT_L_B2K_BCFDTLR_1_0","FT_CARDHOLDER_AUTH_ENTITY","B2K_BCFDTLR_1_0.FT_CARDHOLDER_AUTH_ENTITY","0","1","0","0","0","0","0","0","0","204","2023-03-12 03:39:20.437","worada"
"INT_L_B2K_BCFDTLR_1_0","FT_TMP_AUTH_SOURCE","B2K_BCFDTLR_1_0.FT_TMP_AUTH_SOURCE","0","1","0","0","0","0","0","0","0","205","2023-03-12 03:39:20.437","worada"
"INT_L_B2K_BCFDTLR_1_0","FT_CARD_DATA_OUTPUT_CAPABILITY","B2K_BCFDTLR_1_0.FT_CARD_DATA_OUTPUT_CAPABILITY","0","1","0","0","0","0","0","0","0","206","2023-03-12 03:39:20.437","worada"
"INT_L_B2K_BCFDTLR_1_0","FT_TERM_DATA_OUTPUT_CAP_A","B2K_BCFDTLR_1_0.FT_TERM_DATA_OUTPUT_CAP_A","0","1","0","0","0","0","0","0","0","207","2023-03-12 03:39:20.437","worada"
"INT_L_B2K_BCFDTLR_1_0","FT_TERM_DATA_OUTPUT_CAPABILITY","B2K_BCFDTLR_1_0.FT_TERM_DATA_OUTPUT_CAPABILITY","0","1","0","0","0","0","0","0","0","208","2023-03-12 03:39:20.437","worada"
"INT_L_B2K_BCFDTLR_1_0","FT_PIN_CAPTURE_CAPABILITY","B2K_BCFDTLR_1_0.FT_PIN_CAPTURE_CAPABILITY","0","1","0","0","0","0","0","0","0","209","2023-03-12 03:39:20.437","worada"
"INT_L_B2K_BCFDTLR_1_0","FT_EURO_RETRIEVAL_REFERENCE","B2K_BCFDTLR_1_0.FT_EURO_RETRIEVAL_REFERENCE","0","1","0","0","0","0","0","0","0","210","2023-03-12 03:39:20.437","worada"
"INT_L_B2K_BCFDTLR_1_0","FT_EURO_MAGNETIC_TRACK","B2K_BCFDTLR_1_0.FT_EURO_MAGNETIC_TRACK","0","1","0","0","0","0","0","0","0","211","2023-03-12 03:39:20.437","worada"
"INT_L_B2K_BCFDTLR_1_0","FT_EURO_ACCEPTOR_TERMINAL_ID","B2K_BCFDTLR_1_0.FT_EURO_ACCEPTOR_TERMINAL_ID","0","1","0","0","0","0","0","0","0","212","2023-03-12 03:39:20.437","worada"
"INT_L_B2K_BCFDTLR_1_0","FT_MC_ACQUIRING_INST_ID","B2K_BCFDTLR_1_0.FT_MC_ACQUIRING_INST_ID","0","1","0","0","0","0","0","0","0","213","2023-03-12 03:39:20.437","worada"
"INT_L_B2K_BCFDTLR_1_0","FT_MC_FORWARDING_INST_ID","B2K_BCFDTLR_1_0.FT_MC_FORWARDING_INST_ID","0","1","0","0","0","0","0","0","0","214","2023-03-12 03:39:20.437","worada"
"INT_L_B2K_BCFDTLR_1_0","FT_EURO_PROCESSING_CLASS","B2K_BCFDTLR_1_0.FT_EURO_PROCESSING_CLASS","0","1","0","0","0","0","0","0","0","215","2023-03-12 03:39:20.437","worada"
"INT_L_B2K_BCFDTLR_1_0","FT_EURO_SYS_TRACE_AUDIT","B2K_BCFDTLR_1_0.FT_EURO_SYS_TRACE_AUDIT","0","1","0","0","0","0","0","0","0","216","2023-03-12 03:39:20.437","worada"
"INT_L_B2K_BCFDTLR_1_0","FT_TERMINAL_CATEGORY","B2K_BCFDTLR_1_0.FT_TERMINAL_CATEGORY","0","1","0","0","0","0","0","0","0","217","2023-03-12 03:39:20.437","worada"
"INT_L_B2K_BCFDTLR_1_0","FT_REQUESTED_PMT_SVC","B2K_BCFDTLR_1_0.FT_REQUESTED_PMT_SVC","0","1","0","0","0","0","0","0","0","218","2023-03-12 03:39:20.437","worada"
"INT_L_B2K_BCFDTLR_1_0","FT_INTERNATIONAL_FEE_INDIC","B2K_BCFDTLR_1_0.FT_INTERNATIONAL_FEE_INDIC","0","1","0","0","0","0","0","0","0","219","2023-03-12 03:39:20.437","worada"
"INT_L_B2K_BCFDTLR_1_0","FT_AVS_RESPONSE_CODE","B2K_BCFDTLR_1_0.FT_AVS_RESPONSE_CODE","0","1","0","0","0","0","0","0","0","220","2023-03-12 03:39:20.437","worada"
"INT_L_B2K_BCFDTLR_1_0","FT_PURCH_ID_FORMAT","B2K_BCFDTLR_1_0.FT_PURCH_ID_FORMAT","0","1","0","0","0","0","0","0","0","221","2023-03-12 03:39:20.437","worada"
"INT_L_B2K_BCFDTLR_1_0","FT_TCR6_SALES_TAX_NO_DEC","B2K_BCFDTLR_1_0.FT_TCR6_SALES_TAX_NO_DEC","0","1","0","0","0","0","0","0","0","222","2023-03-12 03:39:20.437","worada"
"INT_L_B2K_BCFDTLR_1_0","FT_TCR6_SALES_TAX_INDIC","B2K_BCFDTLR_1_0.FT_TCR6_SALES_TAX_INDIC","0","1","0","0","0","0","0","0","0","223","2023-03-12 03:39:20.437","worada"
"INT_L_B2K_BCFDTLR_1_0","FT_ORIG_CARD_CODE","B2K_BCFDTLR_1_0.FT_ORIG_CARD_CODE","0","1","0","0","0","0","0","0","0","224","2023-03-12 03:39:20.437","worada"
"INT_L_B2K_BCFDTLR_1_0","FT_AUTH_ADDITIONAL_DATA","B2K_BCFDTLR_1_0.FT_AUTH_ADDITIONAL_DATA","0","1","0","0","0","0","0","0","0","225","2023-03-12 03:39:20.437","worada"
"INT_L_B2K_BCFDTLR_1_0","FT_DISPUTE_OPTION","B2K_BCFDTLR_1_0.FT_DISPUTE_OPTION","0","1","0","0","0","0","0","0","0","226","2023-03-12 03:39:20.437","worada"
"INT_L_B2K_BCFDTLR_1_0","FT_RESOLUTION_TYPE","B2K_BCFDTLR_1_0.FT_RESOLUTION_TYPE","0","1","0","0","0","0","0","0","0","227","2023-03-12 03:39:20.437","worada"
"INT_L_B2K_BCFDTLR_1_0","FT_PLAN_ID","B2K_BCFDTLR_1_0.FT_PLAN_ID","0","1","0","0","0","0","0","0","0","228","2023-03-12 03:39:20.437","worada"
"INT_L_B2K_BCFDTLR_1_0","FT_PLAN_SEQ","B2K_BCFDTLR_1_0.FT_PLAN_SEQ","0","1","0","0","0","0","0","0","0","229","2023-03-12 03:39:20.437","worada"
"INT_L_B2K_BCFDTLR_1_0","FT_PLAN_SEQ_A","B2K_BCFDTLR_1_0.FT_PLAN_SEQ_A","0","1","0","0","0","0","0","0","0","230","2023-03-12 03:39:20.437","worada"
"INT_L_B2K_BCFDTLR_1_0","FT_STORE_NBR","B2K_BCFDTLR_1_0.FT_STORE_NBR","0","1","0","0","0","0","0","0","0","231","2023-03-12 03:39:20.437","worada"
"INT_L_B2K_BCFDTLR_1_0","FT_PMTS_FIXED","B2K_BCFDTLR_1_0.FT_PMTS_FIXED","0","1","0","0","0","0","0","0","0","232","2023-03-12 03:39:20.437","worada"
"INT_L_B2K_BCFDTLR_1_0","FT_PMTS_FIXED_A","B2K_BCFDTLR_1_0.FT_PMTS_FIXED_A","0","1","0","0","0","0","0","0","0","233","2023-03-12 03:39:20.437","worada"
"INT_L_B2K_BCFDTLR_1_0","FT_INSTALL_TERM","B2K_BCFDTLR_1_0.FT_INSTALL_TERM","0","1","0","0","0","0","0","0","0","234","2023-03-12 03:39:20.437","worada"
"INT_L_B2K_BCFDTLR_1_0","FT_USER_CODE","B2K_BCFDTLR_1_0.FT_USER_CODE","0","1","0","0","0","0","0","0","0","235","2023-03-12 03:39:20.437","worada"
"INT_L_B2K_BCFDTLR_1_0","FT_INVOICE_NBR_A","B2K_BCFDTLR_1_0.FT_INVOICE_NBR_A","0","1","0","0","0","0","0","0","0","236","2023-03-12 03:39:20.437","worada"
"INT_L_B2K_BCFDTLR_1_0","FT_INVOICE_NBR","B2K_BCFDTLR_1_0.FT_INVOICE_NBR","0","1","0","0","0","0","0","0","0","237","2023-03-12 03:39:20.437","worada"
"INT_L_B2K_BCFDTLR_1_0","FT_PURCH_ORDER","B2K_BCFDTLR_1_0.FT_PURCH_ORDER","0","1","0","0","0","0","0","0","0","238","2023-03-12 03:39:20.437","worada"
"INT_L_B2K_BCFDTLR_1_0","FT_DISP_REF_NBR","B2K_BCFDTLR_1_0.FT_DISP_REF_NBR","0","1","0","0","0","0","0","0","0","239","2023-03-12 03:39:20.437","worada"
"INT_L_B2K_BCFDTLR_1_0","FT_MULTI_INVOICE_IND","B2K_BCFDTLR_1_0.FT_MULTI_INVOICE_IND","0","1","0","0","0","0","0","0","0","240","2023-03-12 03:39:20.437","worada"
"INT_L_B2K_BCFDTLR_1_0","FT_ASSOC_ACCT_NBR","B2K_BCFDTLR_1_0.FT_ASSOC_ACCT_NBR","0","1","0","0","0","0","0","0","0","241","2023-03-12 03:39:20.437","worada"
"INT_L_B2K_BCFDTLR_1_0","FT_FL_INTEREST_AMT","B2K_BCFDTLR_1_0.FT_FL_INTEREST_AMT","0","1","0","0","0","0","0","0","0","242","2023-03-12 03:39:20.437","worada"
"INT_L_B2K_BCFDTLR_1_0","FT_FL_INSURANCE_AMT","B2K_BCFDTLR_1_0.FT_FL_INSURANCE_AMT","0","1","0","0","0","0","0","0","0","243","2023-03-12 03:39:20.437","worada"
"INT_L_B2K_BCFDTLR_1_0","FT_FL_INTEREST_RATE","B2K_BCFDTLR_1_0.FT_FL_INTEREST_RATE","0","1","0","0","0","0","0","0","0","244","2023-03-12 03:39:20.437","worada"
"INT_L_B2K_BCFDTLR_1_0","FT_ENTRY_CURR_CODE","B2K_BCFDTLR_1_0.FT_ENTRY_CURR_CODE","0","1","0","0","0","0","0","0","0","245","2023-03-12 03:39:20.437","worada"
"INT_L_B2K_BCFDTLR_1_0","FT_CARD_ACCEPTOR_ADDRESS","B2K_BCFDTLR_1_0.FT_CARD_ACCEPTOR_ADDRESS","0","1","0","0","0","0","0","0","0","246","2023-03-12 03:39:20.437","worada"
"INT_L_B2K_BCFDTLR_1_0","FT_PROGRAM_REGISTRATION_ID","B2K_BCFDTLR_1_0.FT_PROGRAM_REGISTRATION_ID","0","1","0","0","0","0","0","0","0","247","2023-03-12 03:39:20.437","worada"
"INT_L_B2K_BCFDTLR_1_0","FT_MBA_ACCEPT_BRAND_ID","B2K_BCFDTLR_1_0.FT_MBA_ACCEPT_BRAND_ID","0","1","0","0","0","0","0","0","0","248","2023-03-12 03:39:20.437","worada"
"INT_L_B2K_BCFDTLR_1_0","FT_MBA_BUS_SERVICE_LEVEL","B2K_BCFDTLR_1_0.FT_MBA_BUS_SERVICE_LEVEL","0","1","0","0","0","0","0","0","0","249","2023-03-12 03:39:20.437","worada"
"INT_L_B2K_BCFDTLR_1_0","FT_MBA_BUS_SERVICE_ID","B2K_BCFDTLR_1_0.FT_MBA_BUS_SERVICE_ID","0","1","0","0","0","0","0","0","0","250","2023-03-12 03:39:20.437","worada"
"INT_L_B2K_BCFDTLR_1_0","FT_MBA_INTCHG_RATE_DESIGNATOR","B2K_BCFDTLR_1_0.FT_MBA_INTCHG_RATE_DESIGNATOR","0","1","0","0","0","0","0","0","0","251","2023-03-12 03:39:20.437","worada"
"INT_L_B2K_BCFDTLR_1_0","FT_MBA_BUSINESS_DATE","B2K_BCFDTLR_1_0.FT_MBA_BUSINESS_DATE","0","1","0","0","0","0","0","0","0","252","2023-03-12 03:39:20.437","worada"
"INT_L_B2K_BCFDTLR_1_0","FT_MBA_BUSINESS_YY","B2K_BCFDTLR_1_0.FT_MBA_BUSINESS_YY","0","1","0","0","0","0","0","0","0","253","2023-03-12 03:39:20.437","worada"
"INT_L_B2K_BCFDTLR_1_0","FT_MBA_BUSINESS_MM","B2K_BCFDTLR_1_0.FT_MBA_BUSINESS_MM","0","1","0","0","0","0","0","0","0","254","2023-03-12 03:39:20.437","worada"
"INT_L_B2K_BCFDTLR_1_0","FT_MBA_BUSINESS_DD","B2K_BCFDTLR_1_0.FT_MBA_BUSINESS_DD","0","1","0","0","0","0","0","0","0","255","2023-03-12 03:39:20.437","worada"
"INT_L_B2K_BCFDTLR_1_0","FT_MBA_BUSINESS_CYCLE","B2K_BCFDTLR_1_0.FT_MBA_BUSINESS_CYCLE","0","1","0","0","0","0","0","0","0","256","2023-03-12 03:39:20.437","worada"
"INT_L_B2K_BCFDTLR_1_0","FT_MERCH_INQUIRY","B2K_BCFDTLR_1_0.FT_MERCH_INQUIRY","0","1","0","0","0","0","0","0","0","257","2023-03-12 03:39:20.437","worada"
"INT_L_B2K_BCFDTLR_1_0","FT_CUST_SVC_PHONE","B2K_BCFDTLR_1_0.FT_CUST_SVC_PHONE","0","1","0","0","0","0","0","0","0","258","2023-03-12 03:39:20.437","worada"
"INT_L_B2K_BCFDTLR_1_0","FT_MERCH_PHONE","B2K_BCFDTLR_1_0.FT_MERCH_PHONE","0","1","0","0","0","0","0","0","0","259","2023-03-12 03:39:20.437","worada"
"INT_L_B2K_BCFDTLR_1_0","FT_CONTACT_INFO","B2K_BCFDTLR_1_0.FT_CONTACT_INFO","0","1","0","0","0","0","0","0","0","260","2023-03-12 03:39:20.437","worada"
"INT_L_B2K_BCFDTLR_1_0","FT_POI_PHONE_FORMAT","B2K_BCFDTLR_1_0.FT_POI_PHONE_FORMAT","0","1","0","0","0","0","0","0","0","261","2023-03-12 03:39:20.437","worada"
"INT_L_B2K_BCFDTLR_1_0","FT_POI_PHONE_FORMAT_A","B2K_BCFDTLR_1_0.FT_POI_PHONE_FORMAT_A","0","1","0","0","0","0","0","0","0","262","2023-03-12 03:39:20.437","worada"
"INT_L_B2K_BCFDTLR_1_0","FT_POI_PHONE_DETAIL","B2K_BCFDTLR_1_0.FT_POI_PHONE_DETAIL","0","1","0","0","0","0","0","0","0","263","2023-03-12 03:39:20.437","worada"
"INT_L_B2K_BCFDTLR_1_0","FT_SOLE_PROPRIETOR_NAME","B2K_BCFDTLR_1_0.FT_SOLE_PROPRIETOR_NAME","0","1","0","0","0","0","0","0","0","264","2023-03-12 03:39:20.437","worada"
"INT_L_B2K_BCFDTLR_1_0","FT_CORPORATE_NAME","B2K_BCFDTLR_1_0.FT_CORPORATE_NAME","0","1","0","0","0","0","0","0","0","265","2023-03-12 03:39:20.437","worada"
"INT_L_B2K_BCFDTLR_1_0","FT_MERCH_LOC_POSTAL_CODE","B2K_BCFDTLR_1_0.FT_MERCH_LOC_POSTAL_CODE","0","1","0","0","0","0","0","0","0","266","2023-03-12 03:39:20.437","worada"
"INT_L_B2K_BCFDTLR_1_0","FT_DUN_NUMBER_X","B2K_BCFDTLR_1_0.FT_DUN_NUMBER_X","0","1","0","0","0","0","0","0","0","267","2023-03-12 03:39:20.437","worada"
"INT_L_B2K_BCFDTLR_1_0","FT_DUN_NUMBER","B2K_BCFDTLR_1_0.FT_DUN_NUMBER","0","1","0","0","0","0","0","0","0","268","2023-03-12 03:39:20.437","worada"
"INT_L_B2K_BCFDTLR_1_0","FT_VI_TRAN_QUAL","B2K_BCFDTLR_1_0.FT_VI_TRAN_QUAL","0","1","0","0","0","0","0","0","0","269","2023-03-12 03:39:20.437","worada"
"INT_L_B2K_BCFDTLR_1_0","FT_SEC_LVL_IND","B2K_BCFDTLR_1_0.FT_SEC_LVL_IND","0","1","0","0","0","0","0","0","0","270","2023-03-12 03:39:20.437","worada"
"INT_L_B2K_BCFDTLR_1_0","FT_SEC_PROTOCOL","B2K_BCFDTLR_1_0.FT_SEC_PROTOCOL","0","1","0","0","0","0","0","0","0","271","2023-03-12 03:39:20.437","worada"
"INT_L_B2K_BCFDTLR_1_0","FT_CHD_AUTHENTICATION","B2K_BCFDTLR_1_0.FT_CHD_AUTHENTICATION","0","1","0","0","0","0","0","0","0","272","2023-03-12 03:39:20.437","worada"
"INT_L_B2K_BCFDTLR_1_0","FT_UCAF_IND","B2K_BCFDTLR_1_0.FT_UCAF_IND","0","1","0","0","0","0","0","0","0","273","2023-03-12 03:39:20.437","worada"
"INT_L_B2K_BCFDTLR_1_0","FT_MERCHANT_CORP","B2K_BCFDTLR_1_0.FT_MERCHANT_CORP","0","1","0","0","0","0","0","0","0","274","2023-03-12 03:39:20.437","worada"
"INT_L_B2K_BCFDTLR_1_0","FT_MERCHANT_NO","B2K_BCFDTLR_1_0.FT_MERCHANT_NO","0","1","0","0","0","0","0","0","0","275","2023-03-12 03:39:20.437","worada"
"INT_L_B2K_BCFDTLR_1_0","FT_ISS_OR_ACQ","B2K_BCFDTLR_1_0.FT_ISS_OR_ACQ","0","1","0","0","0","0","0","0","0","276","2023-03-12 03:39:20.437","worada"
"INT_L_B2K_BCFDTLR_1_0","FT_ORIG_RECD_SEQ_NUM","B2K_BCFDTLR_1_0.FT_ORIG_RECD_SEQ_NUM","0","1","0","0","0","0","0","0","0","277","2023-03-12 03:39:20.437","worada"
"INT_L_B2K_BCFDTLR_1_0","FT_A_TID","B2K_BCFDTLR_1_0.FT_A_TID","0","1","0","0","0","0","0","0","0","278","2023-03-12 03:39:20.437","worada"
"INT_L_B2K_BCFDTLR_1_0","FT_A_PROC_CODE","B2K_BCFDTLR_1_0.FT_A_PROC_CODE","0","1","0","0","0","0","0","0","0","279","2023-03-12 03:39:20.437","worada"
"INT_L_B2K_BCFDTLR_1_0","FT_A_NET_DATE","B2K_BCFDTLR_1_0.FT_A_NET_DATE","0","1","0","0","0","0","0","0","0","280","2023-03-12 03:39:20.437","worada"
"INT_L_B2K_BCFDTLR_1_0","FT_A_NET_TIME","B2K_BCFDTLR_1_0.FT_A_NET_TIME","0","1","0","0","0","0","0","0","0","281","2023-03-12 03:39:20.437","worada"
"INT_L_B2K_BCFDTLR_1_0","FT_A_ISS_INST_ID","B2K_BCFDTLR_1_0.FT_A_ISS_INST_ID","0","1","0","0","0","0","0","0","0","282","2023-03-12 03:39:20.437","worada"
"INT_L_B2K_BCFDTLR_1_0","FT_A_ISS_INST_PID","B2K_BCFDTLR_1_0.FT_A_ISS_INST_PID","0","1","0","0","0","0","0","0","0","283","2023-03-12 03:39:20.437","worada"
"INT_L_B2K_BCFDTLR_1_0","FT_A_MRCH_POSTAL_CD","B2K_BCFDTLR_1_0.FT_A_MRCH_POSTAL_CD","0","1","0","0","0","0","0","0","0","284","2023-03-12 03:39:20.437","worada"
"INT_L_B2K_BCFDTLR_1_0","FT_A_PP_CONVRATE","B2K_BCFDTLR_1_0.FT_A_PP_CONVRATE","0","1","0","0","0","0","0","0","0","285","2023-03-12 03:39:20.437","worada"
"INT_L_B2K_BCFDTLR_1_0","FT_OFFER_PROC","B2K_BCFDTLR_1_0.FT_OFFER_PROC","0","1","0","0","0","0","0","0","0","286","2023-03-12 03:39:20.437","worada"
"INT_L_B2K_BCFDTLR_1_0","FT_GL_INPUT_SOURCE","B2K_BCFDTLR_1_0.FT_GL_INPUT_SOURCE","0","1","0","0","0","0","0","0","0","287","2023-03-12 03:39:20.437","worada"
"INT_L_B2K_BCFDTLR_1_0","FT_EUROPAY_TRAN_RULE","B2K_BCFDTLR_1_0.FT_EUROPAY_TRAN_RULE","0","1","0","0","0","0","0","0","0","288","2023-03-12 03:39:20.437","worada"
"INT_L_B2K_BCFDTLR_1_0","FT_EXTENDED_SVC_CODE_A","B2K_BCFDTLR_1_0.FT_EXTENDED_SVC_CODE_A","0","1","0","0","0","0","0","0","0","289","2023-03-12 03:39:20.437","worada"
"INT_L_B2K_BCFDTLR_1_0","FT_EXTENDED_SVC_CODE","B2K_BCFDTLR_1_0.FT_EXTENDED_SVC_CODE","0","1","0","0","0","0","0","0","0","290","2023-03-12 03:39:20.437","worada"
"INT_L_B2K_BCFDTLR_1_0","FT_ICCR_AMOUNT","B2K_BCFDTLR_1_0.FT_ICCR_AMOUNT","0","1","0","0","0","0","0","0","0","291","2023-03-12 03:39:20.437","worada"
"INT_L_B2K_BCFDTLR_1_0","FT_MCCR_AMOUNT","B2K_BCFDTLR_1_0.FT_MCCR_AMOUNT","0","1","0","0","0","0","0","0","0","292","2023-03-12 03:39:20.437","worada"
"INT_L_B2K_BCFDTLR_1_0","FT_INTL_SERVICE_ASSESSMENT","B2K_BCFDTLR_1_0.FT_INTL_SERVICE_ASSESSMENT","0","1","0","0","0","0","0","0","0","293","2023-03-12 03:39:20.437","worada"
"INT_L_B2K_BCFDTLR_1_0","FT_LIFE_CYC_VAL_CDE","B2K_BCFDTLR_1_0.FT_LIFE_CYC_VAL_CDE","0","1","0","0","0","0","0","0","0","294","2023-03-12 03:39:20.437","worada"
"INT_L_B2K_BCFDTLR_1_0","FT_VISA_FEE_PROG_IND","B2K_BCFDTLR_1_0.FT_VISA_FEE_PROG_IND","0","1","0","0","0","0","0","0","0","295","2023-03-12 03:39:20.437","worada"
"INT_L_B2K_BCFDTLR_1_0","FT_ALT_CARD_ACCEPTOR_LGH","B2K_BCFDTLR_1_0.FT_ALT_CARD_ACCEPTOR_LGH","0","1","0","0","0","0","0","0","0","296","2023-03-12 03:39:20.437","worada"
"INT_L_B2K_BCFDTLR_1_0","FT_ALT_CARD_ACCEPTOR_ID","B2K_BCFDTLR_1_0.FT_ALT_CARD_ACCEPTOR_ID","0","1","0","0","0","0","0","0","0","297","2023-03-12 03:39:20.437","worada"
"INT_L_B2K_BCFDTLR_1_0","FT_CROSS_BORDER_DATA","B2K_BCFDTLR_1_0.FT_CROSS_BORDER_DATA","0","1","0","0","0","0","0","0","0","298","2023-03-12 03:39:20.437","worada"
"INT_L_B2K_BCFDTLR_1_0","FT_OTHER_FILES_IND","B2K_BCFDTLR_1_0.FT_OTHER_FILES_IND","0","1","0","0","0","0","0","0","0","299","2023-03-12 03:39:20.437","worada"
"INT_L_B2K_BCFDTLR_1_0","FT_TBS_TRAN_ID","B2K_BCFDTLR_1_0.FT_TBS_TRAN_ID","0","1","0","0","0","0","0","0","0","300","2023-03-12 03:39:20.437","worada"
"INT_L_B2K_BCFDTLR_1_0","FT_EURO_CONV_RATE","B2K_BCFDTLR_1_0.FT_EURO_CONV_RATE","0","1","0","0","0","0","0","0","0","301","2023-03-12 03:39:20.437","worada"
"INT_L_B2K_BCFDTLR_1_0","FT_MC_PROCESSING_CODE","B2K_BCFDTLR_1_0.FT_MC_PROCESSING_CODE","0","1","0","0","0","0","0","0","0","302","2023-03-12 03:39:20.437","worada"
"INT_L_B2K_BCFDTLR_1_0","FT_MC_TRANS_TYPE","B2K_BCFDTLR_1_0.FT_MC_TRANS_TYPE","0","1","0","0","0","0","0","0","0","303","2023-03-12 03:39:20.437","worada"
"INT_L_B2K_BCFDTLR_1_0","FT_MC_FROM_ACCT_TYPE","B2K_BCFDTLR_1_0.FT_MC_FROM_ACCT_TYPE","0","1","0","0","0","0","0","0","0","304","2023-03-12 03:39:20.437","worada"
"INT_L_B2K_BCFDTLR_1_0","FT_MC_TO_ACCT_TYPE","B2K_BCFDTLR_1_0.FT_MC_TO_ACCT_TYPE","0","1","0","0","0","0","0","0","0","305","2023-03-12 03:39:20.437","worada"
"INT_L_B2K_BCFDTLR_1_0","FT_TCR7_TRAN_COMP_SEQ","B2K_BCFDTLR_1_0.FT_TCR7_TRAN_COMP_SEQ","0","1","0","0","0","0","0","0","0","306","2023-03-12 03:39:20.437","worada"
"INT_L_B2K_BCFDTLR_1_0","FT_TCR7_CRYPT_TRAN_TYPE","B2K_BCFDTLR_1_0.FT_TCR7_CRYPT_TRAN_TYPE","0","1","0","0","0","0","0","0","0","307","2023-03-12 03:39:20.437","worada"
"INT_L_B2K_BCFDTLR_1_0","FT_TCR7_CARD_SEQ_NO","B2K_BCFDTLR_1_0.FT_TCR7_CARD_SEQ_NO","0","1","0","0","0","0","0","0","0","308","2023-03-12 03:39:20.437","worada"
"INT_L_B2K_BCFDTLR_1_0","FT_TCR7_TERM_TRAN_DATE","B2K_BCFDTLR_1_0.FT_TCR7_TERM_TRAN_DATE","0","1","0","0","0","0","0","0","0","309","2023-03-12 03:39:20.437","worada"
"INT_L_B2K_BCFDTLR_1_0","FT_TCR7_TERM_CAP_PROF","B2K_BCFDTLR_1_0.FT_TCR7_TERM_CAP_PROF","0","1","0","0","0","0","0","0","0","310","2023-03-12 03:39:20.437","worada"
"INT_L_B2K_BCFDTLR_1_0","FT_TCR7_TERM_CNTRY_CODE","B2K_BCFDTLR_1_0.FT_TCR7_TERM_CNTRY_CODE","0","1","0","0","0","0","0","0","0","311","2023-03-12 03:39:20.437","worada"
"INT_L_B2K_BCFDTLR_1_0","FT_TCR7_TERM_SERIAL_NO","B2K_BCFDTLR_1_0.FT_TCR7_TERM_SERIAL_NO","0","1","0","0","0","0","0","0","0","312","2023-03-12 03:39:20.437","worada"
"INT_L_B2K_BCFDTLR_1_0","FT_TCR7_UNPREDIC_NO","B2K_BCFDTLR_1_0.FT_TCR7_UNPREDIC_NO","0","1","0","0","0","0","0","0","0","313","2023-03-12 03:39:20.437","worada"
"INT_L_B2K_BCFDTLR_1_0","FT_TCR7_APPL_TRAN_COUNTER","B2K_BCFDTLR_1_0.FT_TCR7_APPL_TRAN_COUNTER","0","1","0","0","0","0","0","0","0","314","2023-03-12 03:39:20.437","worada"
"INT_L_B2K_BCFDTLR_1_0","FT_TCR7_APPL_INTCHG_PROF","B2K_BCFDTLR_1_0.FT_TCR7_APPL_INTCHG_PROF","0","1","0","0","0","0","0","0","0","315","2023-03-12 03:39:20.437","worada"
"INT_L_B2K_BCFDTLR_1_0","FT_TCR7_CRYPTOGRAM","B2K_BCFDTLR_1_0.FT_TCR7_CRYPTOGRAM","0","1","0","0","0","0","0","0","0","316","2023-03-12 03:39:20.437","worada"
"INT_L_B2K_BCFDTLR_1_0","FT_TCR7_DERIVE_KEY_INDEX","B2K_BCFDTLR_1_0.FT_TCR7_DERIVE_KEY_INDEX","0","1","0","0","0","0","0","0","0","317","2023-03-12 03:39:20.437","worada"
"INT_L_B2K_BCFDTLR_1_0","FT_TCR7_CRYPT_VERSION_NO","B2K_BCFDTLR_1_0.FT_TCR7_CRYPT_VERSION_NO","0","1","0","0","0","0","0","0","0","318","2023-03-12 03:39:20.437","worada"
"INT_L_B2K_BCFDTLR_1_0","FT_TCR7_TERM_VERIFY_RESULT","B2K_BCFDTLR_1_0.FT_TCR7_TERM_VERIFY_RESULT","0","1","0","0","0","0","0","0","0","319","2023-03-12 03:39:20.437","worada"
"INT_L_B2K_BCFDTLR_1_0","FT_TCR7_CARD_VERIFY_RESULT","B2K_BCFDTLR_1_0.FT_TCR7_CARD_VERIFY_RESULT","0","1","0","0","0","0","0","0","0","320","2023-03-12 03:39:20.437","worada"
"INT_L_B2K_BCFDTLR_1_0","FT_TCR7_CRYPTOGRAM_AMOUNT","B2K_BCFDTLR_1_0.FT_TCR7_CRYPTOGRAM_AMOUNT","0","1","0","0","0","0","0","0","0","321","2023-03-12 03:39:20.437","worada"
"INT_L_B2K_BCFDTLR_1_0","FT_TCR7_ISS_SCRIPT_RESULT","B2K_BCFDTLR_1_0.FT_TCR7_ISS_SCRIPT_RESULT","0","1","0","0","0","0","0","0","0","322","2023-03-12 03:39:20.437","worada"
"INT_L_B2K_BCFDTLR_1_0","FT_CRYTOGRAM_DATA","B2K_BCFDTLR_1_0.FT_CRYTOGRAM_DATA","0","1","0","0","0","0","0","0","0","323","2023-03-12 03:39:20.437","worada"
"INT_L_B2K_BCFDTLR_1_0","FT_LENGTH_IND","B2K_BCFDTLR_1_0.FT_LENGTH_IND","0","1","0","0","0","0","0","0","0","324","2023-03-12 03:39:20.437","worada"
"INT_L_B2K_BCFDTLR_1_0","FT_TRANSACTION_TYPE","B2K_BCFDTLR_1_0.FT_TRANSACTION_TYPE","0","1","0","0","0","0","0","0","0","325","2023-03-12 03:39:20.437","worada"
"INT_L_B2K_BCFDTLR_1_0","FT_AMOUNT_OTHER","B2K_BCFDTLR_1_0.FT_AMOUNT_OTHER","0","1","0","0","0","0","0","0","0","326","2023-03-12 03:39:20.437","worada"
"INT_L_B2K_BCFDTLR_1_0","FT_CVM_RESULT","B2K_BCFDTLR_1_0.FT_CVM_RESULT","0","1","0","0","0","0","0","0","0","327","2023-03-12 03:39:20.437","worada"
"INT_L_B2K_BCFDTLR_1_0","FT_TERMINAL_TYPE","B2K_BCFDTLR_1_0.FT_TERMINAL_TYPE","0","1","0","0","0","0","0","0","0","328","2023-03-12 03:39:20.437","worada"
"INT_L_B2K_BCFDTLR_1_0","FT_INPUT_BATCH_NBR","B2K_BCFDTLR_1_0.FT_INPUT_BATCH_NBR","0","1","0","0","0","0","0","0","0","329","2023-03-12 03:39:20.437","worada"
"INT_L_B2K_BCFDTLR_1_0","FT_STOLEN_DATE","B2K_BCFDTLR_1_0.FT_STOLEN_DATE","0","1","0","0","0","0","0","0","0","330","2023-03-12 03:39:20.437","worada"
"INT_L_B2K_BCFDTLR_1_0","FT_SEG11_FILLER","B2K_BCFDTLR_1_0.FT_SEG11_FILLER","0","1","0","0","0","0","0","0","0","331","2023-03-12 03:39:20.437","worada"
"INT_L_B2K_BCFDTLR_1_0","START_DT","B2K_BCFDTLR_1_0.START_DT","0","1","0","0","0","0","0","0","0","332","2023-03-12 03:39:20.437","worada"
"INT_L_B2K_BCFDTLR_1_0","END_DT","B2K_BCFDTLR_1_0.END_DT","0","1","0","0","0","0","0","0","0","333","2023-03-12 03:39:20.437","worada"
"INT_L_B2K_BCFDTLR_1_0","RECORD_DELETED_FLAG","B2K_BCFDTLR_1_0.RECORD_DELETED_FLAG","0","1","0","0","0","0","0","0","0","334","2023-03-12 03:39:20.437","worada"
"INT_L_B2K_BCFDTLR_1_0","CTL_ID","B2K_BCFDTLR_1_0.CTL_ID","0","1","0","0","0","0","1","0","0","335","2023-03-12 03:39:20.437","worada"
"INT_L_B2K_BCFDTLR_1_0","INS_PROC_NAME","B2K_BCFDTLR_1_0.INS_PROC_NAME","0","1","0","0","0","0","0","0","0","336","2023-03-12 03:39:20.437","worada"
"INT_L_B2K_BCFDTLR_1_0","INS_TXF_BATCHID","B2K_BCFDTLR_1_0.INS_TXF_BATCHID","0","1","0","0","0","0","0","0","0","337","2023-03-12 03:39:20.437","worada"
"INT_L_B2K_BCFDTLR_1_0","UPD_PROC_NAME","B2K_BCFDTLR_1_0.UPD_PROC_NAME","0","1","0","0","0","0","0","0","0","338","2023-03-12 03:39:20.437","worada"
"INT_L_B2K_BCFDTLR_1_0","UPD_TXF_BATCHID","B2K_BCFDTLR_1_0.UPD_TXF_BATCHID","0","1","0","0","0","0","0","0","0","339","2023-03-12 03:39:20.437","worada"
"INT_L_B2K_BCFDTLR_1_0","FT_CREDIT_FLAG","B2K_BCFDTLR_1_0.FT_CREDIT_FLAG","0","1","0","0","0","0","0","0","1","340","2023-03-12 03:39:20.437","Common_Team"
"INT_L_B2K_BCFDTLR_1_0","FT_INTER_FLAG","B2K_BCFDTLR_1_0.FT_INTER_FLAG","0","1","0","0","0","0","0","0","1","341","2023-03-12 03:39:20.437","Common_Team"
"INT_L_B2K_BCFDTLR_1_0","BIN_8_DIGIT","B2K_BCFDTLR_1_0.BIN_8_DIGIT","0","1","0","0","0","0","0","0","0","342","2023-03-12 03:39:20.437","worada"
"INT_L_B2K_BCFDTLR_1_0","TRANSACTION_DATE","TRANSACTION_DATE","0","1","0","0","0","1","0","0","0","343","2023-03-12 03:39:20.437","worada"
