"INTERFACE_NAME","COL_NAME","EXPRESSION","EXE_DB","INSERT_FLAG","UPDATE_FLAG","KEY_UPD","UD1","UD2","UD3","UD4","UD5","COL_POSITION","LAST_UPDATE_DATE","LAST_UPDATE_USER"
"INT_L_BRR_EDW_UPHISTARCH","CUSTOMERID","BRR_UPHISTARCH_1_0.CUSTOMERID","0","1","0","0","1","0","0","0","0","1","2023-03-11 23:24:10.756","mfec_process"
"INT_L_BRR_EDW_UPHISTARCH","ARCHIVEID","BRR_UPHISTARCH_1_0.ARCHIVEID","0","1","0","0","1","0","0","0","0","2","2023-03-11 23:24:10.756","mfec_process"
"INT_L_BRR_EDW_UPHISTARCH","CONTEXTID","BRR_UPHISTARCH_1_0.CONTEXTID","0","1","0","0","1","0","0","0","0","3","2023-03-11 23:24:10.756","mfec_process"
"INT_L_BRR_EDW_UPHISTARCH","STATEMENTID","BRR_UPHISTARCH_1_0.STATEMENTID","0","1","0","0","1","0","0","0","0","4","2023-03-11 23:24:10.756","mfec_process"
"INT_L_BRR_EDW_UPHISTARCH","CUSTOMERNAME","LEFT(CUSTOMERNAME,75)","1","1","0","0","0","0","0","0","0","5","2023-03-11 23:24:10.756","Common_Team"
"INT_L_BRR_EDW_UPHISTARCH","STATEMENTDATE","(COALESCE(to_timestamp(SUBSTR(statementdate,1,26)),timestamp'1000-01-03 00:00:00.000GMT+7'))","1","1","0","0","0","0","0","0","0","6","2023-03-11 23:24:10.756","nuttsak.wong"
"INT_L_BRR_EDW_UPHISTARCH","STATEMENTMONTHS","BRR_UPHISTARCH_1_0.STATEMENTMONTHS","0","1","0","0","0","0","0","0","0","7","2023-03-11 23:24:10.756","nuttsak.wong"
"INT_L_BRR_EDW_UPHISTARCH","AUDITMETHOD","LEFT(AUDITMETHOD,50)","1","1","0","0","0","0","0","0","0","8","2023-03-11 23:24:10.756","Common_Team"
"INT_L_BRR_EDW_UPHISTARCH","ACCOUNTANT","LEFT(ACCOUNTANT,50)","1","1","0","0","0","0","0","0","0","9","2023-03-11 23:24:10.756","Common_Team"
"INT_L_BRR_EDW_UPHISTARCH","ANALYST","LEFT(ANALYST,50)","1","1","0","0","0","0","0","0","0","10","2023-03-11 23:24:10.756","Common_Team"
"INT_L_BRR_EDW_UPHISTARCH","STATEMENTTYPE","LEFT(STATEMENTTYPE,50)","1","1","0","0","0","0","0","0","0","11","2023-03-11 23:24:10.756","Common_Team"
"INT_L_BRR_EDW_UPHISTARCH","CASH","BRR_UPHISTARCH_1_0.CASH","0","1","0","0","0","0","0","0","0","12","2023-03-11 23:24:10.756","nuttsak.wong"
"INT_L_BRR_EDW_UPHISTARCH","ACCTSRECTRADE","BRR_UPHISTARCH_1_0.ACCTSRECTRADE","0","1","0","0","0","0","0","0","0","13","2023-03-11 23:24:10.756","nuttsak.wong"
"INT_L_BRR_EDW_UPHISTARCH","BADDEBTRESERVE","BRR_UPHISTARCH_1_0.BADDEBTRESERVE","0","1","0","0","0","0","0","0","0","14","2023-03-11 23:24:10.756","nuttsak.wong"
"INT_L_BRR_EDW_UPHISTARCH","NETTRADEACCTSREC","BRR_UPHISTARCH_1_0.NETTRADEACCTSREC","0","1","0","0","0","0","0","0","0","15","2023-03-11 23:24:10.756","nuttsak.wong"
"INT_L_BRR_EDW_UPHISTARCH","ACCTSRECOTHER","BRR_UPHISTARCH_1_0.ACCTSRECOTHER","0","1","0","0","0","0","0","0","0","16","2023-03-11 23:24:10.756","nuttsak.wong"
"INT_L_BRR_EDW_UPHISTARCH","RAWMATERIALSINV","BRR_UPHISTARCH_1_0.RAWMATERIALSINV","0","1","0","0","0","0","0","0","0","17","2023-03-11 23:24:10.756","nuttsak.wong"
"INT_L_BRR_EDW_UPHISTARCH","FINGOODSINV","BRR_UPHISTARCH_1_0.FINGOODSINV","0","1","0","0","0","0","0","0","0","18","2023-03-11 23:24:10.756","nuttsak.wong"
"INT_L_BRR_EDW_UPHISTARCH","OTHERINV","BRR_UPHISTARCH_1_0.OTHERINV","0","1","0","0","0","0","0","0","0","19","2023-03-11 23:24:10.756","nuttsak.wong"
"INT_L_BRR_EDW_UPHISTARCH","TOTALINVENTORY","BRR_UPHISTARCH_1_0.TOTALINVENTORY","0","1","0","0","0","0","0","0","0","20","2023-03-11 23:24:10.756","nuttsak.wong"
"INT_L_BRR_EDW_UPHISTARCH","INCTAXRECEIVABLE","BRR_UPHISTARCH_1_0.INCTAXRECEIVABLE","0","1","0","0","0","0","0","0","0","21","2023-03-11 23:24:10.756","nuttsak.wong"
"INT_L_BRR_EDW_UPHISTARCH","COSTSINEXCBILL","BRR_UPHISTARCH_1_0.COSTSINEXCBILL","0","1","0","0","0","0","0","0","0","22","2023-03-11 23:24:10.756","nuttsak.wong"
"INT_L_BRR_EDW_UPHISTARCH","OTHEROPERASSETS","BRR_UPHISTARCH_1_0.OTHEROPERASSETS","0","1","0","0","0","0","0","0","0","23","2023-03-11 23:24:10.756","nuttsak.wong"
"INT_L_BRR_EDW_UPHISTARCH","NONOPCURASSETS","BRR_UPHISTARCH_1_0.NONOPCURASSETS","0","1","0","0","0","0","0","0","0","24","2023-03-11 23:24:10.756","nuttsak.wong"
"INT_L_BRR_EDW_UPHISTARCH","LIFORESERVE","BRR_UPHISTARCH_1_0.LIFORESERVE","0","1","0","0","0","0","0","0","0","25","2023-03-11 23:24:10.756","nuttsak.wong"
"INT_L_BRR_EDW_UPHISTARCH","OFFBSCURASTS","BRR_UPHISTARCH_1_0.OFFBSCURASTS","0","1","0","0","0","0","0","0","0","26","2023-03-11 23:24:10.756","nuttsak.wong"
"INT_L_BRR_EDW_UPHISTARCH","TOTALCURASSETS","BRR_UPHISTARCH_1_0.TOTALCURASSETS","0","1","0","0","0","0","0","0","0","27","2023-03-11 23:24:10.756","nuttsak.wong"
"INT_L_BRR_EDW_UPHISTARCH","DEFINCTAXREC","BRR_UPHISTARCH_1_0.DEFINCTAXREC","0","1","0","0","0","0","0","0","0","28","2023-03-11 23:24:10.756","nuttsak.wong"
"INT_L_BRR_EDW_UPHISTARCH","CONSTINPROGRESS","BRR_UPHISTARCH_1_0.CONSTINPROGRESS","0","1","0","0","0","0","0","0","0","29","2023-03-11 23:24:10.756","nuttsak.wong"
"INT_L_BRR_EDW_UPHISTARCH","LAND","BRR_UPHISTARCH_1_0.LAND","0","1","0","0","0","0","0","0","0","30","2023-03-11 23:24:10.756","nuttsak.wong"
"INT_L_BRR_EDW_UPHISTARCH","FIXEDASSETS","BRR_UPHISTARCH_1_0.FIXEDASSETS","0","1","0","0","0","0","0","0","0","31","2023-03-11 23:24:10.756","nuttsak.wong"
"INT_L_BRR_EDW_UPHISTARCH","GROSSFIXEDASSETS","BRR_UPHISTARCH_1_0.GROSSFIXEDASSETS","0","1","0","0","0","0","0","0","0","32","2023-03-11 23:24:10.756","nuttsak.wong"
"INT_L_BRR_EDW_UPHISTARCH","ACCUMDEPREC","BRR_UPHISTARCH_1_0.ACCUMDEPREC","0","1","0","0","0","0","0","0","0","33","2023-03-11 23:24:10.756","nuttsak.wong"
"INT_L_BRR_EDW_UPHISTARCH","NETFIXEDASSETS","BRR_UPHISTARCH_1_0.NETFIXEDASSETS","0","1","0","0","0","0","0","0","0","34","2023-03-11 23:24:10.756","nuttsak.wong"
"INT_L_BRR_EDW_UPHISTARCH","LONGTERMACCTSREC","BRR_UPHISTARCH_1_0.LONGTERMACCTSREC","0","1","0","0","0","0","0","0","0","35","2023-03-11 23:24:10.756","nuttsak.wong"
"INT_L_BRR_EDW_UPHISTARCH","LONGTERMINVEST","BRR_UPHISTARCH_1_0.LONGTERMINVEST","0","1","0","0","0","0","0","0","0","36","2023-03-11 23:24:10.756","nuttsak.wong"
"INT_L_BRR_EDW_UPHISTARCH","OPNONCURASSETS","BRR_UPHISTARCH_1_0.OPNONCURASSETS","0","1","0","0","0","0","0","0","0","37","2023-03-11 23:24:10.756","nuttsak.wong"
"INT_L_BRR_EDW_UPHISTARCH","LONGTERMPREPAIDS","BRR_UPHISTARCH_1_0.LONGTERMPREPAIDS","0","1","0","0","0","0","0","0","0","38","2023-03-11 23:24:10.756","nuttsak.wong"
"INT_L_BRR_EDW_UPHISTARCH","NONOPNONCURASTS","BRR_UPHISTARCH_1_0.NONOPNONCURASTS","0","1","0","0","0","0","0","0","0","39","2023-03-11 23:24:10.756","nuttsak.wong"
"INT_L_BRR_EDW_UPHISTARCH","INTANGIBLES","BRR_UPHISTARCH_1_0.INTANGIBLES","0","1","0","0","0","0","0","0","0","40","2023-03-11 23:24:10.756","nuttsak.wong"
"INT_L_BRR_EDW_UPHISTARCH","ACCUMAMORT","BRR_UPHISTARCH_1_0.ACCUMAMORT","0","1","0","0","0","0","0","0","0","41","2023-03-11 23:24:10.756","nuttsak.wong"
"INT_L_BRR_EDW_UPHISTARCH","NETINTANGIBLES","BRR_UPHISTARCH_1_0.NETINTANGIBLES","0","1","0","0","0","0","0","0","0","42","2023-03-11 23:24:10.756","nuttsak.wong"
"INT_L_BRR_EDW_UPHISTARCH","OFFBSNONCURASTS","BRR_UPHISTARCH_1_0.OFFBSNONCURASTS","0","1","0","0","0","0","0","0","0","43","2023-03-11 23:24:10.756","nuttsak.wong"
"INT_L_BRR_EDW_UPHISTARCH","TOTALNONCURASTS","BRR_UPHISTARCH_1_0.TOTALNONCURASTS","0","1","0","0","0","0","0","0","0","44","2023-03-11 23:24:10.756","nuttsak.wong"
"INT_L_BRR_EDW_UPHISTARCH","TOTALASSETS","BRR_UPHISTARCH_1_0.TOTALASSETS","0","1","0","0","0","0","0","0","0","45","2023-03-11 23:24:10.756","nuttsak.wong"
"INT_L_BRR_EDW_UPHISTARCH","OVERDRAFTS","BRR_UPHISTARCH_1_0.OVERDRAFTS","0","1","0","0","0","0","0","0","0","46","2023-03-11 23:24:10.756","nuttsak.wong"
"INT_L_BRR_EDW_UPHISTARCH","STLOANSPAYABLE","BRR_UPHISTARCH_1_0.STLOANSPAYABLE","0","1","0","0","0","0","0","0","0","47","2023-03-11 23:24:10.756","nuttsak.wong"
"INT_L_BRR_EDW_UPHISTARCH","CPLTD","BRR_UPHISTARCH_1_0.CPLTD","0","1","0","0","0","0","0","0","0","48","2023-03-11 23:24:10.756","nuttsak.wong"
"INT_L_BRR_EDW_UPHISTARCH","CPSUBDEBT","BRR_UPHISTARCH_1_0.CPSUBDEBT","0","1","0","0","0","0","0","0","0","49","2023-03-11 23:24:10.756","nuttsak.wong"
"INT_L_BRR_EDW_UPHISTARCH","ACCTSPAYTRADE","BRR_UPHISTARCH_1_0.ACCTSPAYTRADE","0","1","0","0","0","0","0","0","0","50","2023-03-11 23:24:10.756","nuttsak.wong"
"INT_L_BRR_EDW_UPHISTARCH","ACCTSPAYOTHER","BRR_UPHISTARCH_1_0.ACCTSPAYOTHER","0","1","0","0","0","0","0","0","0","51","2023-03-11 23:24:10.756","nuttsak.wong"
"INT_L_BRR_EDW_UPHISTARCH","ACCRUEDLIABS","BRR_UPHISTARCH_1_0.ACCRUEDLIABS","0","1","0","0","0","0","0","0","0","52","2023-03-11 23:24:10.756","nuttsak.wong"
"INT_L_BRR_EDW_UPHISTARCH","INTERESTPAYABLE","BRR_UPHISTARCH_1_0.INTERESTPAYABLE","0","1","0","0","0","0","0","0","0","53","2023-03-11 23:24:10.756","nuttsak.wong"
"INT_L_BRR_EDW_UPHISTARCH","DIVIDENDSPAYABLE","BRR_UPHISTARCH_1_0.DIVIDENDSPAYABLE","0","1","0","0","0","0","0","0","0","54","2023-03-11 23:24:10.756","nuttsak.wong"
"INT_L_BRR_EDW_UPHISTARCH","TOTALACCRDLIABS","BRR_UPHISTARCH_1_0.TOTALACCRDLIABS","0","1","0","0","0","0","0","0","0","55","2023-03-11 23:24:10.756","nuttsak.wong"
"INT_L_BRR_EDW_UPHISTARCH","INCTAXESPAYABLE","BRR_UPHISTARCH_1_0.INCTAXESPAYABLE","0","1","0","0","0","0","0","0","0","56","2023-03-11 23:24:10.756","nuttsak.wong"
"INT_L_BRR_EDW_UPHISTARCH","OTHEROPERLIABS","BRR_UPHISTARCH_1_0.OTHEROPERLIABS","0","1","0","0","0","0","0","0","0","57","2023-03-11 23:24:10.756","nuttsak.wong"
"INT_L_BRR_EDW_UPHISTARCH","NONOPCURLIABS","BRR_UPHISTARCH_1_0.NONOPCURLIABS","0","1","0","0","0","0","0","0","0","58","2023-03-11 23:24:10.756","nuttsak.wong"
"INT_L_BRR_EDW_UPHISTARCH","OFFBSCURLIABS","BRR_UPHISTARCH_1_0.OFFBSCURLIABS","0","1","0","0","0","0","0","0","0","59","2023-03-11 23:24:10.756","nuttsak.wong"
"INT_L_BRR_EDW_UPHISTARCH","TOTALCURLIABS","BRR_UPHISTARCH_1_0.TOTALCURLIABS","0","1","0","0","0","0","0","0","0","60","2023-03-11 23:24:10.756","nuttsak.wong"
"INT_L_BRR_EDW_UPHISTARCH","LONGTERMDEBT","BRR_UPHISTARCH_1_0.LONGTERMDEBT","0","1","0","0","0","0","0","0","0","61","2023-03-11 23:24:10.756","nuttsak.wong"
"INT_L_BRR_EDW_UPHISTARCH","CAPLEASEOBLIG","BRR_UPHISTARCH_1_0.CAPLEASEOBLIG","0","1","0","0","0","0","0","0","0","62","2023-03-11 23:24:10.756","nuttsak.wong"
"INT_L_BRR_EDW_UPHISTARCH","DEFINCTAXPAYABLE","BRR_UPHISTARCH_1_0.DEFINCTAXPAYABLE","0","1","0","0","0","0","0","0","0","63","2023-03-11 23:24:10.756","nuttsak.wong"
"INT_L_BRR_EDW_UPHISTARCH","NONOPNONCURLIABS","BRR_UPHISTARCH_1_0.NONOPNONCURLIABS","0","1","0","0","0","0","0","0","0","64","2023-03-11 23:24:10.756","nuttsak.wong"
"INT_L_BRR_EDW_UPHISTARCH","OPNONCURLIABS","BRR_UPHISTARCH_1_0.OPNONCURLIABS","0","1","0","0","0","0","0","0","0","65","2023-03-11 23:24:10.756","nuttsak.wong"
"INT_L_BRR_EDW_UPHISTARCH","DUETORELPARTY","BRR_UPHISTARCH_1_0.DUETORELPARTY","0","1","0","0","0","0","0","0","0","66","2023-03-11 23:24:10.756","nuttsak.wong"
"INT_L_BRR_EDW_UPHISTARCH","OFFBSNONCURLIABS","BRR_UPHISTARCH_1_0.OFFBSNONCURLIABS","0","1","0","0","0","0","0","0","0","67","2023-03-11 23:24:10.756","nuttsak.wong"
"INT_L_BRR_EDW_UPHISTARCH","SUBDEBTLIABS","BRR_UPHISTARCH_1_0.SUBDEBTLIABS","0","1","0","0","0","0","0","0","0","68","2023-03-11 23:24:10.756","nuttsak.wong"
"INT_L_BRR_EDW_UPHISTARCH","MINORITYINTLIABS","BRR_UPHISTARCH_1_0.MINORITYINTLIABS","0","1","0","0","0","0","0","0","0","69","2023-03-11 23:24:10.756","nuttsak.wong"
"INT_L_BRR_EDW_UPHISTARCH","TOTALNONCURLIABS","BRR_UPHISTARCH_1_0.TOTALNONCURLIABS","0","1","0","0","0","0","0","0","0","70","2023-03-11 23:24:10.756","nuttsak.wong"
"INT_L_BRR_EDW_UPHISTARCH","TOTALLIABS","BRR_UPHISTARCH_1_0.TOTALLIABS","0","1","0","0","0","0","0","0","0","71","2023-03-11 23:24:10.756","nuttsak.wong"
"INT_L_BRR_EDW_UPHISTARCH","SUBDEBTEQUITY","BRR_UPHISTARCH_1_0.SUBDEBTEQUITY","0","1","0","0","0","0","0","0","0","72","2023-03-11 23:24:10.756","nuttsak.wong"
"INT_L_BRR_EDW_UPHISTARCH","MININTEQUITY","BRR_UPHISTARCH_1_0.MININTEQUITY","0","1","0","0","0","0","0","0","0","73","2023-03-11 23:24:10.756","nuttsak.wong"
"INT_L_BRR_EDW_UPHISTARCH","PREFERREDSTOCK","BRR_UPHISTARCH_1_0.PREFERREDSTOCK","0","1","0","0","0","0","0","0","0","74","2023-03-11 23:24:10.756","nuttsak.wong"
"INT_L_BRR_EDW_UPHISTARCH","COMMONSTOCK","BRR_UPHISTARCH_1_0.COMMONSTOCK","0","1","0","0","0","0","0","0","0","75","2023-03-11 23:24:10.756","nuttsak.wong"
"INT_L_BRR_EDW_UPHISTARCH","TREASURYSTOCK","BRR_UPHISTARCH_1_0.TREASURYSTOCK","0","1","0","0","0","0","0","0","0","76","2023-03-11 23:24:10.756","nuttsak.wong"
"INT_L_BRR_EDW_UPHISTARCH","CURRENCYTRANSLAT","BRR_UPHISTARCH_1_0.CURRENCYTRANSLAT","0","1","0","0","0","0","0","0","0","77","2023-03-11 23:24:10.756","nuttsak.wong"
"INT_L_BRR_EDW_UPHISTARCH","RETAINEDEARNINGS","BRR_UPHISTARCH_1_0.RETAINEDEARNINGS","0","1","0","0","0","0","0","0","0","78","2023-03-11 23:24:10.756","nuttsak.wong"
"INT_L_BRR_EDW_UPHISTARCH","TOTALNETWORTH","BRR_UPHISTARCH_1_0.TOTALNETWORTH","0","1","0","0","0","0","0","0","0","79","2023-03-11 23:24:10.756","nuttsak.wong"
"INT_L_BRR_EDW_UPHISTARCH","TOTLIABSNETWORTH","BRR_UPHISTARCH_1_0.TOTLIABSNETWORTH","0","1","0","0","0","0","0","0","0","80","2023-03-11 23:24:10.756","nuttsak.wong"
"INT_L_BRR_EDW_UPHISTARCH","GROSSSALES","BRR_UPHISTARCH_1_0.GROSSSALES","0","1","0","0","0","0","0","0","0","81","2023-03-11 23:24:10.756","nuttsak.wong"
"INT_L_BRR_EDW_UPHISTARCH","SALESRETURNS","BRR_UPHISTARCH_1_0.SALESRETURNS","0","1","0","0","0","0","0","0","0","82","2023-03-11 23:24:10.756","nuttsak.wong"
"INT_L_BRR_EDW_UPHISTARCH","NETSALES","BRR_UPHISTARCH_1_0.NETSALES","0","1","0","0","0","0","0","0","0","83","2023-03-11 23:24:10.756","nuttsak.wong"
"INT_L_BRR_EDW_UPHISTARCH","COSTOFGOODSSOLD","BRR_UPHISTARCH_1_0.COSTOFGOODSSOLD","0","1","0","0","0","0","0","0","0","84","2023-03-11 23:24:10.756","nuttsak.wong"
"INT_L_BRR_EDW_UPHISTARCH","COGSDEPRECIATION","BRR_UPHISTARCH_1_0.COGSDEPRECIATION","0","1","0","0","0","0","0","0","0","85","2023-03-11 23:24:10.756","nuttsak.wong"
"INT_L_BRR_EDW_UPHISTARCH","TOTALCOGS","BRR_UPHISTARCH_1_0.TOTALCOGS","0","1","0","0","0","0","0","0","0","86","2023-03-11 23:24:10.756","nuttsak.wong"
"INT_L_BRR_EDW_UPHISTARCH","GROSSPROFIT","BRR_UPHISTARCH_1_0.GROSSPROFIT","0","1","0","0","0","0","0","0","0","87","2023-03-11 23:24:10.756","nuttsak.wong"
"INT_L_BRR_EDW_UPHISTARCH","OPEREXPENSES","BRR_UPHISTARCH_1_0.OPEREXPENSES","0","1","0","0","0","0","0","0","0","88","2023-03-11 23:24:10.756","nuttsak.wong"
"INT_L_BRR_EDW_UPHISTARCH","SELLINGANDGENEXP","BRR_UPHISTARCH_1_0.SELLINGANDGENEXP","0","1","0","0","0","0","0","0","0","89","2023-03-11 23:24:10.756","nuttsak.wong"
"INT_L_BRR_EDW_UPHISTARCH","OFFICERSCOMP","BRR_UPHISTARCH_1_0.OFFICERSCOMP","0","1","0","0","0","0","0","0","0","90","2023-03-11 23:24:10.756","nuttsak.wong"
"INT_L_BRR_EDW_UPHISTARCH","DEPRECEXPENSE","BRR_UPHISTARCH_1_0.DEPRECEXPENSE","0","1","0","0","0","0","0","0","0","91","2023-03-11 23:24:10.756","nuttsak.wong"
"INT_L_BRR_EDW_UPHISTARCH","AMORTEXPENSE","BRR_UPHISTARCH_1_0.AMORTEXPENSE","0","1","0","0","0","0","0","0","0","92","2023-03-11 23:24:10.756","nuttsak.wong"
"INT_L_BRR_EDW_UPHISTARCH","TOTALOPEXPENSES","BRR_UPHISTARCH_1_0.TOTALOPEXPENSES","0","1","0","0","0","0","0","0","0","93","2023-03-11 23:24:10.756","nuttsak.wong"
"INT_L_BRR_EDW_UPHISTARCH","OTHEROPERINCOME","BRR_UPHISTARCH_1_0.OTHEROPERINCOME","0","1","0","0","0","0","0","0","0","94","2023-03-11 23:24:10.756","nuttsak.wong"
"INT_L_BRR_EDW_UPHISTARCH","NETOPPROFIT","BRR_UPHISTARCH_1_0.NETOPPROFIT","0","1","0","0","0","0","0","0","0","95","2023-03-11 23:24:10.756","nuttsak.wong"
"INT_L_BRR_EDW_UPHISTARCH","INTERESTINCOME","BRR_UPHISTARCH_1_0.INTERESTINCOME","0","1","0","0","0","0","0","0","0","96","2023-03-11 23:24:10.756","nuttsak.wong"
"INT_L_BRR_EDW_UPHISTARCH","INTERESTEXPENSE","BRR_UPHISTARCH_1_0.INTERESTEXPENSE","0","1","0","0","0","0","0","0","0","97","2023-03-11 23:24:10.756","nuttsak.wong"
"INT_L_BRR_EDW_UPHISTARCH","NONCASHINCOME","BRR_UPHISTARCH_1_0.NONCASHINCOME","0","1","0","0","0","0","0","0","0","98","2023-03-11 23:24:10.756","nuttsak.wong"
"INT_L_BRR_EDW_UPHISTARCH","NONCASHEXPENSE","BRR_UPHISTARCH_1_0.NONCASHEXPENSE","0","1","0","0","0","0","0","0","0","99","2023-03-11 23:24:10.756","nuttsak.wong"
"INT_L_BRR_EDW_UPHISTARCH","OTHERINCOME","BRR_UPHISTARCH_1_0.OTHERINCOME","0","1","0","0","0","0","0","0","0","100","2023-03-11 23:24:10.756","nuttsak.wong"
"INT_L_BRR_EDW_UPHISTARCH","INCOMEFROMSUBS","BRR_UPHISTARCH_1_0.INCOMEFROMSUBS","0","1","0","0","0","0","0","0","0","101","2023-03-11 23:24:10.756","nuttsak.wong"
"INT_L_BRR_EDW_UPHISTARCH","GAINLOSSASTSALE","BRR_UPHISTARCH_1_0.GAINLOSSASTSALE","0","1","0","0","0","0","0","0","0","102","2023-03-11 23:24:10.756","nuttsak.wong"
"INT_L_BRR_EDW_UPHISTARCH","OTHEREXPENSE","BRR_UPHISTARCH_1_0.OTHEREXPENSE","0","1","0","0","0","0","0","0","0","103","2023-03-11 23:24:10.756","nuttsak.wong"
"INT_L_BRR_EDW_UPHISTARCH","TOTALOTHERINCEXP","BRR_UPHISTARCH_1_0.TOTALOTHERINCEXP","0","1","0","0","0","0","0","0","0","104","2023-03-11 23:24:10.756","nuttsak.wong"
"INT_L_BRR_EDW_UPHISTARCH","PROFITBEFORETAX","BRR_UPHISTARCH_1_0.PROFITBEFORETAX","0","1","0","0","0","0","0","0","0","105","2023-03-11 23:24:10.756","nuttsak.wong"
"INT_L_BRR_EDW_UPHISTARCH","INCOMETAXEXP","BRR_UPHISTARCH_1_0.INCOMETAXEXP","0","1","0","0","0","0","0","0","0","106","2023-03-11 23:24:10.756","nuttsak.wong"
"INT_L_BRR_EDW_UPHISTARCH","INCOMETAXCREDIT","BRR_UPHISTARCH_1_0.INCOMETAXCREDIT","0","1","0","0","0","0","0","0","0","107","2023-03-11 23:24:10.756","nuttsak.wong"
"INT_L_BRR_EDW_UPHISTARCH","NETINCOMETAXEXP","BRR_UPHISTARCH_1_0.NETINCOMETAXEXP","0","1","0","0","0","0","0","0","0","108","2023-03-11 23:24:10.756","nuttsak.wong"
"INT_L_BRR_EDW_UPHISTARCH","MINORITYINTEXP","BRR_UPHISTARCH_1_0.MINORITYINTEXP","0","1","0","0","0","0","0","0","0","109","2023-03-11 23:24:10.756","nuttsak.wong"
"INT_L_BRR_EDW_UPHISTARCH","PROFITB4EXTITEMS","BRR_UPHISTARCH_1_0.PROFITB4EXTITEMS","0","1","0","0","0","0","0","0","0","110","2023-03-11 23:24:10.756","nuttsak.wong"
"INT_L_BRR_EDW_UPHISTARCH","AFTERTAXINCOME","BRR_UPHISTARCH_1_0.AFTERTAXINCOME","0","1","0","0","0","0","0","0","0","111","2023-03-11 23:24:10.756","nuttsak.wong"
"INT_L_BRR_EDW_UPHISTARCH","AFTTAXNONCASHEXP","BRR_UPHISTARCH_1_0.AFTTAXNONCASHEXP","0","1","0","0","0","0","0","0","0","112","2023-03-11 23:24:10.756","nuttsak.wong"
"INT_L_BRR_EDW_UPHISTARCH","AFTERTAXEXPENSE","BRR_UPHISTARCH_1_0.AFTERTAXEXPENSE","0","1","0","0","0","0","0","0","0","113","2023-03-11 23:24:10.756","nuttsak.wong"
"INT_L_BRR_EDW_UPHISTARCH","NETPROFIT","BRR_UPHISTARCH_1_0.NETPROFIT","0","1","0","0","0","0","0","0","0","114","2023-03-11 23:24:10.756","nuttsak.wong"
"INT_L_BRR_EDW_UPHISTARCH","OTHERCOMPINCOME","BRR_UPHISTARCH_1_0.OTHERCOMPINCOME","0","1","0","0","0","0","0","0","0","115","2023-03-11 23:24:10.756","nuttsak.wong"
"INT_L_BRR_EDW_UPHISTARCH","COMPINCOME","BRR_UPHISTARCH_1_0.COMPINCOME","0","1","0","0","0","0","0","0","0","116","2023-03-11 23:24:10.756","nuttsak.wong"
"INT_L_BRR_EDW_UPHISTARCH","DIVIDENDSSTOCK","BRR_UPHISTARCH_1_0.DIVIDENDSSTOCK","0","1","0","0","0","0","0","0","0","117","2023-03-11 23:24:10.756","nuttsak.wong"
"INT_L_BRR_EDW_UPHISTARCH","DIVIDENDSCOMMON","BRR_UPHISTARCH_1_0.DIVIDENDSCOMMON","0","1","0","0","0","0","0","0","0","118","2023-03-11 23:24:10.756","nuttsak.wong"
"INT_L_BRR_EDW_UPHISTARCH","DIVIDENDSPREF","BRR_UPHISTARCH_1_0.DIVIDENDSPREF","0","1","0","0","0","0","0","0","0","119","2023-03-11 23:24:10.756","nuttsak.wong"
"INT_L_BRR_EDW_UPHISTARCH","ADJTORE","BRR_UPHISTARCH_1_0.ADJTORE","0","1","0","0","0","0","0","0","0","120","2023-03-11 23:24:10.756","nuttsak.wong"
"INT_L_BRR_EDW_UPHISTARCH","CONVERSIONRATE","BRR_UPHISTARCH_1_0.CONVERSIONRATE","0","1","0","0","0","0","0","0","0","121","2023-03-11 23:24:10.756","nuttsak.wong"
"INT_L_BRR_EDW_UPHISTARCH","COVWORKINGCAPITAL","BRR_UPHISTARCH_1_0.COVWORKINGCAPITAL","0","1","0","0","0","0","0","0","0","122","2023-03-11 23:24:10.756","nuttsak.wong"
"INT_L_BRR_EDW_UPHISTARCH","COVCAPITALEXPEND","BRR_UPHISTARCH_1_0.COVCAPITALEXPEND","0","1","0","0","0","0","0","0","0","123","2023-03-11 23:24:10.756","nuttsak.wong"
"INT_L_BRR_EDW_UPHISTARCH","COVOWNERSALARY","BRR_UPHISTARCH_1_0.COVOWNERSALARY","0","1","0","0","0","0","0","0","0","124","2023-03-11 23:24:10.756","nuttsak.wong"
"INT_L_BRR_EDW_UPHISTARCH","COVLEASEEXPEND","BRR_UPHISTARCH_1_0.COVLEASEEXPEND","0","1","0","0","0","0","0","0","0","125","2023-03-11 23:24:10.756","nuttsak.wong"
"INT_L_BRR_EDW_UPHISTARCH","COVDIVIDENDS","BRR_UPHISTARCH_1_0.COVDIVIDENDS","0","1","0","0","0","0","0","0","0","126","2023-03-11 23:24:10.756","nuttsak.wong"
"INT_L_BRR_EDW_UPHISTARCH","COVSUBDEBTPAYMTS","BRR_UPHISTARCH_1_0.COVSUBDEBTPAYMTS","0","1","0","0","0","0","0","0","0","127","2023-03-11 23:24:10.756","nuttsak.wong"
"INT_L_BRR_EDW_UPHISTARCH","COVNEWDEBT","BRR_UPHISTARCH_1_0.COVNEWDEBT","0","1","0","0","0","0","0","0","0","128","2023-03-11 23:24:10.756","nuttsak.wong"
"INT_L_BRR_EDW_UPHISTARCH","COVMINIMUMTNW","BRR_UPHISTARCH_1_0.COVMINIMUMTNW","0","1","0","0","0","0","0","0","0","129","2023-03-11 23:24:10.756","nuttsak.wong"
"INT_L_BRR_EDW_UPHISTARCH","COVMINCASHBAL","BRR_UPHISTARCH_1_0.COVMINCASHBAL","0","1","0","0","0","0","0","0","0","130","2023-03-11 23:24:10.756","nuttsak.wong"
"INT_L_BRR_EDW_UPHISTARCH","COVCURRENTRATIO","BRR_UPHISTARCH_1_0.COVCURRENTRATIO","0","1","0","0","0","0","0","0","0","131","2023-03-11 23:24:10.756","nuttsak.wong"
"INT_L_BRR_EDW_UPHISTARCH","COVQUICKRATIO","BRR_UPHISTARCH_1_0.COVQUICKRATIO","0","1","0","0","0","0","0","0","0","132","2023-03-11 23:24:10.756","nuttsak.wong"
"INT_L_BRR_EDW_UPHISTARCH","COVDEBTTOTNW","BRR_UPHISTARCH_1_0.COVDEBTTOTNW","0","1","0","0","0","0","0","0","0","133","2023-03-11 23:24:10.756","nuttsak.wong"
"INT_L_BRR_EDW_UPHISTARCH","COVINTERESTCOVER","BRR_UPHISTARCH_1_0.COVINTERESTCOVER","0","1","0","0","0","0","0","0","0","134","2023-03-11 23:24:10.756","nuttsak.wong"
"INT_L_BRR_EDW_UPHISTARCH","COVFUNDSFLWCOVER","BRR_UPHISTARCH_1_0.COVFUNDSFLWCOVER","0","1","0","0","0","0","0","0","0","135","2023-03-11 23:24:10.756","nuttsak.wong"
"INT_L_BRR_EDW_UPHISTARCH","COVPROFITMARGIN","BRR_UPHISTARCH_1_0.COVPROFITMARGIN","0","1","0","0","0","0","0","0","0","136","2023-03-11 23:24:10.756","nuttsak.wong"
"INT_L_BRR_EDW_UPHISTARCH","COVRETONEQUITY","BRR_UPHISTARCH_1_0.COVRETONEQUITY","0","1","0","0","0","0","0","0","0","137","2023-03-11 23:24:10.756","nuttsak.wong"
"INT_L_BRR_EDW_UPHISTARCH","COVRETONASSETS","BRR_UPHISTARCH_1_0.COVRETONASSETS","0","1","0","0","0","0","0","0","0","138","2023-03-11 23:24:10.756","nuttsak.wong"
"INT_L_BRR_EDW_UPHISTARCH","COVACCTSRECDAYS","BRR_UPHISTARCH_1_0.COVACCTSRECDAYS","0","1","0","0","0","0","0","0","0","139","2023-03-11 23:24:10.756","nuttsak.wong"
"INT_L_BRR_EDW_UPHISTARCH","COVINVENTORYDAYS","BRR_UPHISTARCH_1_0.COVINVENTORYDAYS","0","1","0","0","0","0","0","0","0","140","2023-03-11 23:24:10.756","nuttsak.wong"
"INT_L_BRR_EDW_UPHISTARCH","COVACCTSPAYDAYS","BRR_UPHISTARCH_1_0.COVACCTSPAYDAYS","0","1","0","0","0","0","0","0","0","141","2023-03-11 23:24:10.756","nuttsak.wong"
"INT_L_BRR_EDW_UPHISTARCH","COVMAXSALESGROW","BRR_UPHISTARCH_1_0.COVMAXSALESGROW","0","1","0","0","0","0","0","0","0","142","2023-03-11 23:24:10.756","nuttsak.wong"
"INT_L_BRR_EDW_UPHISTARCH","WORKINGCAPITAL","BRR_UPHISTARCH_1_0.WORKINGCAPITAL","0","1","0","0","0","0","0","0","0","143","2023-03-11 23:24:10.756","nuttsak.wong"
"INT_L_BRR_EDW_UPHISTARCH","QUICKRATIO","BRR_UPHISTARCH_1_0.QUICKRATIO","0","1","0","0","0","0","0","0","0","144","2023-03-11 23:24:10.756","nuttsak.wong"
"INT_L_BRR_EDW_UPHISTARCH","CURRENTRATIO","BRR_UPHISTARCH_1_0.CURRENTRATIO","0","1","0","0","0","0","0","0","0","145","2023-03-11 23:24:10.756","nuttsak.wong"
"INT_L_BRR_EDW_UPHISTARCH","TANGIBLENETWORTH","BRR_UPHISTARCH_1_0.TANGIBLENETWORTH","0","1","0","0","0","0","0","0","0","146","2023-03-11 23:24:10.756","nuttsak.wong"
"INT_L_BRR_EDW_UPHISTARCH","EFFTANGNETWORTH","BRR_UPHISTARCH_1_0.EFFTANGNETWORTH","0","1","0","0","0","0","0","0","0","147","2023-03-11 23:24:10.756","nuttsak.wong"
"INT_L_BRR_EDW_UPHISTARCH","DEBTTOWORTH","BRR_UPHISTARCH_1_0.DEBTTOWORTH","0","1","0","0","0","0","0","0","0","148","2023-03-11 23:24:10.756","nuttsak.wong"
"INT_L_BRR_EDW_UPHISTARCH","DEBTTOTNW","BRR_UPHISTARCH_1_0.DEBTTOTNW","0","1","0","0","0","0","0","0","0","149","2023-03-11 23:24:10.756","nuttsak.wong"
"INT_L_BRR_EDW_UPHISTARCH","DBTLESSSUBEFFTNW","BRR_UPHISTARCH_1_0.DBTLESSSUBEFFTNW","0","1","0","0","0","0","0","0","0","150","2023-03-11 23:24:10.756","nuttsak.wong"
"INT_L_BRR_EDW_UPHISTARCH","LIABSTOASSETS","BRR_UPHISTARCH_1_0.LIABSTOASSETS","0","1","0","0","0","0","0","0","0","151","2023-03-11 23:24:10.756","nuttsak.wong"
"INT_L_BRR_EDW_UPHISTARCH","INTERESTCOVERAGE","BRR_UPHISTARCH_1_0.INTERESTCOVERAGE","0","1","0","0","0","0","0","0","0","152","2023-03-11 23:24:10.756","nuttsak.wong"
"INT_L_BRR_EDW_UPHISTARCH","FNDSFLWTOPPCPLTD","BRR_UPHISTARCH_1_0.FNDSFLWTOPPCPLTD","0","1","0","0","0","0","0","0","0","153","2023-03-11 23:24:10.756","nuttsak.wong"
"INT_L_BRR_EDW_UPHISTARCH","UCACASHFLOWCOVER","BRR_UPHISTARCH_1_0.UCACASHFLOWCOVER","0","1","0","0","0","0","0","0","0","154","2023-03-11 23:24:10.756","nuttsak.wong"
"INT_L_BRR_EDW_UPHISTARCH","CASHFLWTOPPCPLTD","BRR_UPHISTARCH_1_0.CASHFLWTOPPCPLTD","0","1","0","0","0","0","0","0","0","155","2023-03-11 23:24:10.756","nuttsak.wong"
"INT_L_BRR_EDW_UPHISTARCH","EBITDA","BRR_UPHISTARCH_1_0.EBITDA","0","1","0","0","0","0","0","0","0","156","2023-03-11 23:24:10.756","nuttsak.wong"
"INT_L_BRR_EDW_UPHISTARCH","EBIDA","BRR_UPHISTARCH_1_0.EBIDA","0","1","0","0","0","0","0","0","0","157","2023-03-11 23:24:10.756","nuttsak.wong"
"INT_L_BRR_EDW_UPHISTARCH","FIXEDCHARGECOVER","BRR_UPHISTARCH_1_0.FIXEDCHARGECOVER","0","1","0","0","0","0","0","0","0","158","2023-03-11 23:24:10.756","nuttsak.wong"
"INT_L_BRR_EDW_UPHISTARCH","RETURNONASSETS","BRR_UPHISTARCH_1_0.RETURNONASSETS","0","1","0","0","0","0","0","0","0","159","2023-03-11 23:24:10.756","nuttsak.wong"
"INT_L_BRR_EDW_UPHISTARCH","RETURNONEQUITY","BRR_UPHISTARCH_1_0.RETURNONEQUITY","0","1","0","0","0","0","0","0","0","160","2023-03-11 23:24:10.756","nuttsak.wong"
"INT_L_BRR_EDW_UPHISTARCH","GROSSMARGIN","BRR_UPHISTARCH_1_0.GROSSMARGIN","0","1","0","0","0","0","0","0","0","161","2023-03-11 23:24:10.756","nuttsak.wong"
"INT_L_BRR_EDW_UPHISTARCH","OPPROFITMARGIN","BRR_UPHISTARCH_1_0.OPPROFITMARGIN","0","1","0","0","0","0","0","0","0","162","2023-03-11 23:24:10.756","nuttsak.wong"
"INT_L_BRR_EDW_UPHISTARCH","DIVPAYOUTRATE","BRR_UPHISTARCH_1_0.DIVPAYOUTRATE","0","1","0","0","0","0","0","0","0","163","2023-03-11 23:24:10.756","nuttsak.wong"
"INT_L_BRR_EDW_UPHISTARCH","EFFECTIVETAXRATE","BRR_UPHISTARCH_1_0.EFFECTIVETAXRATE","0","1","0","0","0","0","0","0","0","164","2023-03-11 23:24:10.756","nuttsak.wong"
"INT_L_BRR_EDW_UPHISTARCH","GRSACCTSRECDAYS","BRR_UPHISTARCH_1_0.GRSACCTSRECDAYS","0","1","0","0","0","0","0","0","0","165","2023-03-11 23:24:10.756","nuttsak.wong"
"INT_L_BRR_EDW_UPHISTARCH","NETACCTSRECDAYS","BRR_UPHISTARCH_1_0.NETACCTSRECDAYS","0","1","0","0","0","0","0","0","0","166","2023-03-11 23:24:10.756","nuttsak.wong"
"INT_L_BRR_EDW_UPHISTARCH","RAWMATINVDAYS","BRR_UPHISTARCH_1_0.RAWMATINVDAYS","0","1","0","0","0","0","0","0","0","167","2023-03-11 23:24:10.756","nuttsak.wong"
"INT_L_BRR_EDW_UPHISTARCH","WIPINVDAYS","BRR_UPHISTARCH_1_0.WIPINVDAYS","0","1","0","0","0","0","0","0","0","168","2023-03-11 23:24:10.756","nuttsak.wong"
"INT_L_BRR_EDW_UPHISTARCH","FINGOODSINVDAYS","BRR_UPHISTARCH_1_0.FINGOODSINVDAYS","0","1","0","0","0","0","0","0","0","169","2023-03-11 23:24:10.756","nuttsak.wong"
"INT_L_BRR_EDW_UPHISTARCH","TOTALINVDAYS","BRR_UPHISTARCH_1_0.TOTALINVDAYS","0","1","0","0","0","0","0","0","0","170","2023-03-11 23:24:10.756","nuttsak.wong"
"INT_L_BRR_EDW_UPHISTARCH","ACCTSPAYABLEDAYS","BRR_UPHISTARCH_1_0.ACCTSPAYABLEDAYS","0","1","0","0","0","0","0","0","0","171","2023-03-11 23:24:10.756","nuttsak.wong"
"INT_L_BRR_EDW_UPHISTARCH","SALESTOTOTALASTS","BRR_UPHISTARCH_1_0.SALESTOTOTALASTS","0","1","0","0","0","0","0","0","0","172","2023-03-11 23:24:10.756","nuttsak.wong"
"INT_L_BRR_EDW_UPHISTARCH","SALESTOWRKINGCAP","BRR_UPHISTARCH_1_0.SALESTOWRKINGCAP","0","1","0","0","0","0","0","0","0","173","2023-03-11 23:24:10.756","nuttsak.wong"
"INT_L_BRR_EDW_UPHISTARCH","SALESTONETWORTH","BRR_UPHISTARCH_1_0.SALESTONETWORTH","0","1","0","0","0","0","0","0","0","174","2023-03-11 23:24:10.756","nuttsak.wong"
"INT_L_BRR_EDW_UPHISTARCH","SALESTOFIXEDASTS","BRR_UPHISTARCH_1_0.SALESTOFIXEDASTS","0","1","0","0","0","0","0","0","0","175","2023-03-11 23:24:10.756","nuttsak.wong"
"INT_L_BRR_EDW_UPHISTARCH","PBTTOTOTALASSETS","BRR_UPHISTARCH_1_0.PBTTOTOTALASSETS","0","1","0","0","0","0","0","0","0","176","2023-03-11 23:24:10.756","nuttsak.wong"
"INT_L_BRR_EDW_UPHISTARCH","TOTALASSETSGROWTH","BRR_UPHISTARCH_1_0.TOTALASSETSGROWTH","0","1","0","0","0","0","0","0","0","177","2023-03-11 23:24:10.756","nuttsak.wong"
"INT_L_BRR_EDW_UPHISTARCH","TOTALLIABSGROWTH","BRR_UPHISTARCH_1_0.TOTALLIABSGROWTH","0","1","0","0","0","0","0","0","0","178","2023-03-11 23:24:10.756","nuttsak.wong"
"INT_L_BRR_EDW_UPHISTARCH","NETWORTHGROWTH","BRR_UPHISTARCH_1_0.NETWORTHGROWTH","0","1","0","0","0","0","0","0","0","179","2023-03-11 23:24:10.756","nuttsak.wong"
"INT_L_BRR_EDW_UPHISTARCH","NETSALESGROWTH","BRR_UPHISTARCH_1_0.NETSALESGROWTH","0","1","0","0","0","0","0","0","0","180","2023-03-11 23:24:10.756","nuttsak.wong"
"INT_L_BRR_EDW_UPHISTARCH","OPPROFITGROWTH","BRR_UPHISTARCH_1_0.OPPROFITGROWTH","0","1","0","0","0","0","0","0","0","181","2023-03-11 23:24:10.756","nuttsak.wong"
"INT_L_BRR_EDW_UPHISTARCH","NETPROFITGROWTH","BRR_UPHISTARCH_1_0.NETPROFITGROWTH","0","1","0","0","0","0","0","0","0","182","2023-03-11 23:24:10.756","nuttsak.wong"
"INT_L_BRR_EDW_UPHISTARCH","SUSTAINABLEGROW","BRR_UPHISTARCH_1_0.SUSTAINABLEGROW","0","1","0","0","0","0","0","0","0","183","2023-03-11 23:24:10.756","nuttsak.wong"
"INT_L_BRR_EDW_UPHISTARCH","CASHCLCTDFRSALES","BRR_UPHISTARCH_1_0.CASHCLCTDFRSALES","0","1","0","0","0","0","0","0","0","184","2023-03-11 23:24:10.756","nuttsak.wong"
"INT_L_BRR_EDW_UPHISTARCH","CASHPDTOSUPPLRS","BRR_UPHISTARCH_1_0.CASHPDTOSUPPLRS","0","1","0","0","0","0","0","0","0","185","2023-03-11 23:24:10.756","nuttsak.wong"
"INT_L_BRR_EDW_UPHISTARCH","CASHFRTRADACTIV","BRR_UPHISTARCH_1_0.CASHFRTRADACTIV","0","1","0","0","0","0","0","0","0","186","2023-03-11 23:24:10.756","nuttsak.wong"
"INT_L_BRR_EDW_UPHISTARCH","CASHPDFOROPCOSTS","BRR_UPHISTARCH_1_0.CASHPDFOROPCOSTS","0","1","0","0","0","0","0","0","0","187","2023-03-11 23:24:10.756","nuttsak.wong"
"INT_L_BRR_EDW_UPHISTARCH","CASHAFTEROPS","BRR_UPHISTARCH_1_0.CASHAFTEROPS","0","1","0","0","0","0","0","0","0","188","2023-03-11 23:24:10.756","nuttsak.wong"
"INT_L_BRR_EDW_UPHISTARCH","OTHINCANDTAXESPD","BRR_UPHISTARCH_1_0.OTHINCANDTAXESPD","0","1","0","0","0","0","0","0","0","189","2023-03-11 23:24:10.756","nuttsak.wong"
"INT_L_BRR_EDW_UPHISTARCH","NETCASHAFTEROPS","BRR_UPHISTARCH_1_0.NETCASHAFTEROPS","0","1","0","0","0","0","0","0","0","190","2023-03-11 23:24:10.756","nuttsak.wong"
"INT_L_BRR_EDW_UPHISTARCH","CASHPDDIVANDINT","BRR_UPHISTARCH_1_0.CASHPDDIVANDINT","0","1","0","0","0","0","0","0","0","191","2023-03-11 23:24:10.756","nuttsak.wong"
"INT_L_BRR_EDW_UPHISTARCH","NETCASHINCOME","BRR_UPHISTARCH_1_0.NETCASHINCOME","0","1","0","0","0","0","0","0","0","192","2023-03-11 23:24:10.756","nuttsak.wong"
"INT_L_BRR_EDW_UPHISTARCH","CPLTDPAID","BRR_UPHISTARCH_1_0.CPLTDPAID","0","1","0","0","0","0","0","0","0","193","2023-03-11 23:24:10.756","nuttsak.wong"
"INT_L_BRR_EDW_UPHISTARCH","CASHAFTDEBTAMORT","BRR_UPHISTARCH_1_0.CASHAFTDEBTAMORT","0","1","0","0","0","0","0","0","0","194","2023-03-11 23:24:10.756","nuttsak.wong"
"INT_L_BRR_EDW_UPHISTARCH","CHGINFIXEDASSETS","BRR_UPHISTARCH_1_0.CHGINFIXEDASSETS","0","1","0","0","0","0","0","0","0","195","2023-03-11 23:24:10.756","nuttsak.wong"
"INT_L_BRR_EDW_UPHISTARCH","FIXEDASSETSTOTNW","BRR_UPHISTARCH_1_0.FIXEDASSETSTOTNW","0","1","0","0","0","0","0","0","0","196","2023-03-11 23:24:10.756","nuttsak.wong"
"INT_L_BRR_EDW_UPHISTARCH","PROFITB4TAXTOTNW","BRR_UPHISTARCH_1_0.PROFITB4TAXTOTNW","0","1","0","0","0","0","0","0","0","197","2023-03-11 23:24:10.756","nuttsak.wong"
"INT_L_BRR_EDW_UPHISTARCH","DEPAMORTTOSALES","BRR_UPHISTARCH_1_0.DEPAMORTTOSALES","0","1","0","0","0","0","0","0","0","198","2023-03-11 23:24:10.756","nuttsak.wong"
"INT_L_BRR_EDW_UPHISTARCH","OFFRCOMPTOSALES","BRR_UPHISTARCH_1_0.OFFRCOMPTOSALES","0","1","0","0","0","0","0","0","0","199","2023-03-11 23:24:10.756","nuttsak.wong"
"INT_L_BRR_EDW_UPHISTARCH","SALESTOACCTSREC","BRR_UPHISTARCH_1_0.SALESTOACCTSREC","0","1","0","0","0","0","0","0","0","200","2023-03-11 23:24:10.756","nuttsak.wong"
"INT_L_BRR_EDW_UPHISTARCH","COGSTOINVENTORY","BRR_UPHISTARCH_1_0.COGSTOINVENTORY","0","1","0","0","0","0","0","0","0","201","2023-03-11 23:24:10.756","nuttsak.wong"
"INT_L_BRR_EDW_UPHISTARCH","COGSTOACCTSPAY","BRR_UPHISTARCH_1_0.COGSTOACCTSPAY","0","1","0","0","0","0","0","0","0","202","2023-03-11 23:24:10.756","nuttsak.wong"
"INT_L_BRR_EDW_UPHISTARCH","PBTTONETSALES","BRR_UPHISTARCH_1_0.PBTTONETSALES","0","1","0","0","0","0","0","0","0","203","2023-03-11 23:24:10.756","nuttsak.wong"
"INT_L_BRR_EDW_UPHISTARCH","OTHERCURASSETS","BRR_UPHISTARCH_1_0.OTHERCURASSETS","0","1","0","0","0","0","0","0","0","204","2023-03-11 23:24:10.756","nuttsak.wong"
"INT_L_BRR_EDW_UPHISTARCH","OTHERNONCURASTS","BRR_UPHISTARCH_1_0.OTHERNONCURASTS","0","1","0","0","0","0","0","0","0","205","2023-03-11 23:24:10.756","nuttsak.wong"
"INT_L_BRR_EDW_UPHISTARCH","OTHERCURLIABS","BRR_UPHISTARCH_1_0.OTHERCURLIABS","0","1","0","0","0","0","0","0","0","206","2023-03-11 23:24:10.756","nuttsak.wong"
"INT_L_BRR_EDW_UPHISTARCH","OTHERNONCURLIABS","BRR_UPHISTARCH_1_0.OTHERNONCURLIABS","0","1","0","0","0","0","0","0","0","207","2023-03-11 23:24:10.756","nuttsak.wong"
"INT_L_BRR_EDW_UPHISTARCH","STATEMENTYEAR","BRR_UPHISTARCH_1_0.STATEMENTYEAR","0","1","0","0","0","0","0","0","0","208","2023-03-11 23:24:10.756","nuttsak.wong"
"INT_L_BRR_EDW_UPHISTARCH","CASHANDEQUIVS","BRR_UPHISTARCH_1_0.CASHANDEQUIVS","0","1","0","0","0","0","0","0","0","209","2023-03-11 23:24:10.756","nuttsak.wong"
"INT_L_BRR_EDW_UPHISTARCH","NETMARGIN","BRR_UPHISTARCH_1_0.NETMARGIN","0","1","0","0","0","0","0","0","0","210","2023-03-11 23:24:10.756","nuttsak.wong"
"INT_L_BRR_EDW_UPHISTARCH","NETINCDEPRTOCPLTD","BRR_UPHISTARCH_1_0.NETINCDEPRTOCPLTD","0","1","0","0","0","0","0","0","0","211","2023-03-11 23:24:10.756","nuttsak.wong"
"INT_L_BRR_EDW_UPHISTARCH","ACCTSRECRELCO","BRR_UPHISTARCH_1_0.ACCTSRECRELCO","0","1","0","0","0","0","0","0","0","212","2023-03-11 23:24:10.756","nuttsak.wong"
"INT_L_BRR_EDW_UPHISTARCH","OVERDRAFTSINT","BRR_UPHISTARCH_1_0.OVERDRAFTSINT","0","1","0","0","0","0","0","0","0","213","2023-03-11 23:24:10.756","nuttsak.wong"
"INT_L_BRR_EDW_UPHISTARCH","BORRFUNDTOEFFTGWTH","BRR_UPHISTARCH_1_0.BORRFUNDTOEFFTGWTH","0","1","0","0","0","0","0","0","0","214","2023-03-11 23:24:10.756","nuttsak.wong"
"INT_L_BRR_EDW_UPHISTARCH","EBITDATOINTCPLTD","BRR_UPHISTARCH_1_0.EBITDATOINTCPLTD","0","1","0","0","0","0","0","0","0","215","2023-03-11 23:24:10.756","nuttsak.wong"
"INT_L_BRR_EDW_UPHISTARCH","CAPINTEREST","BRR_UPHISTARCH_1_0.CAPINTEREST","0","1","0","0","0","0","0","0","0","216","2023-03-11 23:24:10.756","nuttsak.wong"
"INT_L_BRR_EDW_UPHISTARCH","NETSALESTOTOTFIXEDASSETS","BRR_UPHISTARCH_1_0.NETSALESTOTOTFIXEDASSETS","0","1","0","0","0","0","0","0","0","217","2023-03-11 23:24:10.756","nuttsak.wong"
"INT_L_BRR_EDW_UPHISTARCH","INTERESTCOVERAGERATIO","BRR_UPHISTARCH_1_0.INTERESTCOVERAGERATIO","0","1","0","0","0","0","0","0","0","218","2023-03-11 23:24:10.756","nuttsak.wong"
"INT_L_BRR_EDW_UPHISTARCH","TOTDEBTCONTLIABSTOSHREQUITY","BRR_UPHISTARCH_1_0.TOTDEBTCONTLIABSTOSHREQUITY","0","1","0","0","0","0","0","0","0","219","2023-03-11 23:24:10.756","nuttsak.wong"
"INT_L_BRR_EDW_UPHISTARCH","ADJUSTEDEBITDA","BRR_UPHISTARCH_1_0.ADJUSTEDEBITDA","0","1","0","0","0","0","0","0","0","220","2023-03-11 23:24:10.756","nuttsak.wong"
"INT_L_BRR_EDW_UPHISTARCH","ADJUSTEDDSCR","BRR_UPHISTARCH_1_0.ADJUSTEDDSCR","0","1","0","0","0","0","0","0","0","221","2023-03-11 23:24:10.756","nuttsak.wong"
"INT_L_BRR_EDW_UPHISTARCH","ADJUSTEDICR","BRR_UPHISTARCH_1_0.ADJUSTEDICR","0","1","0","0","0","0","0","0","0","222","2023-03-11 23:24:10.756","nuttsak.wong"
"INT_L_BRR_EDW_UPHISTARCH","NETPROFITBEFOREFXITEMS","BRR_UPHISTARCH_1_0.NETPROFITBEFOREFXITEMS","0","1","0","0","0","0","0","0","0","223","2023-03-11 23:24:10.756","nuttsak.wong"
"INT_L_BRR_EDW_UPHISTARCH","FREECASHFLOW","BRR_UPHISTARCH_1_0.FREECASHFLOW","0","1","0","0","0","0","0","0","0","224","2023-03-11 23:24:10.756","nuttsak.wong"
"INT_L_BRR_EDW_UPHISTARCH","FREECASHFLOWCOVERAGE","BRR_UPHISTARCH_1_0.FREECASHFLOWCOVERAGE","0","1","0","0","0","0","0","0","0","225","2023-03-11 23:24:10.756","nuttsak.wong"
"INT_L_BRR_EDW_UPHISTARCH","DSCR","BRR_UPHISTARCH_1_0.DSCR","0","1","0","0","0","0","0","0","0","226","2023-03-11 23:24:10.756","nuttsak.wong"
"INT_L_BRR_EDW_UPHISTARCH","NETPROFITEXEIMARGIN","BRR_UPHISTARCH_1_0.NETPROFITEXEIMARGIN","0","1","0","0","0","0","0","0","0","227","2023-03-11 23:24:10.756","nuttsak.wong"
"INT_L_BRR_EDW_UPHISTARCH","THREEYEARAVGNPEXEIMARGIN","BRR_UPHISTARCH_1_0.THREEYEARAVGNPEXEIMARGIN","0","1","0","0","0","0","0","0","0","228","2023-03-11 23:24:10.756","nuttsak.wong"
"INT_L_BRR_EDW_UPHISTARCH","TWOYEARAVGSALESGROWTH","BRR_UPHISTARCH_1_0.TWOYEARAVGSALESGROWTH","0","1","0","0","0","0","0","0","0","229","2023-03-11 23:24:10.756","nuttsak.wong"
"INT_L_BRR_EDW_UPHISTARCH","THREEYEARAVGSALESGROWTH","BRR_UPHISTARCH_1_0.THREEYEARAVGSALESGROWTH","0","1","0","0","0","0","0","0","0","230","2023-03-11 23:24:10.756","nuttsak.wong"
"INT_L_BRR_EDW_UPHISTARCH","PCTNPEXEIMARGINGROWTH","BRR_UPHISTARCH_1_0.PCTNPEXEIMARGINGROWTH","0","1","0","0","0","0","0","0","0","231","2023-03-11 23:24:10.756","nuttsak.wong"
"INT_L_BRR_EDW_UPHISTARCH","CHANGEINARTURNOVER","BRR_UPHISTARCH_1_0.CHANGEINARTURNOVER","0","1","0","0","0","0","0","0","0","232","2023-03-11 23:24:10.756","nuttsak.wong"
"INT_L_BRR_EDW_UPHISTARCH","INVENTORYTOSALES","BRR_UPHISTARCH_1_0.INVENTORYTOSALES","0","1","0","0","0","0","0","0","0","233","2023-03-11 23:24:10.756","nuttsak.wong"
"INT_L_BRR_EDW_UPHISTARCH","START_DT","","0","1","0","0","0","0","0","0","0","234","2023-03-11 23:24:10.756","nuttsak.wong"
"INT_L_BRR_EDW_UPHISTARCH","END_DT","","0","1","0","0","0","0","0","0","0","235","2023-03-11 23:24:10.756","nuttsak.wong"
"INT_L_BRR_EDW_UPHISTARCH","RECORD_DELETED_FLAG","","0","1","0","0","0","0","0","0","0","236","2023-03-11 23:24:10.756","nuttsak.wong"
"INT_L_BRR_EDW_UPHISTARCH","CTL_ID","","0","1","0","0","0","0","0","0","0","237","2023-03-11 23:24:10.756","nuttsak.wong"
"INT_L_BRR_EDW_UPHISTARCH","INS_PROC_NAME","","0","1","0","0","0","0","0","0","0","238","2023-03-11 23:24:10.756","nuttsak.wong"
"INT_L_BRR_EDW_UPHISTARCH","INS_TXF_BATCHID","","0","1","0","0","0","0","0","0","0","239","2023-03-11 23:24:10.756","nuttsak.wong"
"INT_L_BRR_EDW_UPHISTARCH","UPD_PROC_NAME","","0","1","0","0","0","0","0","0","0","240","2023-03-11 23:24:10.756","nuttsak.wong"
"INT_L_BRR_EDW_UPHISTARCH","UPD_TXF_BATCHID","","0","1","0","0","0","0","0","0","0","241","2023-03-11 23:24:10.756","nuttsak.wong"
