"INTERFACE_NAME","COL_NAME","EXPRESSION","EXE_DB","INSERT_FLAG","UPDATE_FLAG","KEY_UPD","UD1","UD2","UD3","UD4","UD5","COL_POSITION","LAST_UPDATE_DATE","LAST_UPDATE_USER"
"INT_L_B2K_BC10T_1_0","BC10_TABLE_IDENT","LEFT(BC10_TABLE_IDENT,4)","1","1","0","0","0","0","0","0","0","1","2023-03-12 03:23:55.448","Common_Team"
"INT_L_B2K_BC10T_1_0","BC10_CORP_NO","LEFT(BC10_CORP_NO,2)","1","1","0","0","0","0","0","0","0","1","2023-03-12 03:23:55.448","Common_Team"
"INT_L_B2K_BC10T_1_0","BC10_BIN_8_DIGITS","RIGHT('000000000'||REPLACE(BC10_BIN_8_DIGITS,' ',''),8)","1","1","0","0","0","0","0","0","0","1","2023-03-12 03:23:55.448","thanaong_k"
"INT_L_B2K_BC10T_1_0","BC10_BIN_EXTEND","B2K_BC10T_1_0.BC10_BIN_EXTEND","0","1","0","0","0","0","0","0","0","1","2023-03-12 03:23:55.448","thanaong_k"
"INT_L_B2K_BC10T_1_0","BC10_REC_NO","RIGHT('000000000'||REPLACE(BC10_REC_NO,' ',''),2)","1","1","0","0","0","0","0","0","0","1","2023-03-12 03:23:55.448","thanaong_k"
"INT_L_B2K_BC10T_1_0","BC10_DESCRIPTION","LEFT(BC10_DESCRIPTION,82)","1","1","0","0","0","0","0","0","0","1","2023-03-12 03:23:55.448","Common_Team"
