"INTERFACE_NAME","COL_NAME","EXPRESSION","EXE_DB","INSERT_FLAG","UPDATE_FLAG","KEY_UPD","UD1","UD2","UD3","UD4","UD5","COL_POSITION","LAST_UPDATE_DATE","LAST_UPDATE_USER"
"INT_L_FRC_EDW_REQMG_INW","BRNO","LEFT(BRNO,4)","1","1","0","0","0","0","0","0","0","1","2023-03-12 02:26:11.880","Common_Team"
"INT_L_FRC_EDW_REQMG_INW","MGREF","LEFT(MGREF,20)","1","1","0","0","0","0","0","0","0","2","2023-03-12 02:26:11.880","Common_Team"
"INT_L_FRC_EDW_REQMG_INW","IDTYPE","LEFT(IDTYPE,6)","1","1","0","0","0","0","0","0","0","3","2023-03-12 02:26:11.880","Common_Team"
"INT_L_FRC_EDW_REQMG_INW","IDNO","LEFT(IDNO,20)","1","1","0","0","0","0","0","0","0","4","2023-03-12 02:26:11.880","Common_Team"
"INT_L_FRC_EDW_REQMG_INW","CUSTNAME1","LEFT(CUSTNAME1,35)","1","1","0","0","0","0","0","0","0","5","2023-03-12 02:26:11.880","Common_Team"
"INT_L_FRC_EDW_REQMG_INW","CUSTNAME2","LEFT(CUSTNAME2,35)","1","1","0","0","0","0","0","0","0","6","2023-03-12 02:26:11.880","Common_Team"
"INT_L_FRC_EDW_REQMG_INW","SENNAME1","LEFT(SENNAME1,35)","1","1","0","0","0","0","0","0","0","7","2023-03-12 02:26:11.880","Common_Team"
"INT_L_FRC_EDW_REQMG_INW","SENNAME2","LEFT(SENNAME2,35)","1","1","0","0","0","0","0","0","0","8","2023-03-12 02:26:11.880","Common_Team"
"INT_L_FRC_EDW_REQMG_INW","EXPCUR","LEFT(EXPCUR,35)","1","1","0","0","0","0","0","0","0","9","2023-03-12 02:26:11.880","Common_Team"
"INT_L_FRC_EDW_REQMG_INW","EXPAMT","FRC_HOST_REQMG_INW_1_0.EXPAMT","0","1","0","0","0","0","0","0","0","10","2023-03-12 02:26:11.880","hathaipat"
"INT_L_FRC_EDW_REQMG_INW","EXRATE","FRC_HOST_REQMG_INW_1_0.EXRATE","0","1","0","0","0","0","0","0","0","11","2023-03-12 02:26:11.880","hathaipat"
"INT_L_FRC_EDW_REQMG_INW","EXPBAHTAMT","FRC_HOST_REQMG_INW_1_0.EXPBAHTAMT","0","1","0","0","0","0","0","0","0","12","2023-03-12 02:26:11.880","hathaipat"
"INT_L_FRC_EDW_REQMG_INW","PHONENO","LEFT(PHONENO,20)","1","1","0","0","0","0","0","0","0","13","2023-03-12 02:26:11.880","Common_Team"
"INT_L_FRC_EDW_REQMG_INW","REQSTAT","LEFT(REQSTAT,2)","1","1","0","0","0","0","0","0","0","14","2023-03-12 02:26:11.880","Common_Team"
"INT_L_FRC_EDW_REQMG_INW","REQDATE","(COALESCE(to_date(SUBSTR(replace(REQDATE,'-',''),1,8) ,'yyyyMMdd'),to_date('1000-01-03')))","1","1","0","0","0","0","0","0","0","15","2023-03-12 02:26:11.880","hathaipat"
"INT_L_FRC_EDW_REQMG_INW","REQTIME","FRC_HOST_REQMG_INW_1_0.REQTIME","0","1","0","0","0","0","0","0","0","16","2023-03-12 02:26:11.880","hathaipat"
"INT_L_FRC_EDW_REQMG_INW","REQUSER","LEFT(REQUSER,20)","1","1","0","0","0","0","0","0","0","17","2023-03-12 02:26:11.880","Common_Team"
"INT_L_FRC_EDW_REQMG_INW","RCVDATE","(COALESCE(to_date(SUBSTR(replace(RCVDATE,'-',''),1,8) ,'yyyyMMdd'),to_date('1000-01-03')))","1","1","0","0","0","0","0","0","0","18","2023-03-12 02:26:11.880","hathaipat"
"INT_L_FRC_EDW_REQMG_INW","RCVTIME","FRC_HOST_REQMG_INW_1_0.RCVTIME","0","1","0","0","0","0","0","0","0","19","2023-03-12 02:26:11.880","hathaipat"
"INT_L_FRC_EDW_REQMG_INW","RCVUSER","LEFT(RCVUSER,20)","1","1","0","0","0","0","0","0","0","20","2023-03-12 02:26:11.880","Common_Team"
"INT_L_FRC_EDW_REQMG_INW","LASTDATE","(COALESCE(to_date(SUBSTR(replace(LASTDATE,'-',''),1,8) ,'yyyyMMdd'),to_date('1000-01-03')))","1","1","0","0","0","0","0","0","0","21","2023-03-12 02:26:11.880","hathaipat"
"INT_L_FRC_EDW_REQMG_INW","LASTTIME","FRC_HOST_REQMG_INW_1_0.LASTTIME","0","1","0","0","0","0","0","0","0","22","2023-03-12 02:26:11.880","hathaipat"
"INT_L_FRC_EDW_REQMG_INW","LASTUSER","LEFT(LASTUSER,20)","1","1","0","0","0","0","0","0","0","23","2023-03-12 02:26:11.880","Common_Team"
"INT_L_FRC_EDW_REQMG_INW","REMARK","LEFT(REMARK,50)","1","1","0","0","0","0","0","0","0","24","2023-03-12 02:26:11.880","Common_Team"
"INT_L_FRC_EDW_REQMG_INW","START_DT","","0","1","0","0","0","0","0","0","0","25","2023-03-12 02:26:11.880","hathaipat"
"INT_L_FRC_EDW_REQMG_INW","END_DT","","0","1","0","0","0","0","0","0","0","26","2023-03-12 02:26:11.880","hathaipat"
"INT_L_FRC_EDW_REQMG_INW","RECORD_DELETED_FLAG","","0","1","0","0","0","0","0","0","0","27","2023-03-12 02:26:11.880","hathaipat"
"INT_L_FRC_EDW_REQMG_INW","CTL_ID","","0","1","0","0","0","0","0","0","0","28","2023-03-12 02:26:11.880","hathaipat"
"INT_L_FRC_EDW_REQMG_INW","INS_PROC_NAME","","0","1","0","0","0","0","0","0","0","29","2023-03-12 02:26:11.880","hathaipat"
"INT_L_FRC_EDW_REQMG_INW","INS_TXF_BATCHID","","0","1","0","0","0","0","0","0","0","30","2023-03-12 02:26:11.880","hathaipat"
"INT_L_FRC_EDW_REQMG_INW","UPD_PROC_NAME","","0","1","0","0","0","0","0","0","0","31","2023-03-12 02:26:11.880","hathaipat"
"INT_L_FRC_EDW_REQMG_INW","UPD_TXF_BATCHID","","0","1","0","0","0","0","0","0","0","32","2023-03-12 02:26:11.880","hathaipat"
"INT_L_FRC_EDW_REQMG_INW","CUSTADDR","LEFT(CUSTADDR,30)","1","1","0","0","0","0","0","0","0","33","2023-03-12 02:26:11.880","Common_Team"
"INT_L_FRC_EDW_REQMG_INW","CUSTSUBDIST","LEFT(CUSTSUBDIST,30)","1","1","0","0","0","0","0","0","0","34","2023-03-12 02:26:11.880","Common_Team"
"INT_L_FRC_EDW_REQMG_INW","CUSTDISTRICT","LEFT(CUSTDISTRICT,30)","1","1","0","0","0","0","0","0","0","35","2023-03-12 02:26:11.880","Common_Team"
"INT_L_FRC_EDW_REQMG_INW","CUSTCITY","LEFT(CUSTCITY,20)","1","1","0","0","0","0","0","0","0","36","2023-03-12 02:26:11.880","Common_Team"
"INT_L_FRC_EDW_REQMG_INW","CUSTZIPCODE","LEFT(CUSTZIPCODE,5)","1","1","0","0","0","0","0","0","0","37","2023-03-12 02:26:11.880","Common_Team"
"INT_L_FRC_EDW_REQMG_INW","CUSTCNTRY","LEFT(CUSTCNTRY,2)","1","1","0","0","0","0","0","0","0","38","2023-03-12 02:26:11.880","Common_Team"
"INT_L_FRC_EDW_REQMG_INW","SENDADDR1","LEFT(SENDADDR1,35)","1","1","0","0","0","0","0","0","0","39","2023-03-12 02:26:11.880","Common_Team"
"INT_L_FRC_EDW_REQMG_INW","SENDADDR2","LEFT(SENDADDR2,35)","1","1","0","0","0","0","0","0","0","40","2023-03-12 02:26:11.880","Common_Team"
"INT_L_FRC_EDW_REQMG_INW","SENDADDR3","LEFT(SENDADDR3,35)","1","1","0","0","0","0","0","0","0","41","2023-03-12 02:26:11.880","Common_Team"
