"INTERFACE_NAME","COL_NAME","EXPRESSION","EXE_DB","INSERT_FLAG","UPDATE_FLAG","KEY_UPD","UD1","UD2","UD3","UD4","UD5","COL_POSITION","LAST_UPDATE_DATE","LAST_UPDATE_USER"
"INT_L_ICORE_EDW_CLA_ACCOUNT","ORG_ID","LEFT(ORG_ID,10)","1","1","1","1","1","0","0","0","0","1","2023-03-12 00:19:57.251","Common_Team"
"INT_L_ICORE_EDW_CLA_ACCOUNT","LIMIT_CODE","LEFT(LIMIT_CODE,50)","1","1","1","1","1","0","0","0","0","2","2023-03-12 00:19:57.251","Common_Team"
"INT_L_ICORE_EDW_CLA_ACCOUNT","LIMIT_DESC","LEFT(LIMIT_DESC,100)","1","1","1","0","0","0","0","0","0","3","2023-03-12 00:19:57.251","Common_Team"
"INT_L_ICORE_EDW_CLA_ACCOUNT","PARENT_LIMIT_CODE","LEFT(PARENT_LIMIT_CODE,50)","1","1","1","0","0","0","0","0","0","4","2023-03-12 00:19:57.251","Common_Team"
"INT_L_ICORE_EDW_CLA_ACCOUNT","LEAF_NODE_IND","LEFT(LEAF_NODE_IND,1)","1","1","1","0","0","0","0","0","0","5","2023-03-12 00:19:57.251","Common_Team"
"INT_L_ICORE_EDW_CLA_ACCOUNT","ONE_OFF_IND","LEFT(ONE_OFF_IND,1)","1","1","1","0","0","0","0","0","0","6","2023-03-12 00:19:57.251","Common_Team"
"INT_L_ICORE_EDW_CLA_ACCOUNT","RECOLVING_IND","LEFT(RECOLVING_IND,1)","1","1","1","0","0","0","0","0","0","7","2023-03-12 00:19:57.251","Common_Team"
"INT_L_ICORE_EDW_CLA_ACCOUNT","EXC_SHR_FLAG","LEFT(EXC_SHR_FLAG,1)","1","1","1","0","0","0","0","0","0","8","2023-03-12 00:19:57.251","Common_Team"
"INT_L_ICORE_EDW_CLA_ACCOUNT","PROD_ID","LEFT(PROD_ID,20)","1","1","1","0","0","0","0","0","0","9","2023-03-12 00:19:57.251","Common_Team"
"INT_L_ICORE_EDW_CLA_ACCOUNT","CUST_NO","LEFT(CUST_NO,30)","1","1","1","0","0","0","0","0","0","10","2023-03-12 00:19:57.251","Common_Team"
"INT_L_ICORE_EDW_CLA_ACCOUNT","CUST_NAME","LEFT(CUST_NAME,100)","1","1","1","0","0","0","0","0","0","11","2023-03-12 00:19:57.251","Common_Team"
"INT_L_ICORE_EDW_CLA_ACCOUNT","EFFECT_DATE","EFFECT_DATE","1","1","1","0","0","0","0","0","0","12","2023-03-12 00:19:57.251","HIT_NICHAREEK"
"INT_L_ICORE_EDW_CLA_ACCOUNT","EXPIRY_DATE","EXPIRY_DATE","1","1","1","0","0","0","0","0","0","13","2023-03-12 00:19:57.251","HIT_NICHAREEK"
"INT_L_ICORE_EDW_CLA_ACCOUNT","CCY_CODE","LEFT(CCY_CODE,3)","1","1","1","0","0","0","0","0","0","14","2023-03-12 00:19:57.251","Common_Team"
"INT_L_ICORE_EDW_CLA_ACCOUNT","EXCHANGE_RATE","ICORE_CLA_ACCOUNT_1_0.EXCHANGE_RATE","0","1","1","0","0","0","0","0","0","15","2023-03-12 00:19:57.251","HIT_NICHAREEK"
"INT_L_ICORE_EDW_CLA_ACCOUNT","INITIAL_AMT","ICORE_CLA_ACCOUNT_1_0.INITIAL_AMT","0","1","1","0","0","0","0","0","0","16","2023-03-12 00:19:57.251","HIT_NICHAREEK"
"INT_L_ICORE_EDW_CLA_ACCOUNT","ADJUST_AMT","ICORE_CLA_ACCOUNT_1_0.ADJUST_AMT","0","1","1","0","0","0","0","0","0","17","2023-03-12 00:19:57.251","HIT_NICHAREEK"
"INT_L_ICORE_EDW_CLA_ACCOUNT","OCCUPIED_AMT","ICORE_CLA_ACCOUNT_1_0.OCCUPIED_AMT","0","1","1","0","0","0","0","0","0","18","2023-03-12 00:19:57.251","HIT_NICHAREEK"
"INT_L_ICORE_EDW_CLA_ACCOUNT","FROZEN_AMT","ICORE_CLA_ACCOUNT_1_0.FROZEN_AMT","0","1","1","0","0","0","0","0","0","19","2023-03-12 00:19:57.251","HIT_NICHAREEK"
"INT_L_ICORE_EDW_CLA_ACCOUNT","LIMIT_BAL","ICORE_CLA_ACCOUNT_1_0.LIMIT_BAL","0","1","1","0","0","0","0","0","0","20","2023-03-12 00:19:57.251","HIT_NICHAREEK"
"INT_L_ICORE_EDW_CLA_ACCOUNT","OVERDRAW_WAY","LEFT(OVERDRAW_WAY,1)","1","1","1","0","0","0","0","0","0","21","2023-03-12 00:19:57.251","Common_Team"
"INT_L_ICORE_EDW_CLA_ACCOUNT","OVERDRAW_VALUE","ICORE_CLA_ACCOUNT_1_0.OVERDRAW_VALUE","0","1","1","0","0","0","0","0","0","22","2023-03-12 00:19:57.251","HIT_NICHAREEK"
"INT_L_ICORE_EDW_CLA_ACCOUNT","LIMIT_STATUS","LEFT(LIMIT_STATUS,1)","1","1","1","0","0","0","0","0","0","23","2023-03-12 00:19:57.251","Common_Team"
"INT_L_ICORE_EDW_CLA_ACCOUNT","TEMPLATE_NO","LEFT(TEMPLATE_NO,20)","1","1","1","0","0","0","0","0","0","24","2023-03-12 00:19:57.251","Common_Team"
"INT_L_ICORE_EDW_CLA_ACCOUNT","EXPOSURE_CTRL_TIME","LEFT(EXPOSURE_CTRL_TIME,255)","1","1","1","0","0","0","0","0","0","25","2023-03-12 00:19:57.251","Common_Team"
"INT_L_ICORE_EDW_CLA_ACCOUNT","AMOUNT_CEILING","ICORE_CLA_ACCOUNT_1_0.AMOUNT_CEILING","0","1","1","0","0","0","0","0","0","26","2023-03-12 00:19:57.251","HIT_NICHAREEK"
"INT_L_ICORE_EDW_CLA_ACCOUNT","DATE_CEILING","DATE_CEILING","1","1","1","0","0","0","0","0","0","27","2023-03-12 00:19:57.251","HIT_NICHAREEK"
"INT_L_ICORE_EDW_CLA_ACCOUNT","SUB_PROD_SET","LEFT(SUB_PROD_SET,200)","1","1","1","0","0","0","0","0","0","28","2023-03-12 00:19:57.251","Common_Team"
"INT_L_ICORE_EDW_CLA_ACCOUNT","LIMIT_HIERARCHY","ICORE_CLA_ACCOUNT_1_0.LIMIT_HIERARCHY","0","1","1","0","0","0","0","0","0","29","2023-03-12 00:19:57.251","HIT_NICHAREEK"
"INT_L_ICORE_EDW_CLA_ACCOUNT","ROOT_LIMIT_CODE","LEFT(ROOT_LIMIT_CODE,50)","1","1","1","0","0","0","0","0","0","30","2023-03-12 00:19:57.251","Common_Team"
"INT_L_ICORE_EDW_CLA_ACCOUNT","LIMIT_REMARK","LEFT(LIMIT_REMARK,200)","1","1","1","0","0","0","0","0","0","31","2023-03-12 00:19:57.251","Common_Team"
"INT_L_ICORE_EDW_CLA_ACCOUNT","OPEN_DATE","OPEN_DATE","1","1","1","0","0","0","0","0","0","32","2023-03-12 00:19:57.251","HIT_NICHAREEK"
"INT_L_ICORE_EDW_CLA_ACCOUNT","OPEN_SEQ","LEFT(OPEN_SEQ,32)","1","1","1","0","0","0","0","0","0","33","2023-03-12 00:19:57.251","Common_Team"
"INT_L_ICORE_EDW_CLA_ACCOUNT","HASH_VALUE","ICORE_CLA_ACCOUNT_1_0.HASH_VALUE","0","1","1","0","0","0","0","0","0","34","2023-03-12 00:19:57.251","HIT_NICHAREEK"
"INT_L_ICORE_EDW_CLA_ACCOUNT","CLOSE_DATE","CLOSE_DATE","1","1","1","0","0","0","0","0","0","35","2023-03-12 00:19:57.251","HIT_NICHAREEK"
"INT_L_ICORE_EDW_CLA_ACCOUNT","CLOSE_SEQ","LEFT(CLOSE_SEQ,32)","1","1","1","0","0","0","0","0","0","36","2023-03-12 00:19:57.251","Common_Team"
"INT_L_ICORE_EDW_CLA_ACCOUNT","INST_RATE","ICORE_CLA_ACCOUNT_1_0.INST_RATE","0","1","1","0","0","0","0","0","0","37","2023-03-12 00:19:57.251","HIT_NICHAREEK"
"INT_L_ICORE_EDW_CLA_ACCOUNT","RC_CODE","LEFT(RC_CODE,4)","1","1","1","0","0","0","0","0","0","38","2023-03-12 00:19:57.251","Common_Team"
"INT_L_ICORE_EDW_CLA_ACCOUNT","DATA_CREATE_TIME","DATA_CREATE_TIME","1","1","1","0","0","0","0","0","0","39","2023-03-12 00:19:57.251","HIT_NICHAREEK"
"INT_L_ICORE_EDW_CLA_ACCOUNT","DATA_UPDATE_TIME","DATA_UPDATE_TIME","1","1","1","0","0","0","0","0","0","40","2023-03-12 00:19:57.251","HIT_NICHAREEK"
"INT_L_ICORE_EDW_CLA_ACCOUNT","DATA_CREATE_USER","LEFT(DATA_CREATE_USER,32)","1","1","1","0","0","0","0","0","0","41","2023-03-12 00:19:57.251","Common_Team"
"INT_L_ICORE_EDW_CLA_ACCOUNT","DATA_UPDATE_USER","LEFT(DATA_UPDATE_USER,32)","1","1","1","0","0","0","0","0","0","42","2023-03-12 00:19:57.251","Common_Team"
"INT_L_ICORE_EDW_CLA_ACCOUNT","DATA_VERSION","ICORE_CLA_ACCOUNT_1_0.DATA_VERSION","0","1","1","0","0","0","0","0","0","43","2023-03-12 00:19:57.251","HIT_NICHAREEK"
"INT_L_ICORE_EDW_CLA_ACCOUNT","AUTO_FROZE_IND","LEFT(AUTO_FROZE_IND,1)","1","1","1","0","0","0","0","0","0","44","2023-03-12 00:19:57.251","Common_Team"
"INT_L_ICORE_EDW_CLA_ACCOUNT","AUTO_FROZE_DATE","AUTO_FROZE_DATE","1","1","1","0","0","0","0","0","0","45","2023-03-12 00:19:57.251","HIT_NICHAREEK"
"INT_L_ICORE_EDW_CLA_ACCOUNT","MANUAL_FROZE_IND","LEFT(MANUAL_FROZE_IND,1)","1","1","1","0","0","0","0","0","0","46","2023-03-12 00:19:57.251","Common_Team"
"INT_L_ICORE_EDW_CLA_ACCOUNT","MANUAL_FROZE_DATE","MANUAL_FROZE_DATE","1","1","1","0","0","0","0","0","0","47","2023-03-12 00:19:57.251","HIT_NICHAREEK"
