"INTERFACE_NAME","COL_NAME","EXPRESSION","EXE_DB","INSERT_FLAG","UPDATE_FLAG","KEY_UPD","UD1","UD2","UD3","UD4","UD5","COL_POSITION","LAST_UPDATE_DATE","LAST_UPDATE_USER"
"INT_L_EPPD_INVOICE_TXN_T1","SCB_KEY","LEFT(SCB_KEY,512)","1","1","0","0","0","0","0","0","0","1","2023-03-12 00:50:09.388","Common_Team"
"INT_L_EPPD_INVOICE_TXN_T1","UPLOAD_ID","LEFT(UPLOAD_ID,15)","1","1","0","0","0","0","0","0","0","2","2023-03-12 00:50:09.388","Common_Team"
"INT_L_EPPD_INVOICE_TXN_T1","FILE_ID","EPPD_INVOICE_TXN_1_0.FILE_ID","0","1","0","0","0","0","0","0","0","3","2023-03-12 00:50:09.388","nuttsak.wong"
"INT_L_EPPD_INVOICE_TXN_T1","BILLER_PROFILE_ID","LEFT(BILLER_PROFILE_ID,64)","1","1","0","0","0","0","0","0","0","4","2023-03-12 00:50:09.388","Common_Team"
"INT_L_EPPD_INVOICE_TXN_T1","BUYER_PROFILE_ID","LEFT(BUYER_PROFILE_ID,64)","1","1","0","0","0","0","0","0","0","5","2023-03-12 00:50:09.388","Common_Team"
"INT_L_EPPD_INVOICE_TXN_T1","BUYER_PROFILE_NAME","LEFT(BUYER_PROFILE_NAME,100)","1","1","0","0","0","0","0","0","0","6","2023-03-12 00:50:09.388","Common_Team"
"INT_L_EPPD_INVOICE_TXN_T1","REFERENCE_ID","LEFT(REFERENCE_ID,100)","1","1","0","0","0","0","0","0","0","7","2023-03-12 00:50:09.388","Common_Team"
"INT_L_EPPD_INVOICE_TXN_T1","REFERENCE_NAME","LEFT(REFERENCE_NAME,100)","1","1","0","0","0","0","0","0","0","8","2023-03-12 00:50:09.388","Common_Team"
"INT_L_EPPD_INVOICE_TXN_T1","DOCUMENT_TYPE","LEFT(DOCUMENT_TYPE,4)","1","1","0","0","0","0","0","0","0","9","2023-03-12 00:50:09.388","Common_Team"
"INT_L_EPPD_INVOICE_TXN_T1","INVOICE_NUMBER","LEFT(INVOICE_NUMBER,20)","1","1","0","0","0","0","0","0","0","10","2023-03-12 00:50:09.388","Common_Team"
"INT_L_EPPD_INVOICE_TXN_T1","INVOICE_DATE","INVOICE_DATE","1","1","0","0","0","0","0","0","0","11","2023-03-12 00:50:09.388","Panupong.S"
"INT_L_EPPD_INVOICE_TXN_T1","INVOICE_DUE_DATE","INVOICE_DUE_DATE","1","1","0","0","0","0","0","0","0","12","2023-03-12 00:50:09.388","Panupong.S"
"INT_L_EPPD_INVOICE_TXN_T1","INVOICE_AMOUNT","EPPD_INVOICE_TXN_1_0.INVOICE_AMOUNT","0","1","0","0","0","0","0","0","0","13","2023-03-12 00:50:09.388","nuttsak.wong"
"INT_L_EPPD_INVOICE_TXN_T1","OUTSTANDING_AMOUNT","EPPD_INVOICE_TXN_1_0.OUTSTANDING_AMOUNT","0","1","0","0","0","0","0","0","0","14","2023-03-12 00:50:09.388","nuttsak.wong"
"INT_L_EPPD_INVOICE_TXN_T1","UPLOAD_MODE","LEFT(UPLOAD_MODE,7)","1","1","0","0","0","0","0","0","0","15","2023-03-12 00:50:09.388","Common_Team"
"INT_L_EPPD_INVOICE_TXN_T1","UPLOAD_CHANNEL","LEFT(UPLOAD_CHANNEL,10)","1","1","0","0","0","0","0","0","0","16","2023-03-12 00:50:09.388","Common_Team"
"INT_L_EPPD_INVOICE_TXN_T1","ORIGINAL_WHT_AMOUNT","EPPD_INVOICE_TXN_1_0.ORIGINAL_WHT_AMOUNT","0","1","0","0","0","0","0","0","0","17","2023-03-12 00:50:09.388","nuttsak.wong"
"INT_L_EPPD_INVOICE_TXN_T1","ORIGINAL_WHT_RATE","EPPD_INVOICE_TXN_1_0.ORIGINAL_WHT_RATE","0","1","0","0","0","0","0","0","0","18","2023-03-12 00:50:09.388","nuttsak.wong"
"INT_L_EPPD_INVOICE_TXN_T1","ORIGINAL_VAT_RATE","EPPD_INVOICE_TXN_1_0.ORIGINAL_VAT_RATE","0","1","0","0","0","0","0","0","0","19","2023-03-12 00:50:09.388","nuttsak.wong"
"INT_L_EPPD_INVOICE_TXN_T1","ORIGINAL_BASE_AMOUNT","EPPD_INVOICE_TXN_1_0.ORIGINAL_BASE_AMOUNT","0","1","0","0","0","0","0","0","0","20","2023-03-12 00:50:09.388","nuttsak.wong"
"INT_L_EPPD_INVOICE_TXN_T1","BANK_CODE","LEFT(BANK_CODE,3)","1","1","0","0","0","0","0","0","0","21","2023-03-12 00:50:09.388","Common_Team"
"INT_L_EPPD_INVOICE_TXN_T1","DISCOUNT_FLAG","LEFT(DISCOUNT_FLAG,1)","1","1","0","0","0","0","0","0","0","22","2023-03-12 00:50:09.388","Common_Team"
"INT_L_EPPD_INVOICE_TXN_T1","PAYMENT_TERMS","LEFT(PAYMENT_TERMS,10)","1","1","0","0","0","0","0","0","0","23","2023-03-12 00:50:09.388","Common_Team"
"INT_L_EPPD_INVOICE_TXN_T1","SUB_COMP_CODE","LEFT(SUB_COMP_CODE,10)","1","1","0","0","0","0","0","0","0","24","2023-03-12 00:50:09.388","Common_Team"
"INT_L_EPPD_INVOICE_TXN_T1","REFERENCE_1","LEFT(reference1,100)","1","1","0","0","0","0","0","0","0","25","2023-03-12 00:50:09.388","Common_Team"
"INT_L_EPPD_INVOICE_TXN_T1","REFERENCE_2","LEFT(reference2,100)","1","1","0","0","0","0","0","0","0","26","2023-03-12 00:50:09.388","Common_Team"
"INT_L_EPPD_INVOICE_TXN_T1","REFERENCE_3","LEFT(reference3,100)","1","1","0","0","0","0","0","0","0","27","2023-03-12 00:50:09.388","Common_Team"
"INT_L_EPPD_INVOICE_TXN_T1","REFERENCE_4","LEFT(reference4,100)","1","1","0","0","0","0","0","0","0","28","2023-03-12 00:50:09.388","Common_Team"
"INT_L_EPPD_INVOICE_TXN_T1","REFERENCE_5","LEFT(reference5,100)","1","1","0","0","0","0","0","0","0","29","2023-03-12 00:50:09.388","Common_Team"
"INT_L_EPPD_INVOICE_TXN_T1","REFERENCE_6","LEFT(reference6,100)","1","1","0","0","0","0","0","0","0","30","2023-03-12 00:50:09.388","Common_Team"
"INT_L_EPPD_INVOICE_TXN_T1","REFERENCE_7","LEFT(reference7,100)","1","1","0","0","0","0","0","0","0","31","2023-03-12 00:50:09.388","Common_Team"
"INT_L_EPPD_INVOICE_TXN_T1","REFERENCE_8","LEFT(reference8,100)","1","1","0","0","0","0","0","0","0","32","2023-03-12 00:50:09.388","Common_Team"
"INT_L_EPPD_INVOICE_TXN_T1","REFERENCE_9","LEFT(reference9,100)","1","1","0","0","0","0","0","0","0","33","2023-03-12 00:50:09.388","Common_Team"
"INT_L_EPPD_INVOICE_TXN_T1","REFERENCE_10","LEFT(reference10,100)","1","1","0","0","0","0","0","0","0","34","2023-03-12 00:50:09.388","Common_Team"
"INT_L_EPPD_INVOICE_TXN_T1","INVOICE_STATUS","LEFT(INVOICE_STATUS,30)","1","1","0","0","0","0","0","0","0","35","2023-03-12 00:50:09.388","Common_Team"
"INT_L_EPPD_INVOICE_TXN_T1","CREATED_USER","LEFT(CREATED_USER,32)","1","1","0","0","0","0","0","0","0","36","2023-03-12 00:50:09.388","Common_Team"
"INT_L_EPPD_INVOICE_TXN_T1","INVOICE_CREATED_DATE_TIME","COALESCE(to_timestamp(INVOICE_CREATED_DATE_TIME),timestamp'1000-01-03 00:00:00.000GMT+7')","1","1","0","0","0","0","0","0","0","37","2023-03-12 00:50:09.388","nuttsak.wong"
"INT_L_EPPD_INVOICE_TXN_T1","LAST_UPDATED_USER","LEFT(LAST_UPDATED_USER,32)","1","1","0","0","0","0","0","0","0","38","2023-03-12 00:50:09.388","Common_Team"
"INT_L_EPPD_INVOICE_TXN_T1","INVOICE_LAST_UPDATED_DATE_TIME","COALESCE(to_timestamp(INVOICE_LAST_UPDATED_DATE_TIME),timestamp'1000-01-03 00:00:00.000GMT+7')","1","1","0","0","0","0","0","0","0","39","2023-03-12 00:50:09.388","nuttsak.wong"
"INT_L_EPPD_INVOICE_TXN_T1","PAYMENT_REFERENCE","LEFT(PAYMENT_REFERENCE,15)","1","1","0","0","0","0","0","0","0","40","2023-03-12 00:50:09.388","Common_Team"
"INT_L_EPPD_INVOICE_TXN_T1","ALLOCATION_NUMBER","LEFT(ALLOCATION_NUMBER,20)","1","1","0","0","0","0","0","0","0","41","2023-03-12 00:50:09.388","Common_Team"
"INT_L_EPPD_INVOICE_TXN_T1","DISCOUNT_AMOUNT","EPPD_INVOICE_TXN_1_0.DISCOUNT_AMOUNT","0","1","0","0","0","0","0","0","0","42","2023-03-12 00:50:09.388","nuttsak.wong"
"INT_L_EPPD_INVOICE_TXN_T1","NET_PAYMENT_AMOUNT","EPPD_INVOICE_TXN_1_0.NET_PAYMENT_AMOUNT","0","1","0","0","0","0","0","0","0","43","2023-03-12 00:50:09.388","nuttsak.wong"
"INT_L_EPPD_INVOICE_TXN_T1","INVOICE_CREATED_DATE","to_date( INVOICE_CREATED_DATE_TIME , 'yyyy-MM-dd HH:mm:ss')","1","1","0","0","0","0","0","0","0","44","2023-03-12 00:50:09.388","Panupong.S"
"INT_L_EPPD_INVOICE_TXN_T1","START_DT","","0","1","0","0","0","0","0","0","0","45","2023-03-12 00:50:09.388","nuttsak.wong"
"INT_L_EPPD_INVOICE_TXN_T1","END_DT","","0","1","0","0","0","0","0","0","0","46","2023-03-12 00:50:09.388","nuttsak.wong"
"INT_L_EPPD_INVOICE_TXN_T1","RECORD_DELETED_FLAG","","0","1","0","0","0","0","0","0","0","47","2023-03-12 00:50:09.388","nuttsak.wong"
"INT_L_EPPD_INVOICE_TXN_T1","CTL_ID","","0","1","0","0","0","0","0","0","0","48","2023-03-12 00:50:09.388","nuttsak.wong"
"INT_L_EPPD_INVOICE_TXN_T1","INS_PROC_NAME","","0","1","0","0","0","0","0","0","0","49","2023-03-12 00:50:09.388","nuttsak.wong"
"INT_L_EPPD_INVOICE_TXN_T1","INS_TXF_BATCHID","","0","1","0","0","0","0","0","0","0","50","2023-03-12 00:50:09.388","nuttsak.wong"
"INT_L_EPPD_INVOICE_TXN_T1","UPD_PROC_NAME","","0","1","0","0","0","0","0","0","0","51","2023-03-12 00:50:09.388","nuttsak.wong"
"INT_L_EPPD_INVOICE_TXN_T1","UPD_TXF_BATCHID","","0","1","0","0","0","0","0","0","0","52","2023-03-12 00:50:09.388","nuttsak.wong"
