"INTERFACE_NAME","COL_NAME","EXPRESSION","EXE_DB","INSERT_FLAG","UPDATE_FLAG","KEY_UPD","UD1","UD2","UD3","UD4","UD5","COL_POSITION","LAST_UPDATE_DATE","LAST_UPDATE_USER"
"INT_L_BRR_EDW_UPHIST","CustomerID","BRR_UPHIST_1_0.CustomerID","0","1","0","0","1","0","0","0","0","1","2023-03-12 00:40:18.547","mfec_process"
"INT_L_BRR_EDW_UPHIST","ContextID","BRR_UPHIST_1_0.ContextID","0","1","0","0","1","0","0","0","0","2","2023-03-12 00:40:18.547","mfec_process"
"INT_L_BRR_EDW_UPHIST","StatementID","BRR_UPHIST_1_0.StatementID","0","1","0","0","1","0","0","0","0","3","2023-03-12 00:40:18.547","mfec_process"
"INT_L_BRR_EDW_UPHIST","CustomerName","LEFT(CustomerName,75)","1","1","0","0","0","0","0","0","0","4","2023-03-12 00:40:18.547","Common_Team"
"INT_L_BRR_EDW_UPHIST","StatementDate","COALESCE(to_timestamp(SUBSTR(statementdate,1,19)),timestamp'1000-01-03 00:00:00.000GMT+7')","1","1","0","0","0","0","0","0","0","5","2023-03-12 00:40:18.547","nuttsak.wong"
"INT_L_BRR_EDW_UPHIST","StatementMonths","BRR_UPHIST_1_0.StatementMonths","0","1","0","0","0","0","0","0","0","6","2023-03-12 00:40:18.547","nuttsak.wong"
"INT_L_BRR_EDW_UPHIST","AuditMethod","LEFT(AuditMethod,50)","1","1","0","0","0","0","0","0","0","7","2023-03-12 00:40:18.547","Common_Team"
"INT_L_BRR_EDW_UPHIST","Accountant","LEFT(Accountant,50)","1","1","0","0","0","0","0","0","0","8","2023-03-12 00:40:18.547","Common_Team"
"INT_L_BRR_EDW_UPHIST","Analyst","LEFT(Analyst,50)","1","1","0","0","0","0","0","0","0","9","2023-03-12 00:40:18.547","Common_Team"
"INT_L_BRR_EDW_UPHIST","StatementType","LEFT(StatementType,50)","1","1","0","0","0","0","0","0","0","10","2023-03-12 00:40:18.547","Common_Team"
"INT_L_BRR_EDW_UPHIST","Cash","BRR_UPHIST_1_0.Cash","0","1","0","0","0","0","0","0","0","11","2023-03-12 00:40:18.547","nuttsak.wong"
"INT_L_BRR_EDW_UPHIST","AcctsRecTrade","BRR_UPHIST_1_0.AcctsRecTrade","0","1","0","0","0","0","0","0","0","12","2023-03-12 00:40:18.547","nuttsak.wong"
"INT_L_BRR_EDW_UPHIST","BadDebtReserve","BRR_UPHIST_1_0.BadDebtReserve","0","1","0","0","0","0","0","0","0","13","2023-03-12 00:40:18.547","nuttsak.wong"
"INT_L_BRR_EDW_UPHIST","NetTradeAcctsRec","BRR_UPHIST_1_0.NetTradeAcctsRec","0","1","0","0","0","0","0","0","0","14","2023-03-12 00:40:18.547","nuttsak.wong"
"INT_L_BRR_EDW_UPHIST","AcctsRecOther","BRR_UPHIST_1_0.AcctsRecOther","0","1","0","0","0","0","0","0","0","15","2023-03-12 00:40:18.547","nuttsak.wong"
"INT_L_BRR_EDW_UPHIST","RawMaterialsInv","BRR_UPHIST_1_0.RawMaterialsInv","0","1","0","0","0","0","0","0","0","16","2023-03-12 00:40:18.547","nuttsak.wong"
"INT_L_BRR_EDW_UPHIST","FinGoodsInv","BRR_UPHIST_1_0.FinGoodsInv","0","1","0","0","0","0","0","0","0","17","2023-03-12 00:40:18.547","nuttsak.wong"
"INT_L_BRR_EDW_UPHIST","OtherInv","BRR_UPHIST_1_0.OtherInv","0","1","0","0","0","0","0","0","0","18","2023-03-12 00:40:18.547","nuttsak.wong"
"INT_L_BRR_EDW_UPHIST","TotalInventory","BRR_UPHIST_1_0.TotalInventory","0","1","0","0","0","0","0","0","0","19","2023-03-12 00:40:18.547","nuttsak.wong"
"INT_L_BRR_EDW_UPHIST","IncTaxReceivable","BRR_UPHIST_1_0.IncTaxReceivable","0","1","0","0","0","0","0","0","0","20","2023-03-12 00:40:18.547","nuttsak.wong"
"INT_L_BRR_EDW_UPHIST","CostsInExcBill","BRR_UPHIST_1_0.CostsInExcBill","0","1","0","0","0","0","0","0","0","21","2023-03-12 00:40:18.547","nuttsak.wong"
"INT_L_BRR_EDW_UPHIST","OtherOperAssets","BRR_UPHIST_1_0.OtherOperAssets","0","1","0","0","0","0","0","0","0","22","2023-03-12 00:40:18.547","nuttsak.wong"
"INT_L_BRR_EDW_UPHIST","NonOpCurAssets","BRR_UPHIST_1_0.NonOpCurAssets","0","1","0","0","0","0","0","0","0","23","2023-03-12 00:40:18.547","nuttsak.wong"
"INT_L_BRR_EDW_UPHIST","LifoReserve","BRR_UPHIST_1_0.LifoReserve","0","1","0","0","0","0","0","0","0","24","2023-03-12 00:40:18.547","nuttsak.wong"
"INT_L_BRR_EDW_UPHIST","OffBSCurAsts","BRR_UPHIST_1_0.OffBSCurAsts","0","1","0","0","0","0","0","0","0","25","2023-03-12 00:40:18.547","nuttsak.wong"
"INT_L_BRR_EDW_UPHIST","TotalCurAssets","BRR_UPHIST_1_0.TotalCurAssets","0","1","0","0","0","0","0","0","0","26","2023-03-12 00:40:18.547","nuttsak.wong"
"INT_L_BRR_EDW_UPHIST","DefIncTaxRec","BRR_UPHIST_1_0.DefIncTaxRec","0","1","0","0","0","0","0","0","0","27","2023-03-12 00:40:18.547","nuttsak.wong"
"INT_L_BRR_EDW_UPHIST","ConstInProgress","BRR_UPHIST_1_0.ConstInProgress","0","1","0","0","0","0","0","0","0","28","2023-03-12 00:40:18.547","nuttsak.wong"
"INT_L_BRR_EDW_UPHIST","Land","BRR_UPHIST_1_0.Land","0","1","0","0","0","0","0","0","0","29","2023-03-12 00:40:18.547","nuttsak.wong"
"INT_L_BRR_EDW_UPHIST","FixedAssets","BRR_UPHIST_1_0.FixedAssets","0","1","0","0","0","0","0","0","0","30","2023-03-12 00:40:18.547","nuttsak.wong"
"INT_L_BRR_EDW_UPHIST","GrossFixedAssets","BRR_UPHIST_1_0.GrossFixedAssets","0","1","0","0","0","0","0","0","0","31","2023-03-12 00:40:18.547","nuttsak.wong"
"INT_L_BRR_EDW_UPHIST","AccumDeprec","BRR_UPHIST_1_0.AccumDeprec","0","1","0","0","0","0","0","0","0","32","2023-03-12 00:40:18.547","nuttsak.wong"
"INT_L_BRR_EDW_UPHIST","NetFixedAssets","BRR_UPHIST_1_0.NetFixedAssets","0","1","0","0","0","0","0","0","0","33","2023-03-12 00:40:18.547","nuttsak.wong"
"INT_L_BRR_EDW_UPHIST","LongTermAcctsRec","BRR_UPHIST_1_0.LongTermAcctsRec","0","1","0","0","0","0","0","0","0","34","2023-03-12 00:40:18.547","nuttsak.wong"
"INT_L_BRR_EDW_UPHIST","LongTermInvest","BRR_UPHIST_1_0.LongTermInvest","0","1","0","0","0","0","0","0","0","35","2023-03-12 00:40:18.547","nuttsak.wong"
"INT_L_BRR_EDW_UPHIST","OpNonCurAssets","BRR_UPHIST_1_0.OpNonCurAssets","0","1","0","0","0","0","0","0","0","36","2023-03-12 00:40:18.547","nuttsak.wong"
"INT_L_BRR_EDW_UPHIST","LongTermPrepaids","BRR_UPHIST_1_0.LongTermPrepaids","0","1","0","0","0","0","0","0","0","37","2023-03-12 00:40:18.547","nuttsak.wong"
"INT_L_BRR_EDW_UPHIST","NonOpNonCurAsts","BRR_UPHIST_1_0.NonOpNonCurAsts","0","1","0","0","0","0","0","0","0","38","2023-03-12 00:40:18.547","nuttsak.wong"
"INT_L_BRR_EDW_UPHIST","Intangibles","BRR_UPHIST_1_0.Intangibles","0","1","0","0","0","0","0","0","0","39","2023-03-12 00:40:18.547","nuttsak.wong"
"INT_L_BRR_EDW_UPHIST","AccumAmort","BRR_UPHIST_1_0.AccumAmort","0","1","0","0","0","0","0","0","0","40","2023-03-12 00:40:18.547","nuttsak.wong"
"INT_L_BRR_EDW_UPHIST","NetIntangibles","BRR_UPHIST_1_0.NetIntangibles","0","1","0","0","0","0","0","0","0","41","2023-03-12 00:40:18.547","nuttsak.wong"
"INT_L_BRR_EDW_UPHIST","OffBSNonCurAsts","BRR_UPHIST_1_0.OffBSNonCurAsts","0","1","0","0","0","0","0","0","0","42","2023-03-12 00:40:18.547","nuttsak.wong"
"INT_L_BRR_EDW_UPHIST","TotalNonCurAsts","BRR_UPHIST_1_0.TotalNonCurAsts","0","1","0","0","0","0","0","0","0","43","2023-03-12 00:40:18.547","nuttsak.wong"
"INT_L_BRR_EDW_UPHIST","TotalAssets","BRR_UPHIST_1_0.TotalAssets","0","1","0","0","0","0","0","0","0","44","2023-03-12 00:40:18.547","nuttsak.wong"
"INT_L_BRR_EDW_UPHIST","Overdrafts","BRR_UPHIST_1_0.Overdrafts","0","1","0","0","0","0","0","0","0","45","2023-03-12 00:40:18.547","nuttsak.wong"
"INT_L_BRR_EDW_UPHIST","STLoansPayable","BRR_UPHIST_1_0.STLoansPayable","0","1","0","0","0","0","0","0","0","46","2023-03-12 00:40:18.547","nuttsak.wong"
"INT_L_BRR_EDW_UPHIST","CPLTD","BRR_UPHIST_1_0.CPLTD","0","1","0","0","0","0","0","0","0","47","2023-03-12 00:40:18.547","nuttsak.wong"
"INT_L_BRR_EDW_UPHIST","CPSubDebt","BRR_UPHIST_1_0.CPSubDebt","0","1","0","0","0","0","0","0","0","48","2023-03-12 00:40:18.547","nuttsak.wong"
"INT_L_BRR_EDW_UPHIST","AcctsPayTrade","BRR_UPHIST_1_0.AcctsPayTrade","0","1","0","0","0","0","0","0","0","49","2023-03-12 00:40:18.547","nuttsak.wong"
"INT_L_BRR_EDW_UPHIST","AcctsPayOther","BRR_UPHIST_1_0.AcctsPayOther","0","1","0","0","0","0","0","0","0","50","2023-03-12 00:40:18.547","nuttsak.wong"
"INT_L_BRR_EDW_UPHIST","AccruedLiabs","BRR_UPHIST_1_0.AccruedLiabs","0","1","0","0","0","0","0","0","0","51","2023-03-12 00:40:18.547","nuttsak.wong"
"INT_L_BRR_EDW_UPHIST","InterestPayable","BRR_UPHIST_1_0.InterestPayable","0","1","0","0","0","0","0","0","0","52","2023-03-12 00:40:18.547","nuttsak.wong"
"INT_L_BRR_EDW_UPHIST","DividendsPayable","BRR_UPHIST_1_0.DividendsPayable","0","1","0","0","0","0","0","0","0","53","2023-03-12 00:40:18.547","nuttsak.wong"
"INT_L_BRR_EDW_UPHIST","TotalAccrdLiabs","BRR_UPHIST_1_0.TotalAccrdLiabs","0","1","0","0","0","0","0","0","0","54","2023-03-12 00:40:18.547","nuttsak.wong"
"INT_L_BRR_EDW_UPHIST","IncTaxesPayable","BRR_UPHIST_1_0.IncTaxesPayable","0","1","0","0","0","0","0","0","0","55","2023-03-12 00:40:18.547","nuttsak.wong"
"INT_L_BRR_EDW_UPHIST","OtherOperLiabs","BRR_UPHIST_1_0.OtherOperLiabs","0","1","0","0","0","0","0","0","0","56","2023-03-12 00:40:18.547","nuttsak.wong"
"INT_L_BRR_EDW_UPHIST","NonOpCurLiabs","BRR_UPHIST_1_0.NonOpCurLiabs","0","1","0","0","0","0","0","0","0","57","2023-03-12 00:40:18.547","nuttsak.wong"
"INT_L_BRR_EDW_UPHIST","OffBSCurLiabs","BRR_UPHIST_1_0.OffBSCurLiabs","0","1","0","0","0","0","0","0","0","58","2023-03-12 00:40:18.547","nuttsak.wong"
"INT_L_BRR_EDW_UPHIST","TotalCurLiabs","BRR_UPHIST_1_0.TotalCurLiabs","0","1","0","0","0","0","0","0","0","59","2023-03-12 00:40:18.547","nuttsak.wong"
"INT_L_BRR_EDW_UPHIST","LongTermDebt","BRR_UPHIST_1_0.LongTermDebt","0","1","0","0","0","0","0","0","0","60","2023-03-12 00:40:18.547","nuttsak.wong"
"INT_L_BRR_EDW_UPHIST","CapLeaseOblig","BRR_UPHIST_1_0.CapLeaseOblig","0","1","0","0","0","0","0","0","0","61","2023-03-12 00:40:18.547","nuttsak.wong"
"INT_L_BRR_EDW_UPHIST","DefIncTaxPayable","BRR_UPHIST_1_0.DefIncTaxPayable","0","1","0","0","0","0","0","0","0","62","2023-03-12 00:40:18.547","nuttsak.wong"
"INT_L_BRR_EDW_UPHIST","NonOpNonCurLiabs","BRR_UPHIST_1_0.NonOpNonCurLiabs","0","1","0","0","0","0","0","0","0","63","2023-03-12 00:40:18.547","nuttsak.wong"
"INT_L_BRR_EDW_UPHIST","OpNonCurLiabs","BRR_UPHIST_1_0.OpNonCurLiabs","0","1","0","0","0","0","0","0","0","64","2023-03-12 00:40:18.547","nuttsak.wong"
"INT_L_BRR_EDW_UPHIST","DueToRelParty","BRR_UPHIST_1_0.DueToRelParty","0","1","0","0","0","0","0","0","0","65","2023-03-12 00:40:18.547","nuttsak.wong"
"INT_L_BRR_EDW_UPHIST","OffBSNonCurLiabs","BRR_UPHIST_1_0.OffBSNonCurLiabs","0","1","0","0","0","0","0","0","0","66","2023-03-12 00:40:18.547","nuttsak.wong"
"INT_L_BRR_EDW_UPHIST","SubDebtLiabs","BRR_UPHIST_1_0.SubDebtLiabs","0","1","0","0","0","0","0","0","0","67","2023-03-12 00:40:18.547","nuttsak.wong"
"INT_L_BRR_EDW_UPHIST","MinorityIntLiabs","BRR_UPHIST_1_0.MinorityIntLiabs","0","1","0","0","0","0","0","0","0","68","2023-03-12 00:40:18.547","nuttsak.wong"
"INT_L_BRR_EDW_UPHIST","TotalNonCurLiabs","BRR_UPHIST_1_0.TotalNonCurLiabs","0","1","0","0","0","0","0","0","0","69","2023-03-12 00:40:18.547","nuttsak.wong"
"INT_L_BRR_EDW_UPHIST","TotalLiabs","BRR_UPHIST_1_0.TotalLiabs","0","1","0","0","0","0","0","0","0","70","2023-03-12 00:40:18.547","nuttsak.wong"
"INT_L_BRR_EDW_UPHIST","SubDebtEquity","BRR_UPHIST_1_0.SubDebtEquity","0","1","0","0","0","0","0","0","0","71","2023-03-12 00:40:18.547","nuttsak.wong"
"INT_L_BRR_EDW_UPHIST","MinIntEquity","BRR_UPHIST_1_0.MinIntEquity","0","1","0","0","0","0","0","0","0","72","2023-03-12 00:40:18.547","nuttsak.wong"
"INT_L_BRR_EDW_UPHIST","PreferredStock","BRR_UPHIST_1_0.PreferredStock","0","1","0","0","0","0","0","0","0","73","2023-03-12 00:40:18.547","nuttsak.wong"
"INT_L_BRR_EDW_UPHIST","CommonStock","BRR_UPHIST_1_0.CommonStock","0","1","0","0","0","0","0","0","0","74","2023-03-12 00:40:18.547","nuttsak.wong"
"INT_L_BRR_EDW_UPHIST","TreasuryStock","BRR_UPHIST_1_0.TreasuryStock","0","1","0","0","0","0","0","0","0","75","2023-03-12 00:40:18.547","nuttsak.wong"
"INT_L_BRR_EDW_UPHIST","CurrencyTranslat","BRR_UPHIST_1_0.CurrencyTranslat","0","1","0","0","0","0","0","0","0","76","2023-03-12 00:40:18.547","nuttsak.wong"
"INT_L_BRR_EDW_UPHIST","RetainedEarnings","BRR_UPHIST_1_0.RetainedEarnings","0","1","0","0","0","0","0","0","0","77","2023-03-12 00:40:18.547","nuttsak.wong"
"INT_L_BRR_EDW_UPHIST","TotalNetWorth","BRR_UPHIST_1_0.TotalNetWorth","0","1","0","0","0","0","0","0","0","78","2023-03-12 00:40:18.547","nuttsak.wong"
"INT_L_BRR_EDW_UPHIST","TotLiabsNetWorth","BRR_UPHIST_1_0.TotLiabsNetWorth","0","1","0","0","0","0","0","0","0","79","2023-03-12 00:40:18.547","nuttsak.wong"
"INT_L_BRR_EDW_UPHIST","GrossSales","BRR_UPHIST_1_0.GrossSales","0","1","0","0","0","0","0","0","0","80","2023-03-12 00:40:18.547","nuttsak.wong"
"INT_L_BRR_EDW_UPHIST","SalesReturns","BRR_UPHIST_1_0.SalesReturns","0","1","0","0","0","0","0","0","0","81","2023-03-12 00:40:18.547","nuttsak.wong"
"INT_L_BRR_EDW_UPHIST","NetSales","BRR_UPHIST_1_0.NetSales","0","1","0","0","0","0","0","0","0","82","2023-03-12 00:40:18.547","nuttsak.wong"
"INT_L_BRR_EDW_UPHIST","CostOfGoodsSold","BRR_UPHIST_1_0.CostOfGoodsSold","0","1","0","0","0","0","0","0","0","83","2023-03-12 00:40:18.547","nuttsak.wong"
"INT_L_BRR_EDW_UPHIST","COGSDepreciation","BRR_UPHIST_1_0.COGSDepreciation","0","1","0","0","0","0","0","0","0","84","2023-03-12 00:40:18.547","nuttsak.wong"
"INT_L_BRR_EDW_UPHIST","TotalCOGS","BRR_UPHIST_1_0.TotalCOGS","0","1","0","0","0","0","0","0","0","85","2023-03-12 00:40:18.547","nuttsak.wong"
"INT_L_BRR_EDW_UPHIST","GrossProfit","BRR_UPHIST_1_0.GrossProfit","0","1","0","0","0","0","0","0","0","86","2023-03-12 00:40:18.547","nuttsak.wong"
"INT_L_BRR_EDW_UPHIST","OperExpenses","BRR_UPHIST_1_0.OperExpenses","0","1","0","0","0","0","0","0","0","87","2023-03-12 00:40:18.547","nuttsak.wong"
"INT_L_BRR_EDW_UPHIST","SellingAndGenExp","BRR_UPHIST_1_0.SellingAndGenExp","0","1","0","0","0","0","0","0","0","88","2023-03-12 00:40:18.547","nuttsak.wong"
"INT_L_BRR_EDW_UPHIST","OfficersComp","BRR_UPHIST_1_0.OfficersComp","0","1","0","0","0","0","0","0","0","89","2023-03-12 00:40:18.547","nuttsak.wong"
"INT_L_BRR_EDW_UPHIST","DeprecExpense","BRR_UPHIST_1_0.DeprecExpense","0","1","0","0","0","0","0","0","0","90","2023-03-12 00:40:18.547","nuttsak.wong"
"INT_L_BRR_EDW_UPHIST","AmortExpense","BRR_UPHIST_1_0.AmortExpense","0","1","0","0","0","0","0","0","0","91","2023-03-12 00:40:18.547","nuttsak.wong"
"INT_L_BRR_EDW_UPHIST","TotalOpExpenses","BRR_UPHIST_1_0.TotalOpExpenses","0","1","0","0","0","0","0","0","0","92","2023-03-12 00:40:18.547","nuttsak.wong"
"INT_L_BRR_EDW_UPHIST","OtherOperIncome","BRR_UPHIST_1_0.OtherOperIncome","0","1","0","0","0","0","0","0","0","93","2023-03-12 00:40:18.547","nuttsak.wong"
"INT_L_BRR_EDW_UPHIST","NetOpProfit","BRR_UPHIST_1_0.NetOpProfit","0","1","0","0","0","0","0","0","0","94","2023-03-12 00:40:18.547","nuttsak.wong"
"INT_L_BRR_EDW_UPHIST","InterestIncome","BRR_UPHIST_1_0.InterestIncome","0","1","0","0","0","0","0","0","0","95","2023-03-12 00:40:18.547","nuttsak.wong"
"INT_L_BRR_EDW_UPHIST","InterestExpense","BRR_UPHIST_1_0.InterestExpense","0","1","0","0","0","0","0","0","0","96","2023-03-12 00:40:18.547","nuttsak.wong"
"INT_L_BRR_EDW_UPHIST","NonCashIncome","BRR_UPHIST_1_0.NonCashIncome","0","1","0","0","0","0","0","0","0","97","2023-03-12 00:40:18.547","nuttsak.wong"
"INT_L_BRR_EDW_UPHIST","NonCashExpense","BRR_UPHIST_1_0.NonCashExpense","0","1","0","0","0","0","0","0","0","98","2023-03-12 00:40:18.547","nuttsak.wong"
"INT_L_BRR_EDW_UPHIST","OtherIncome","BRR_UPHIST_1_0.OtherIncome","0","1","0","0","0","0","0","0","0","99","2023-03-12 00:40:18.547","nuttsak.wong"
"INT_L_BRR_EDW_UPHIST","IncomeFromSubs","BRR_UPHIST_1_0.IncomeFromSubs","0","1","0","0","0","0","0","0","0","100","2023-03-12 00:40:18.547","nuttsak.wong"
"INT_L_BRR_EDW_UPHIST","GainLossAstSale","BRR_UPHIST_1_0.GainLossAstSale","0","1","0","0","0","0","0","0","0","101","2023-03-12 00:40:18.547","nuttsak.wong"
"INT_L_BRR_EDW_UPHIST","OtherExpense","BRR_UPHIST_1_0.OtherExpense","0","1","0","0","0","0","0","0","0","102","2023-03-12 00:40:18.547","nuttsak.wong"
"INT_L_BRR_EDW_UPHIST","TotalOtherIncExp","BRR_UPHIST_1_0.TotalOtherIncExp","0","1","0","0","0","0","0","0","0","103","2023-03-12 00:40:18.547","nuttsak.wong"
"INT_L_BRR_EDW_UPHIST","ProfitBeforeTax","BRR_UPHIST_1_0.ProfitBeforeTax","0","1","0","0","0","0","0","0","0","104","2023-03-12 00:40:18.547","nuttsak.wong"
"INT_L_BRR_EDW_UPHIST","IncomeTaxExp","BRR_UPHIST_1_0.IncomeTaxExp","0","1","0","0","0","0","0","0","0","105","2023-03-12 00:40:18.547","nuttsak.wong"
"INT_L_BRR_EDW_UPHIST","IncomeTaxCredit","BRR_UPHIST_1_0.IncomeTaxCredit","0","1","0","0","0","0","0","0","0","106","2023-03-12 00:40:18.547","nuttsak.wong"
"INT_L_BRR_EDW_UPHIST","NetIncomeTaxExp","BRR_UPHIST_1_0.NetIncomeTaxExp","0","1","0","0","0","0","0","0","0","107","2023-03-12 00:40:18.547","nuttsak.wong"
"INT_L_BRR_EDW_UPHIST","MinorityIntExp","BRR_UPHIST_1_0.MinorityIntExp","0","1","0","0","0","0","0","0","0","108","2023-03-12 00:40:18.547","nuttsak.wong"
"INT_L_BRR_EDW_UPHIST","ProfitB4ExtItems","BRR_UPHIST_1_0.ProfitB4ExtItems","0","1","0","0","0","0","0","0","0","109","2023-03-12 00:40:18.547","nuttsak.wong"
"INT_L_BRR_EDW_UPHIST","AfterTaxIncome","BRR_UPHIST_1_0.AfterTaxIncome","0","1","0","0","0","0","0","0","0","110","2023-03-12 00:40:18.547","nuttsak.wong"
"INT_L_BRR_EDW_UPHIST","AftTaxNonCashExp","BRR_UPHIST_1_0.AftTaxNonCashExp","0","1","0","0","0","0","0","0","0","111","2023-03-12 00:40:18.547","nuttsak.wong"
"INT_L_BRR_EDW_UPHIST","AfterTaxExpense","BRR_UPHIST_1_0.AfterTaxExpense","0","1","0","0","0","0","0","0","0","112","2023-03-12 00:40:18.547","nuttsak.wong"
"INT_L_BRR_EDW_UPHIST","NetProfit","BRR_UPHIST_1_0.NetProfit","0","1","0","0","0","0","0","0","0","113","2023-03-12 00:40:18.547","nuttsak.wong"
"INT_L_BRR_EDW_UPHIST","OtherCompIncome","BRR_UPHIST_1_0.OtherCompIncome","0","1","0","0","0","0","0","0","0","114","2023-03-12 00:40:18.547","nuttsak.wong"
"INT_L_BRR_EDW_UPHIST","CompIncome","BRR_UPHIST_1_0.CompIncome","0","1","0","0","0","0","0","0","0","115","2023-03-12 00:40:18.547","nuttsak.wong"
"INT_L_BRR_EDW_UPHIST","DividendsStock","BRR_UPHIST_1_0.DividendsStock","0","1","0","0","0","0","0","0","0","116","2023-03-12 00:40:18.547","nuttsak.wong"
"INT_L_BRR_EDW_UPHIST","DividendsCommon","BRR_UPHIST_1_0.DividendsCommon","0","1","0","0","0","0","0","0","0","117","2023-03-12 00:40:18.547","nuttsak.wong"
"INT_L_BRR_EDW_UPHIST","DividendsPref","BRR_UPHIST_1_0.DividendsPref","0","1","0","0","0","0","0","0","0","118","2023-03-12 00:40:18.547","nuttsak.wong"
"INT_L_BRR_EDW_UPHIST","AdjToRE","BRR_UPHIST_1_0.AdjToRE","0","1","0","0","0","0","0","0","0","119","2023-03-12 00:40:18.547","nuttsak.wong"
"INT_L_BRR_EDW_UPHIST","ConversionRate","BRR_UPHIST_1_0.ConversionRate","0","1","0","0","0","0","0","0","0","120","2023-03-12 00:40:18.547","nuttsak.wong"
"INT_L_BRR_EDW_UPHIST","CovWorkingCapital","BRR_UPHIST_1_0.CovWorkingCapital","0","1","0","0","0","0","0","0","0","121","2023-03-12 00:40:18.547","nuttsak.wong"
"INT_L_BRR_EDW_UPHIST","CovCapitalExpend","BRR_UPHIST_1_0.CovCapitalExpend","0","1","0","0","0","0","0","0","0","122","2023-03-12 00:40:18.547","nuttsak.wong"
"INT_L_BRR_EDW_UPHIST","CovOwnerSalary","BRR_UPHIST_1_0.CovOwnerSalary","0","1","0","0","0","0","0","0","0","123","2023-03-12 00:40:18.547","nuttsak.wong"
"INT_L_BRR_EDW_UPHIST","CovLeaseExpend","BRR_UPHIST_1_0.CovLeaseExpend","0","1","0","0","0","0","0","0","0","124","2023-03-12 00:40:18.547","nuttsak.wong"
"INT_L_BRR_EDW_UPHIST","CovDividends","BRR_UPHIST_1_0.CovDividends","0","1","0","0","0","0","0","0","0","125","2023-03-12 00:40:18.547","nuttsak.wong"
"INT_L_BRR_EDW_UPHIST","CovSubDebtPaymts","BRR_UPHIST_1_0.CovSubDebtPaymts","0","1","0","0","0","0","0","0","0","126","2023-03-12 00:40:18.547","nuttsak.wong"
"INT_L_BRR_EDW_UPHIST","CovNewDebt","BRR_UPHIST_1_0.CovNewDebt","0","1","0","0","0","0","0","0","0","127","2023-03-12 00:40:18.547","nuttsak.wong"
"INT_L_BRR_EDW_UPHIST","CovMinimumTNW","BRR_UPHIST_1_0.CovMinimumTNW","0","1","0","0","0","0","0","0","0","128","2023-03-12 00:40:18.547","nuttsak.wong"
"INT_L_BRR_EDW_UPHIST","CovMinCashBal","BRR_UPHIST_1_0.CovMinCashBal","0","1","0","0","0","0","0","0","0","129","2023-03-12 00:40:18.547","nuttsak.wong"
"INT_L_BRR_EDW_UPHIST","CovCurrentRatio","BRR_UPHIST_1_0.CovCurrentRatio","0","1","0","0","0","0","0","0","0","130","2023-03-12 00:40:18.547","nuttsak.wong"
"INT_L_BRR_EDW_UPHIST","CovQuickRatio","BRR_UPHIST_1_0.CovQuickRatio","0","1","0","0","0","0","0","0","0","131","2023-03-12 00:40:18.547","nuttsak.wong"
"INT_L_BRR_EDW_UPHIST","CovDebtToTNW","BRR_UPHIST_1_0.CovDebtToTNW","0","1","0","0","0","0","0","0","0","132","2023-03-12 00:40:18.547","nuttsak.wong"
"INT_L_BRR_EDW_UPHIST","CovInterestCover","BRR_UPHIST_1_0.CovInterestCover","0","1","0","0","0","0","0","0","0","133","2023-03-12 00:40:18.547","nuttsak.wong"
"INT_L_BRR_EDW_UPHIST","CovFundsFlwCover","BRR_UPHIST_1_0.CovFundsFlwCover","0","1","0","0","0","0","0","0","0","134","2023-03-12 00:40:18.547","nuttsak.wong"
"INT_L_BRR_EDW_UPHIST","CovProfitMargin","BRR_UPHIST_1_0.CovProfitMargin","0","1","0","0","0","0","0","0","0","135","2023-03-12 00:40:18.547","nuttsak.wong"
"INT_L_BRR_EDW_UPHIST","CovRetOnEquity","BRR_UPHIST_1_0.CovRetOnEquity","0","1","0","0","0","0","0","0","0","136","2023-03-12 00:40:18.547","nuttsak.wong"
"INT_L_BRR_EDW_UPHIST","CovRetOnAssets","BRR_UPHIST_1_0.CovRetOnAssets","0","1","0","0","0","0","0","0","0","137","2023-03-12 00:40:18.547","nuttsak.wong"
"INT_L_BRR_EDW_UPHIST","CovAcctsRecDays","BRR_UPHIST_1_0.CovAcctsRecDays","0","1","0","0","0","0","0","0","0","138","2023-03-12 00:40:18.547","nuttsak.wong"
"INT_L_BRR_EDW_UPHIST","CovInventoryDays","BRR_UPHIST_1_0.CovInventoryDays","0","1","0","0","0","0","0","0","0","139","2023-03-12 00:40:18.547","nuttsak.wong"
"INT_L_BRR_EDW_UPHIST","CovAcctsPayDays","BRR_UPHIST_1_0.CovAcctsPayDays","0","1","0","0","0","0","0","0","0","140","2023-03-12 00:40:18.547","nuttsak.wong"
"INT_L_BRR_EDW_UPHIST","CovMaxSalesGrow","BRR_UPHIST_1_0.CovMaxSalesGrow","0","1","0","0","0","0","0","0","0","141","2023-03-12 00:40:18.547","nuttsak.wong"
"INT_L_BRR_EDW_UPHIST","WorkingCapital","BRR_UPHIST_1_0.WorkingCapital","0","1","0","0","0","0","0","0","0","142","2023-03-12 00:40:18.547","nuttsak.wong"
"INT_L_BRR_EDW_UPHIST","QuickRatio","BRR_UPHIST_1_0.QuickRatio","0","1","0","0","0","0","0","0","0","143","2023-03-12 00:40:18.547","nuttsak.wong"
"INT_L_BRR_EDW_UPHIST","CurrentRatio","BRR_UPHIST_1_0.CurrentRatio","0","1","0","0","0","0","0","0","0","144","2023-03-12 00:40:18.547","nuttsak.wong"
"INT_L_BRR_EDW_UPHIST","TangibleNetWorth","BRR_UPHIST_1_0.TangibleNetWorth","0","1","0","0","0","0","0","0","0","145","2023-03-12 00:40:18.547","nuttsak.wong"
"INT_L_BRR_EDW_UPHIST","EffTangNetWorth","BRR_UPHIST_1_0.EffTangNetWorth","0","1","0","0","0","0","0","0","0","146","2023-03-12 00:40:18.547","nuttsak.wong"
"INT_L_BRR_EDW_UPHIST","DebtToWorth","BRR_UPHIST_1_0.DebtToWorth","0","1","0","0","0","0","0","0","0","147","2023-03-12 00:40:18.547","nuttsak.wong"
"INT_L_BRR_EDW_UPHIST","DebtToTNW","BRR_UPHIST_1_0.DebtToTNW","0","1","0","0","0","0","0","0","0","148","2023-03-12 00:40:18.547","nuttsak.wong"
"INT_L_BRR_EDW_UPHIST","DbtLessSubEffTNW","BRR_UPHIST_1_0.DbtLessSubEffTNW","0","1","0","0","0","0","0","0","0","149","2023-03-12 00:40:18.547","nuttsak.wong"
"INT_L_BRR_EDW_UPHIST","LiabsToAssets","BRR_UPHIST_1_0.LiabsToAssets","0","1","0","0","0","0","0","0","0","150","2023-03-12 00:40:18.547","nuttsak.wong"
"INT_L_BRR_EDW_UPHIST","InterestCoverage","BRR_UPHIST_1_0.InterestCoverage","0","1","0","0","0","0","0","0","0","151","2023-03-12 00:40:18.547","nuttsak.wong"
"INT_L_BRR_EDW_UPHIST","FndsFlwToPpCPLTD","BRR_UPHIST_1_0.FndsFlwToPpCPLTD","0","1","0","0","0","0","0","0","0","152","2023-03-12 00:40:18.547","nuttsak.wong"
"INT_L_BRR_EDW_UPHIST","UCACashFlowCover","BRR_UPHIST_1_0.UCACashFlowCover","0","1","0","0","0","0","0","0","0","153","2023-03-12 00:40:18.547","nuttsak.wong"
"INT_L_BRR_EDW_UPHIST","CashFlwToPpCPLTD","BRR_UPHIST_1_0.CashFlwToPpCPLTD","0","1","0","0","0","0","0","0","0","154","2023-03-12 00:40:18.547","nuttsak.wong"
"INT_L_BRR_EDW_UPHIST","EBITDA","BRR_UPHIST_1_0.EBITDA","0","1","0","0","0","0","0","0","0","155","2023-03-12 00:40:18.547","nuttsak.wong"
"INT_L_BRR_EDW_UPHIST","EBIDA","BRR_UPHIST_1_0.EBIDA","0","1","0","0","0","0","0","0","0","156","2023-03-12 00:40:18.547","nuttsak.wong"
"INT_L_BRR_EDW_UPHIST","FixedChargeCover","BRR_UPHIST_1_0.FixedChargeCover","0","1","0","0","0","0","0","0","0","157","2023-03-12 00:40:18.547","nuttsak.wong"
"INT_L_BRR_EDW_UPHIST","ReturnOnAssets","BRR_UPHIST_1_0.ReturnOnAssets","0","1","0","0","0","0","0","0","0","158","2023-03-12 00:40:18.547","nuttsak.wong"
"INT_L_BRR_EDW_UPHIST","ReturnOnEquity","BRR_UPHIST_1_0.ReturnOnEquity","0","1","0","0","0","0","0","0","0","159","2023-03-12 00:40:18.547","nuttsak.wong"
"INT_L_BRR_EDW_UPHIST","GrossMargin","BRR_UPHIST_1_0.GrossMargin","0","1","0","0","0","0","0","0","0","160","2023-03-12 00:40:18.547","nuttsak.wong"
"INT_L_BRR_EDW_UPHIST","OpProfitMargin","BRR_UPHIST_1_0.OpProfitMargin","0","1","0","0","0","0","0","0","0","161","2023-03-12 00:40:18.547","nuttsak.wong"
"INT_L_BRR_EDW_UPHIST","DivPayoutRate","BRR_UPHIST_1_0.DivPayoutRate","0","1","0","0","0","0","0","0","0","162","2023-03-12 00:40:18.547","nuttsak.wong"
"INT_L_BRR_EDW_UPHIST","EffectiveTaxRate","BRR_UPHIST_1_0.EffectiveTaxRate","0","1","0","0","0","0","0","0","0","163","2023-03-12 00:40:18.547","nuttsak.wong"
"INT_L_BRR_EDW_UPHIST","GrsAcctsRecDays","BRR_UPHIST_1_0.GrsAcctsRecDays","0","1","0","0","0","0","0","0","0","164","2023-03-12 00:40:18.547","nuttsak.wong"
"INT_L_BRR_EDW_UPHIST","NetAcctsRecDays","BRR_UPHIST_1_0.NetAcctsRecDays","0","1","0","0","0","0","0","0","0","165","2023-03-12 00:40:18.547","nuttsak.wong"
"INT_L_BRR_EDW_UPHIST","RawMatInvDays","BRR_UPHIST_1_0.RawMatInvDays","0","1","0","0","0","0","0","0","0","166","2023-03-12 00:40:18.547","nuttsak.wong"
"INT_L_BRR_EDW_UPHIST","WIPInvDays","BRR_UPHIST_1_0.WIPInvDays","0","1","0","0","0","0","0","0","0","167","2023-03-12 00:40:18.547","nuttsak.wong"
"INT_L_BRR_EDW_UPHIST","FinGoodsInvDays","BRR_UPHIST_1_0.FinGoodsInvDays","0","1","0","0","0","0","0","0","0","168","2023-03-12 00:40:18.547","nuttsak.wong"
"INT_L_BRR_EDW_UPHIST","TotalInvDays","BRR_UPHIST_1_0.TotalInvDays","0","1","0","0","0","0","0","0","0","169","2023-03-12 00:40:18.547","nuttsak.wong"
"INT_L_BRR_EDW_UPHIST","AcctsPayableDays","BRR_UPHIST_1_0.AcctsPayableDays","0","1","0","0","0","0","0","0","0","170","2023-03-12 00:40:18.547","nuttsak.wong"
"INT_L_BRR_EDW_UPHIST","SalesToTotalAsts","BRR_UPHIST_1_0.SalesToTotalAsts","0","1","0","0","0","0","0","0","0","171","2023-03-12 00:40:18.547","nuttsak.wong"
"INT_L_BRR_EDW_UPHIST","SalesToWrkingCap","BRR_UPHIST_1_0.SalesToWrkingCap","0","1","0","0","0","0","0","0","0","172","2023-03-12 00:40:18.547","nuttsak.wong"
"INT_L_BRR_EDW_UPHIST","SalesToNetWorth","BRR_UPHIST_1_0.SalesToNetWorth","0","1","0","0","0","0","0","0","0","173","2023-03-12 00:40:18.547","nuttsak.wong"
"INT_L_BRR_EDW_UPHIST","SalesToFixedAsts","BRR_UPHIST_1_0.SalesToFixedAsts","0","1","0","0","0","0","0","0","0","174","2023-03-12 00:40:18.547","nuttsak.wong"
"INT_L_BRR_EDW_UPHIST","PBTToTotalAssets","BRR_UPHIST_1_0.PBTToTotalAssets","0","1","0","0","0","0","0","0","0","175","2023-03-12 00:40:18.547","nuttsak.wong"
"INT_L_BRR_EDW_UPHIST","TotalAssetsGrowth","BRR_UPHIST_1_0.TotalAssetsGrowth","0","1","0","0","0","0","0","0","0","176","2023-03-12 00:40:18.547","nuttsak.wong"
"INT_L_BRR_EDW_UPHIST","TotalLiabsGrowth","BRR_UPHIST_1_0.TotalLiabsGrowth","0","1","0","0","0","0","0","0","0","177","2023-03-12 00:40:18.547","nuttsak.wong"
"INT_L_BRR_EDW_UPHIST","NetWorthGrowth","BRR_UPHIST_1_0.NetWorthGrowth","0","1","0","0","0","0","0","0","0","178","2023-03-12 00:40:18.547","nuttsak.wong"
"INT_L_BRR_EDW_UPHIST","NetSalesGrowth","BRR_UPHIST_1_0.NetSalesGrowth","0","1","0","0","0","0","0","0","0","179","2023-03-12 00:40:18.547","nuttsak.wong"
"INT_L_BRR_EDW_UPHIST","OpProfitGrowth","BRR_UPHIST_1_0.OpProfitGrowth","0","1","0","0","0","0","0","0","0","180","2023-03-12 00:40:18.547","nuttsak.wong"
"INT_L_BRR_EDW_UPHIST","NetProfitGrowth","BRR_UPHIST_1_0.NetProfitGrowth","0","1","0","0","0","0","0","0","0","181","2023-03-12 00:40:18.547","nuttsak.wong"
"INT_L_BRR_EDW_UPHIST","SustainableGrow","BRR_UPHIST_1_0.SustainableGrow","0","1","0","0","0","0","0","0","0","182","2023-03-12 00:40:18.547","nuttsak.wong"
"INT_L_BRR_EDW_UPHIST","CashClctdFrSales","BRR_UPHIST_1_0.CashClctdFrSales","0","1","0","0","0","0","0","0","0","183","2023-03-12 00:40:18.547","nuttsak.wong"
"INT_L_BRR_EDW_UPHIST","CashPdToSupplrs","BRR_UPHIST_1_0.CashPdToSupplrs","0","1","0","0","0","0","0","0","0","184","2023-03-12 00:40:18.547","nuttsak.wong"
"INT_L_BRR_EDW_UPHIST","CashFrTradActiv","BRR_UPHIST_1_0.CashFrTradActiv","0","1","0","0","0","0","0","0","0","185","2023-03-12 00:40:18.547","nuttsak.wong"
"INT_L_BRR_EDW_UPHIST","CashPdForOpCosts","BRR_UPHIST_1_0.CashPdForOpCosts","0","1","0","0","0","0","0","0","0","186","2023-03-12 00:40:18.547","nuttsak.wong"
"INT_L_BRR_EDW_UPHIST","CashAfterOps","BRR_UPHIST_1_0.CashAfterOps","0","1","0","0","0","0","0","0","0","187","2023-03-12 00:40:18.547","nuttsak.wong"
"INT_L_BRR_EDW_UPHIST","OthIncAndTaxesPd","BRR_UPHIST_1_0.OthIncAndTaxesPd","0","1","0","0","0","0","0","0","0","188","2023-03-12 00:40:18.547","nuttsak.wong"
"INT_L_BRR_EDW_UPHIST","NetCashAfterOps","BRR_UPHIST_1_0.NetCashAfterOps","0","1","0","0","0","0","0","0","0","189","2023-03-12 00:40:18.547","nuttsak.wong"
"INT_L_BRR_EDW_UPHIST","CashPdDivAndInt","BRR_UPHIST_1_0.CashPdDivAndInt","0","1","0","0","0","0","0","0","0","190","2023-03-12 00:40:18.547","nuttsak.wong"
"INT_L_BRR_EDW_UPHIST","NetCashIncome","BRR_UPHIST_1_0.NetCashIncome","0","1","0","0","0","0","0","0","0","191","2023-03-12 00:40:18.547","nuttsak.wong"
"INT_L_BRR_EDW_UPHIST","CPLTDPaid","BRR_UPHIST_1_0.CPLTDPaid","0","1","0","0","0","0","0","0","0","192","2023-03-12 00:40:18.547","nuttsak.wong"
"INT_L_BRR_EDW_UPHIST","CashAftDebtAmort","BRR_UPHIST_1_0.CashAftDebtAmort","0","1","0","0","0","0","0","0","0","193","2023-03-12 00:40:18.547","nuttsak.wong"
"INT_L_BRR_EDW_UPHIST","ChgInFixedAssets","BRR_UPHIST_1_0.ChgInFixedAssets","0","1","0","0","0","0","0","0","0","194","2023-03-12 00:40:18.547","nuttsak.wong"
"INT_L_BRR_EDW_UPHIST","FixedAssetsToTNW","BRR_UPHIST_1_0.FixedAssetsToTNW","0","1","0","0","0","0","0","0","0","195","2023-03-12 00:40:18.547","nuttsak.wong"
"INT_L_BRR_EDW_UPHIST","ProfitB4TaxToTNW","BRR_UPHIST_1_0.ProfitB4TaxToTNW","0","1","0","0","0","0","0","0","0","196","2023-03-12 00:40:18.547","nuttsak.wong"
"INT_L_BRR_EDW_UPHIST","DepAmortToSales","BRR_UPHIST_1_0.DepAmortToSales","0","1","0","0","0","0","0","0","0","197","2023-03-12 00:40:18.547","nuttsak.wong"
"INT_L_BRR_EDW_UPHIST","OffrCompToSales","BRR_UPHIST_1_0.OffrCompToSales","0","1","0","0","0","0","0","0","0","198","2023-03-12 00:40:18.547","nuttsak.wong"
"INT_L_BRR_EDW_UPHIST","SalesToAcctsRec","BRR_UPHIST_1_0.SalesToAcctsRec","0","1","0","0","0","0","0","0","0","199","2023-03-12 00:40:18.547","nuttsak.wong"
"INT_L_BRR_EDW_UPHIST","COGSToInventory","BRR_UPHIST_1_0.COGSToInventory","0","1","0","0","0","0","0","0","0","200","2023-03-12 00:40:18.547","nuttsak.wong"
"INT_L_BRR_EDW_UPHIST","COGSToAcctsPay","BRR_UPHIST_1_0.COGSToAcctsPay","0","1","0","0","0","0","0","0","0","201","2023-03-12 00:40:18.547","nuttsak.wong"
"INT_L_BRR_EDW_UPHIST","PBTToNetSales","BRR_UPHIST_1_0.PBTToNetSales","0","1","0","0","0","0","0","0","0","202","2023-03-12 00:40:18.547","nuttsak.wong"
"INT_L_BRR_EDW_UPHIST","OtherCurAssets","BRR_UPHIST_1_0.OtherCurAssets","0","1","0","0","0","0","0","0","0","203","2023-03-12 00:40:18.547","nuttsak.wong"
"INT_L_BRR_EDW_UPHIST","OtherNonCurAsts","BRR_UPHIST_1_0.OtherNonCurAsts","0","1","0","0","0","0","0","0","0","204","2023-03-12 00:40:18.547","nuttsak.wong"
"INT_L_BRR_EDW_UPHIST","OtherCurLiabs","BRR_UPHIST_1_0.OtherCurLiabs","0","1","0","0","0","0","0","0","0","205","2023-03-12 00:40:18.547","nuttsak.wong"
"INT_L_BRR_EDW_UPHIST","OtherNonCurLiabs","BRR_UPHIST_1_0.OtherNonCurLiabs","0","1","0","0","0","0","0","0","0","206","2023-03-12 00:40:18.547","nuttsak.wong"
"INT_L_BRR_EDW_UPHIST","StatementYear","BRR_UPHIST_1_0.StatementYear","0","1","0","0","0","0","0","0","0","207","2023-03-12 00:40:18.547","nuttsak.wong"
"INT_L_BRR_EDW_UPHIST","CashAndEquivs","BRR_UPHIST_1_0.CashAndEquivs","0","1","0","0","0","0","0","0","0","208","2023-03-12 00:40:18.547","nuttsak.wong"
"INT_L_BRR_EDW_UPHIST","NetMargin","BRR_UPHIST_1_0.NetMargin","0","1","0","0","0","0","0","0","0","209","2023-03-12 00:40:18.547","nuttsak.wong"
"INT_L_BRR_EDW_UPHIST","NetIncDeprtoCPLTD","BRR_UPHIST_1_0.NetIncDeprtoCPLTD","0","1","0","0","0","0","0","0","0","210","2023-03-12 00:40:18.547","nuttsak.wong"
"INT_L_BRR_EDW_UPHIST","AcctsRecRelCo","BRR_UPHIST_1_0.AcctsRecRelCo","0","1","0","0","0","0","0","0","0","211","2023-03-12 00:40:18.547","nuttsak.wong"
"INT_L_BRR_EDW_UPHIST","OverdraftsInt","BRR_UPHIST_1_0.OverdraftsInt","0","1","0","0","0","0","0","0","0","212","2023-03-12 00:40:18.547","nuttsak.wong"
"INT_L_BRR_EDW_UPHIST","BorrFundtoEffTgWth","BRR_UPHIST_1_0.BorrFundtoEffTgWth","0","1","0","0","0","0","0","0","0","213","2023-03-12 00:40:18.547","nuttsak.wong"
"INT_L_BRR_EDW_UPHIST","EBITDAtoIntCPLTD","BRR_UPHIST_1_0.EBITDAtoIntCPLTD","0","1","0","0","0","0","0","0","0","214","2023-03-12 00:40:18.547","nuttsak.wong"
"INT_L_BRR_EDW_UPHIST","CapInterest","BRR_UPHIST_1_0.CapInterest","0","1","0","0","0","0","0","0","0","215","2023-03-12 00:40:18.547","nuttsak.wong"
"INT_L_BRR_EDW_UPHIST","NetSalesToTotFixedAssets","BRR_UPHIST_1_0.NetSalesToTotFixedAssets","0","1","0","0","0","0","0","0","0","216","2023-03-12 00:40:18.547","nuttsak.wong"
"INT_L_BRR_EDW_UPHIST","InterestCoverageRatio","BRR_UPHIST_1_0.InterestCoverageRatio","0","1","0","0","0","0","0","0","0","217","2023-03-12 00:40:18.547","nuttsak.wong"
"INT_L_BRR_EDW_UPHIST","TotDebtContLiabsToShrEquity","BRR_UPHIST_1_0.TotDebtContLiabsToShrEquity","0","1","0","0","0","0","0","0","0","218","2023-03-12 00:40:18.547","nuttsak.wong"
"INT_L_BRR_EDW_UPHIST","AdjustedEBITDA","BRR_UPHIST_1_0.AdjustedEBITDA","0","1","0","0","0","0","0","0","0","219","2023-03-12 00:40:18.547","nuttsak.wong"
"INT_L_BRR_EDW_UPHIST","AdjustedDSCR","BRR_UPHIST_1_0.AdjustedDSCR","0","1","0","0","0","0","0","0","0","220","2023-03-12 00:40:18.547","nuttsak.wong"
"INT_L_BRR_EDW_UPHIST","AdjustedICR","BRR_UPHIST_1_0.AdjustedICR","0","1","0","0","0","0","0","0","0","221","2023-03-12 00:40:18.547","nuttsak.wong"
"INT_L_BRR_EDW_UPHIST","NetProfitBeforeFXItems","BRR_UPHIST_1_0.NetProfitBeforeFXItems","0","1","0","0","0","0","0","0","0","222","2023-03-12 00:40:18.547","nuttsak.wong"
"INT_L_BRR_EDW_UPHIST","FreeCashFlow","BRR_UPHIST_1_0.FreeCashFlow","0","1","0","0","0","0","0","0","0","223","2023-03-12 00:40:18.547","nuttsak.wong"
"INT_L_BRR_EDW_UPHIST","FreeCashFlowCoverage","BRR_UPHIST_1_0.FreeCashFlowCoverage","0","1","0","0","0","0","0","0","0","224","2023-03-12 00:40:18.547","nuttsak.wong"
"INT_L_BRR_EDW_UPHIST","DSCR","BRR_UPHIST_1_0.DSCR","0","1","0","0","0","0","0","0","0","225","2023-03-12 00:40:18.547","nuttsak.wong"
"INT_L_BRR_EDW_UPHIST","NetProfitExEIMargin","BRR_UPHIST_1_0.NetProfitExEIMargin","0","1","0","0","0","0","0","0","0","226","2023-03-12 00:40:18.547","nuttsak.wong"
"INT_L_BRR_EDW_UPHIST","ThreeYearAvgNPExEIMargin","BRR_UPHIST_1_0.ThreeYearAvgNPExEIMargin","0","1","0","0","0","0","0","0","0","227","2023-03-12 00:40:18.547","nuttsak.wong"
"INT_L_BRR_EDW_UPHIST","TwoYearAvgSalesGrowth","BRR_UPHIST_1_0.TwoYearAvgSalesGrowth","0","1","0","0","0","0","0","0","0","228","2023-03-12 00:40:18.547","nuttsak.wong"
"INT_L_BRR_EDW_UPHIST","ThreeYearAvgSalesGrowth","BRR_UPHIST_1_0.ThreeYearAvgSalesGrowth","0","1","0","0","0","0","0","0","0","229","2023-03-12 00:40:18.547","nuttsak.wong"
"INT_L_BRR_EDW_UPHIST","PctNPExEIMarginGrowth","BRR_UPHIST_1_0.PctNPExEIMarginGrowth","0","1","0","0","0","0","0","0","0","230","2023-03-12 00:40:18.547","nuttsak.wong"
"INT_L_BRR_EDW_UPHIST","ChangeInARTurnover","BRR_UPHIST_1_0.ChangeInARTurnover","0","1","0","0","0","0","0","0","0","231","2023-03-12 00:40:18.547","nuttsak.wong"
"INT_L_BRR_EDW_UPHIST","InventoryToSales","BRR_UPHIST_1_0.InventoryToSales","0","1","0","0","0","0","0","0","0","232","2023-03-12 00:40:18.547","nuttsak.wong"
"INT_L_BRR_EDW_UPHIST","START_DT","","0","1","0","0","0","0","0","0","0","233","2023-03-12 00:40:18.547","nuttsak.wong"
"INT_L_BRR_EDW_UPHIST","END_DT","","0","1","0","0","0","0","0","0","0","234","2023-03-12 00:40:18.547","nuttsak.wong"
"INT_L_BRR_EDW_UPHIST","RECORD_DELETED_FLAG","","0","1","0","0","0","0","0","0","0","235","2023-03-12 00:40:18.547","nuttsak.wong"
"INT_L_BRR_EDW_UPHIST","CTL_ID","","0","1","0","0","0","0","0","0","0","236","2023-03-12 00:40:18.547","nuttsak.wong"
"INT_L_BRR_EDW_UPHIST","INS_PROC_NAME","","0","1","0","0","0","0","0","0","0","237","2023-03-12 00:40:18.547","nuttsak.wong"
"INT_L_BRR_EDW_UPHIST","INS_TXF_BATCHID","","0","1","0","0","0","0","0","0","0","238","2023-03-12 00:40:18.547","nuttsak.wong"
"INT_L_BRR_EDW_UPHIST","UPD_PROC_NAME","","0","1","0","0","0","0","0","0","0","239","2023-03-12 00:40:18.547","nuttsak.wong"
"INT_L_BRR_EDW_UPHIST","UPD_TXF_BATCHID","","0","1","0","0","0","0","0","0","0","240","2023-03-12 00:40:18.547","nuttsak.wong"
