"INTERFACE_NAME","COL_NAME","EXPRESSION","EXE_DB","INSERT_FLAG","UPDATE_FLAG","KEY_UPD","UD1","UD2","UD3","UD4","UD5","COL_POSITION","LAST_UPDATE_DATE","LAST_UPDATE_USER"
"INT_L_CFE_EDW_ECC_CASH_TXN_T1","REF_NO","CFE_ECC_CASH_TXN_1_0.REF_NO","0","1","1","0","0","0","0","0","0","1","2023-03-12 00:56:42.768","Phase2"
"INT_L_CFE_EDW_ECC_CASH_TXN_T1","REF_STAT","CFE_ECC_CASH_TXN_1_0.REF_STAT","0","1","1","0","0","0","0","0","0","2","2023-03-12 00:56:42.768","Phase2"
"INT_L_CFE_EDW_ECC_CASH_TXN_T1","RC_CODE","CFE_ECC_CASH_TXN_1_0.RC_CODE","0","1","1","0","0","0","0","0","0","3","2023-03-12 00:56:42.768","Phase2"
"INT_L_CFE_EDW_ECC_CASH_TXN_T1","ENTRY_DATE","(COALESCE(CAST((to_date(SUBSTR(CFE_ECC_CASH_TXN_1_0.ENTRY_DATE,1,10), 'yyyy-MM-dd'))AS VARCHAR(10)),'1000-01-03'))","0","1","1","0","0","0","0","0","0","4","2023-03-12 00:56:42.768","Phase2"
"INT_L_CFE_EDW_ECC_CASH_TXN_T1","ENTRY_TIME","(CAST (CASE WHEN COALESCE(TRIM(CFE_ECC_CASH_TXN_1_0.ENTRY_TIME),'') = '' THEN '00:00:00' ELSE (SUBSTR(CFE_ECC_CASH_TXN_1_0.ENTRY_TIME,1,2))|| ':' || (SUBSTR(CFE_ECC_CASH_TXN_1_0.ENTRY_TIME,4,2)) || ':' || (SUBSTR(CFE_ECC_CASH_TXN_1_0.ENTRY_TIME,7,2)) END AS VARCHAR(8)))
","0","1","1","0","0","0","0","0","0","5","2023-03-12 00:56:42.768","Phase2"
"INT_L_CFE_EDW_ECC_CASH_TXN_T1","APPV_DATE","(  CASE  WHEN CAST(to_date(SUBSTR(CFE_ECC_CASH_TXN_1_0.APPV_DATE,1,10), 'yyyy-MM-dd') AS VARCHAR(10)) IN ('0001-01-01','1543-01-01','0000-01-01','1400-01-01','1400-01-02') THEN '1000-01-03'  ELSE COALESCE(CAST(to_date(SUBSTR(CFE_ECC_CASH_TXN_1_0.APPV_DATE,1,10), 'yyyy-MM-dd') AS VARCHAR(10)),'1000-01-03') END  )","1","1","1","0","0","0","0","0","0","6","2023-03-12 00:56:42.768","Supitchaya"
"INT_L_CFE_EDW_ECC_CASH_TXN_T1","APPV_TIME","((CAST (CASE WHEN COALESCE(TRIM(CFE_ECC_CASH_TXN_1_0.APPV_TIME),'') = '' THEN '00:00:00' ELSE (SUBSTR(CFE_ECC_CASH_TXN_1_0.APPV_TIME,1,2))|| ':' || (SUBSTR(CFE_ECC_CASH_TXN_1_0.APPV_TIME,4,2)) || ':' || (SUBSTR(CFE_ECC_CASH_TXN_1_0.APPV_TIME,7,2)) END AS VARCHAR(8))))","0","1","1","0","0","0","0","0","0","7","2023-03-12 00:56:42.768","Phase2"
"INT_L_CFE_EDW_ECC_CASH_TXN_T1","CORRECT_DATE","(  CASE  WHEN CAST((to_date(SUBSTR(CFE_ECC_CASH_TXN_1_0.CORRECT_DATE,1,10) , 'yyyy-MM-dd') ) AS VARCHAR(10)) IN ('0001-01-01','1543-01-01','0000-01-01','1400-01-01','1400-01-02') THEN '1000-01-03'  ELSE COALESCE(CAST((to_date(SUBSTR(CFE_ECC_CASH_TXN_1_0.CORRECT_DATE,1,10) , 'yyyy-MM-dd') ) AS VARCHAR(10)),'1000-01-03') END )","1","1","1","0","0","0","0","0","0","8","2023-03-12 00:56:42.768","Supitchaya"
"INT_L_CFE_EDW_ECC_CASH_TXN_T1","CORRECT_TIME","((CAST (CASE WHEN COALESCE(TRIM(CFE_ECC_CASH_TXN_1_0.CORRECT_TIME),'') = '' THEN '00:00:00' ELSE (SUBSTR(CFE_ECC_CASH_TXN_1_0.CORRECT_TIME,1,2))|| ':' || (SUBSTR(CFE_ECC_CASH_TXN_1_0.CORRECT_TIME,4,2)) || ':' || (SUBSTR(CFE_ECC_CASH_TXN_1_0.CORRECT_TIME,7,2)) END AS VARCHAR(8))))","0","1","1","0","0","0","0","0","0","9","2023-03-12 00:56:42.768","Phase2"
"INT_L_CFE_EDW_ECC_CASH_TXN_T1","HOST_STAT","CFE_ECC_CASH_TXN_1_0.HOST_STAT","0","1","1","0","0","0","0","0","0","10","2023-03-12 00:56:42.768","Phase2"
"INT_L_CFE_EDW_ECC_CASH_TXN_T1","PROD_TYPE","CFE_ECC_CASH_TXN_1_0.PROD_TYPE","0","1","1","0","0","0","0","0","0","11","2023-03-12 00:56:42.768","Phase2"
"INT_L_CFE_EDW_ECC_CASH_TXN_T1","ENTRY_ID","CFE_ECC_CASH_TXN_1_0.ENTRY_ID","0","1","1","0","0","0","0","0","0","12","2023-03-12 00:56:42.768","Phase2"
"INT_L_CFE_EDW_ECC_CASH_TXN_T1","APPV_ID","CFE_ECC_CASH_TXN_1_0.APPV_ID","0","1","1","0","0","0","0","0","0","13","2023-03-12 00:56:42.768","Phase2"
"INT_L_CFE_EDW_ECC_CASH_TXN_T1","CORRECT_ID","CFE_ECC_CASH_TXN_1_0.CORRECT_ID","0","1","1","0","0","0","0","0","0","14","2023-03-12 00:56:42.768","Phase2"
"INT_L_CFE_EDW_ECC_CASH_TXN_T1","CUST_ID","CFE_ECC_CASH_TXN_1_0.CUST_ID","0","1","1","0","0","0","0","0","0","15","2023-03-12 00:56:42.768","Phase2"
"INT_L_CFE_EDW_ECC_CASH_TXN_T1","NAME1","CFE_ECC_CASH_TXN_1_0.NAME1","0","1","1","0","0","0","0","0","0","16","2023-03-12 00:56:42.768","Phase2"
"INT_L_CFE_EDW_ECC_CASH_TXN_T1","NAME2","CFE_ECC_CASH_TXN_1_0.NAME2","0","1","1","0","0","0","0","0","0","17","2023-03-12 00:56:42.768","Phase2"
"INT_L_CFE_EDW_ECC_CASH_TXN_T1","ADDR1","CFE_ECC_CASH_TXN_1_0.ADDR1","0","1","1","0","0","0","0","0","0","18","2023-03-12 00:56:42.768","Phase2"
"INT_L_CFE_EDW_ECC_CASH_TXN_T1","ADDR2","CFE_ECC_CASH_TXN_1_0.ADDR2","0","1","1","0","0","0","0","0","0","19","2023-03-12 00:56:42.768","Phase2"
"INT_L_CFE_EDW_ECC_CASH_TXN_T1","NATION","CFE_ECC_CASH_TXN_1_0.NATION","0","1","1","0","0","0","0","0","0","20","2023-03-12 00:56:42.768","Phase2"
"INT_L_CFE_EDW_ECC_CASH_TXN_T1","ID_NO","CFE_ECC_CASH_TXN_1_0.ID_NO","0","1","1","0","0","0","0","0","0","21","2023-03-12 00:56:42.768","Phase2"
"INT_L_CFE_EDW_ECC_CASH_TXN_T1","TEL_NO","CFE_ECC_CASH_TXN_1_0.TEL_NO","0","1","1","0","0","0","0","0","0","22","2023-03-12 00:56:42.768","Phase2"
"INT_L_CFE_EDW_ECC_CASH_TXN_T1","FAX_NO","CFE_ECC_CASH_TXN_1_0.FAX_NO","0","1","1","0","0","0","0","0","0","23","2023-03-12 00:56:42.768","Phase2"
"INT_L_CFE_EDW_ECC_CASH_TXN_T1","AC_NO","CFE_ECC_CASH_TXN_1_0.AC_NO","0","1","1","0","0","0","0","0","0","24","2023-03-12 00:56:42.768","Phase2"
"INT_L_CFE_EDW_ECC_CASH_TXN_T1","CUST_OBJ","CFE_ECC_CASH_TXN_1_0.CUST_OBJ","0","1","1","0","0","0","0","0","0","25","2023-03-12 00:56:42.768","Phase2"
"INT_L_CFE_EDW_ECC_CASH_TXN_T1","PAID_CD","CFE_ECC_CASH_TXN_1_0.PAID_CD","0","1","1","0","0","0","0","0","0","26","2023-03-12 00:56:42.768","Phase2"
"INT_L_CFE_EDW_ECC_CASH_TXN_T1","FT_CODE","CFE_ECC_CASH_TXN_1_0.FT_CODE","0","1","1","0","0","0","0","0","0","27","2023-03-12 00:56:42.768","Phase2"
"INT_L_CFE_EDW_ECC_CASH_TXN_T1","FT_NO","CFE_ECC_CASH_TXN_1_0.FT_NO","0","1","1","0","0","0","0","0","0","28","2023-03-12 00:56:42.768","Phase2"
"INT_L_CFE_EDW_ECC_CASH_TXN_T1","CHQ_TYPE","CFE_ECC_CASH_TXN_1_0.CHQ_TYPE","0","1","1","0","0","0","0","0","0","29","2023-03-12 00:56:42.768","Phase2"
"INT_L_CFE_EDW_ECC_CASH_TXN_T1","BR_NO","CFE_ECC_CASH_TXN_1_0.BR_NO","0","1","1","0","0","0","0","0","0","30","2023-03-12 00:56:42.768","Phase2"
"INT_L_CFE_EDW_ECC_CASH_TXN_T1","CARD_NO","CFE_ECC_CASH_TXN_1_0.CARD_NO","0","1","1","0","0","0","0","0","0","31","2023-03-12 00:56:42.768","Phase2"
"INT_L_CFE_EDW_ECC_CASH_TXN_T1","AUTH_NO","CFE_ECC_CASH_TXN_1_0.AUTH_NO","0","1","1","0","0","0","0","0","0","32","2023-03-12 00:56:42.768","Phase2"
"INT_L_CFE_EDW_ECC_CASH_TXN_T1","DRAWEE_NM","CFE_ECC_CASH_TXN_1_0.DRAWEE_NM","0","1","1","0","0","0","0","0","0","33","2023-03-12 00:56:42.768","Phase2"
"INT_L_CFE_EDW_ECC_CASH_TXN_T1","CHQ_NO","CFE_ECC_CASH_TXN_1_0.CHQ_NO","0","1","1","0","0","0","0","0","0","34","2023-03-12 00:56:42.768","Phase2"
"INT_L_CFE_EDW_ECC_CASH_TXN_T1","AC_CUR","CFE_ECC_CASH_TXN_1_0.AC_CUR","0","1","1","0","0","0","0","0","0","35","2023-03-12 00:56:42.768","Phase2"
"INT_L_CFE_EDW_ECC_CASH_TXN_T1","AC_AMT","CFE_ECC_CASH_TXN_1_0.AC_AMT","0","1","1","0","0","0","0","0","0","36","2023-03-12 00:56:42.768","Phase2"
"INT_L_CFE_EDW_ECC_CASH_TXN_T1","AC_RATE","CFE_ECC_CASH_TXN_1_0.AC_RATE","0","1","1","0","0","0","0","0","0","37","2023-03-12 00:56:42.768","Phase2"
"INT_L_CFE_EDW_ECC_CASH_TXN_T1","AC_RATE_FG","CFE_ECC_CASH_TXN_1_0.AC_RATE_FG","0","1","1","0","0","0","0","0","0","38","2023-03-12 00:56:42.768","Phase2"
"INT_L_CFE_EDW_ECC_CASH_TXN_T1","EQU_CUR","CFE_ECC_CASH_TXN_1_0.EQU_CUR","0","1","1","0","0","0","0","0","0","39","2023-03-12 00:56:42.768","Phase2"
"INT_L_CFE_EDW_ECC_CASH_TXN_T1","EQU_AMT","CFE_ECC_CASH_TXN_1_0.EQU_AMT","0","1","1","0","0","0","0","0","0","40","2023-03-12 00:56:42.768","Phase2"
"INT_L_CFE_EDW_ECC_CASH_TXN_T1","EQU_RATE","CFE_ECC_CASH_TXN_1_0.EQU_RATE","0","1","1","0","0","0","0","0","0","41","2023-03-12 00:56:42.768","Phase2"
"INT_L_CFE_EDW_ECC_CASH_TXN_T1","EQU_RATE_FG","CFE_ECC_CASH_TXN_1_0.EQU_RATE_FG","0","1","1","0","0","0","0","0","0","42","2023-03-12 00:56:42.768","Phase2"
"INT_L_CFE_EDW_ECC_CASH_TXN_T1","THB_AMT","CFE_ECC_CASH_TXN_1_0.THB_AMT","0","1","1","0","0","0","0","0","0","43","2023-03-12 00:56:42.768","Phase2"
"INT_L_CFE_EDW_ECC_CASH_TXN_T1","ECC_STAMP_AMT","CFE_ECC_CASH_TXN_1_0.ECC_STAMP_AMT","0","1","1","0","0","0","0","0","0","44","2023-03-12 00:56:42.768","Phase2"
"INT_L_CFE_EDW_ECC_CASH_TXN_T1","ECC_COMM_AMT","CFE_ECC_CASH_TXN_1_0.ECC_COMM_AMT","0","1","1","0","0","0","0","0","0","45","2023-03-12 00:56:42.768","Phase2"
"INT_L_CFE_EDW_ECC_CASH_TXN_T1","ECC_VAT_AMT","CFE_ECC_CASH_TXN_1_0.ECC_VAT_AMT","0","1","1","0","0","0","0","0","0","46","2023-03-12 00:56:42.768","Phase2"
"INT_L_CFE_EDW_ECC_CASH_TXN_T1","BK_PARTY_119_001","((COALESCE(TRIM(CFE_ECC_CASH_TXN_1_0.CUST_ID),'') || '_119'))","9","1","1","0","0","0","0","1","1","55","2023-03-12 00:56:42.768","Common_Team"
