"INTERFACE_NAME","COL_NAME","EXPRESSION","EXE_DB","INSERT_FLAG","UPDATE_FLAG","KEY_UPD","UD1","UD2","UD3","UD4","UD5","COL_POSITION","LAST_UPDATE_DATE","LAST_UPDATE_USER"
"INT_L_B2K_BCVISAR_1_0_T1","VR_TRAN_CODE","LEFT(VR_TRAN_CODE,3)","1","1","0","0","0","0","0","0","0","1","2023-03-11 23:42:29.261","Common_Team"
"INT_L_B2K_BCVISAR_1_0_T1","VR_TRAN_CODE_SUB","LEFT(VR_TRAN_CODE_SUB,2)","1","1","0","0","0","0","0","0","0","2","2023-03-11 23:42:29.261","Common_Team"
"INT_L_B2K_BCVISAR_1_0_T1","VR_TRAN_CODE_QUAL","B2K_BCVISAR_1_0_T1.VR_TRAN_CODE_QUAL","0","1","0","0","0","0","0","0","0","3","2023-03-11 23:42:29.261","hathaipat"
"INT_L_B2K_BCVISAR_1_0_T1","VR_TRAN_COMP_SEQ_NO","LEFT(VR_TRAN_COMP_SEQ_NO,1)","1","1","0","0","0","0","0","0","0","4","2023-03-11 23:42:29.261","Common_Team"
"INT_L_B2K_BCVISAR_1_0_T1","VR_ACCT_NO","LEFT(VR_ACCT_NO,16)","1","1","0","0","0","0","0","0","0","5","2023-03-11 23:42:29.261","Common_Team"
"INT_L_B2K_BCVISAR_1_0_T1","VR_NEW_ACCT_BIN","LEFT(VR_NEW_ACCT_BIN,6)","1","1","0","0","0","0","0","0","0","6","2023-03-11 23:42:29.261","Common_Team"
"INT_L_B2K_BCVISAR_1_0_T1","VR_NEW_ACCT_SEQ","LEFT(VR_NEW_ACCT_SEQ,10)","1","1","0","0","0","0","0","0","0","7","2023-03-11 23:42:29.261","Common_Team"
"INT_L_B2K_BCVISAR_1_0_T1","VR_DRAFT_ACNO_EXTENSION","LEFT(VR_DRAFT_ACNO_EXTENSION,3)","1","1","0","0","0","0","0","0","0","8","2023-03-11 23:42:29.261","Common_Team"
"INT_L_B2K_BCVISAR_1_0_T1","VR_FLOOR_LIMIT_IND","LEFT(VR_FLOOR_LIMIT_IND,1)","1","1","0","0","0","0","0","0","0","9","2023-03-11 23:42:29.261","Common_Team"
"INT_L_B2K_BCVISAR_1_0_T1","VR_CWB_CRB_IND","LEFT(VR_CWB_CRB_IND,1)","1","1","0","0","0","0","0","0","0","10","2023-03-11 23:42:29.261","Common_Team"
"INT_L_B2K_BCVISAR_1_0_T1","VR_LCS_IND","LEFT(VR_LCS_IND,1)","1","1","0","0","0","0","0","0","0","11","2023-03-11 23:42:29.261","Common_Team"
"INT_L_B2K_BCVISAR_1_0_T1","VR_VISA_MICRO_REF_NUM","LEFT(VR_VISA_MICRO_REF_NUM,23)","1","1","0","0","0","0","0","0","0","12","2023-03-11 23:42:29.261","Common_Team"
"INT_L_B2K_BCVISAR_1_0_T1","VR_VISA_REF_FORMAT","B2K_BCVISAR_1_0_T1.VR_VISA_REF_FORMAT","0","1","0","0","0","0","0","0","0","13","2023-03-11 23:42:29.261","hathaipat"
"INT_L_B2K_BCVISAR_1_0_T1","VR_VISA_REF_BIN","B2K_BCVISAR_1_0_T1.VR_VISA_REF_BIN","0","1","0","0","0","0","0","0","0","14","2023-03-11 23:42:29.261","hathaipat"
"INT_L_B2K_BCVISAR_1_0_T1","VR_VISA_REF_BIN_A","LEFT(VR_VISA_REF_BIN_A,6)","1","1","0","0","0","0","0","0","0","15","2023-03-11 23:42:29.261","Common_Team"
"INT_L_B2K_BCVISAR_1_0_T1","VR_VISA_REF_CAPTURE_DATE","LEFT(VR_VISA_REF_CAPTURE_DATE,4)","1","1","0","0","0","0","0","0","0","16","2023-03-11 23:42:29.261","Common_Team"
"INT_L_B2K_BCVISAR_1_0_T1","VR_VISA_REF_SEQ_NUM","LEFT(VR_VISA_REF_SEQ_NUM,11)","1","1","0","0","0","0","0","0","0","17","2023-03-11 23:42:29.261","Common_Team"
"INT_L_B2K_BCVISAR_1_0_T1","VR_VISA_REF_CKDIGIT","LEFT(VR_VISA_REF_CKDIGIT,1)","1","1","0","0","0","0","0","0","0","18","2023-03-11 23:42:29.261","Common_Team"
"INT_L_B2K_BCVISAR_1_0_T1","VR_TRACE_NUMBER","LEFT(VR_TRACE_NUMBER,8)","1","1","0","0","0","0","0","0","0","19","2023-03-11 23:42:29.261","Common_Team"
"INT_L_B2K_BCVISAR_1_0_T1","VR_ACQUIRER_MEMBER_ID","LEFT(VR_ACQUIRER_MEMBER_ID,8)","1","1","0","0","0","0","0","0","0","20","2023-03-11 23:42:29.261","Common_Team"
"INT_L_B2K_BCVISAR_1_0_T1","VR_PURCH_DATE","LEFT(VR_PURCH_DATE,4)","1","1","0","0","0","0","0","0","0","21","2023-03-11 23:42:29.261","Common_Team"
"INT_L_B2K_BCVISAR_1_0_T1","VR_TRANS_AMOUNT","LEFT(VR_TRANS_AMOUNT,13)","1","1","0","0","0","0","0","0","0","22","2023-03-11 23:42:29.261","Common_Team"
"INT_L_B2K_BCVISAR_1_0_T1","VR_DEST_CURRENCY_CODE","LEFT(VR_DEST_CURRENCY_CODE,3)","1","1","0","0","0","0","0","0","0","23","2023-03-11 23:42:29.261","Common_Team"
"INT_L_B2K_BCVISAR_1_0_T1","VR_ENTRY_AMOUNT","LEFT(VR_ENTRY_AMOUNT,13)","1","1","0","0","0","0","0","0","0","24","2023-03-11 23:42:29.261","Common_Team"
"INT_L_B2K_BCVISAR_1_0_T1","VR_ENTRY_AMOUNT_INTEGER","LEFT(VR_ENTRY_AMOUNT_INTEGER,12)","1","1","0","0","0","0","0","0","0","25","2023-03-11 23:42:29.261","Common_Team"
"INT_L_B2K_BCVISAR_1_0_T1","VR_SOURCE_CURRENCY_CODE","LEFT(VR_SOURCE_CURRENCY_CODE,3)","1","1","0","0","0","0","0","0","0","26","2023-03-11 23:42:29.261","Common_Team"
"INT_L_B2K_BCVISAR_1_0_T1","VR_MERCH_NAME","LEFT(VR_MERCH_NAME,25)","1","1","0","0","0","0","0","0","0","27","2023-03-11 23:42:29.261","Common_Team"
"INT_L_B2K_BCVISAR_1_0_T1","VR_AIRLINE_NAME","LEFT(VR_AIRLINE_NAME,11)","1","1","0","0","0","0","0","0","0","28","2023-03-11 23:42:29.261","Common_Team"
"INT_L_B2K_BCVISAR_1_0_T1","VR_TICKET_NUMBER","LEFT(VR_TICKET_NUMBER,13)","1","1","0","0","0","0","0","0","0","29","2023-03-11 23:42:29.261","Common_Team"
"INT_L_B2K_BCVISAR_1_0_T1","VR_MERCH_CITY","LEFT(VR_MERCH_CITY,13)","1","1","0","0","0","0","0","0","0","30","2023-03-11 23:42:29.261","Common_Team"
"INT_L_B2K_BCVISAR_1_0_T1","VR_MERCHANT_COUNTRY_CODE","LEFT(VR_MERCHANT_COUNTRY_CODE,3)","1","1","0","0","0","0","0","0","0","31","2023-03-11 23:42:29.261","Common_Team"
"INT_L_B2K_BCVISAR_1_0_T1","VR_MERCH_CLASS","B2K_BCVISAR_1_0_T1.VR_MERCH_CLASS","0","1","0","0","0","0","0","0","0","32","2023-03-11 23:42:29.261","hathaipat"
"INT_L_B2K_BCVISAR_1_0_T1","VR_TMP_MERCH_ZIP_CODE","B2K_BCVISAR_1_0_T1.VR_TMP_MERCH_ZIP_CODE","0","1","0","0","0","0","0","0","0","33","2023-03-11 23:42:29.261","hathaipat"
"INT_L_B2K_BCVISAR_1_0_T1","VR_MERCH_STATE","LEFT(VR_MERCH_STATE,3)","1","1","0","0","0","0","0","0","0","34","2023-03-11 23:42:29.261","Common_Team"
"INT_L_B2K_BCVISAR_1_0_T1","VR_REQUESTED_PMT_SVC","LEFT(VR_REQUESTED_PMT_SVC,1)","1","1","0","0","0","0","0","0","0","35","2023-03-11 23:42:29.261","Common_Team"
"INT_L_B2K_BCVISAR_1_0_T1","VR_USAGE_CODE","B2K_BCVISAR_1_0_T1.VR_USAGE_CODE","0","1","0","0","0","0","0","0","0","36","2023-03-11 23:42:29.261","hathaipat"
"INT_L_B2K_BCVISAR_1_0_T1","VR_REASON_CODE","LEFT(VR_REASON_CODE,2)","1","1","0","0","0","0","0","0","0","37","2023-03-11 23:42:29.261","Common_Team"
"INT_L_B2K_BCVISAR_1_0_T1","VR_SETTLEMENT_FLAG","B2K_BCVISAR_1_0_T1.VR_SETTLEMENT_FLAG","0","1","0","0","0","0","0","0","0","38","2023-03-11 23:42:29.261","hathaipat"
"INT_L_B2K_BCVISAR_1_0_T1","VR_PAYMENT_SERVICE_IND","LEFT(VR_PAYMENT_SERVICE_IND,1)","1","1","0","0","0","0","0","0","0","39","2023-03-11 23:42:29.261","Common_Team"
"INT_L_B2K_BCVISAR_1_0_T1","VR_AUTH_NO","LEFT(VR_AUTH_NO,6)","1","1","0","0","0","0","0","0","0","40","2023-03-11 23:42:29.261","Common_Team"
"INT_L_B2K_BCVISAR_1_0_T1","VR_VISA_AUTH1","LEFT(VR_VISA_AUTH1,5)","1","1","0","0","0","0","0","0","0","41","2023-03-11 23:42:29.261","Common_Team"
"INT_L_B2K_BCVISAR_1_0_T1","VR_VISA_AUTH2","LEFT(VR_VISA_AUTH2,1)","1","1","0","0","0","0","0","0","0","42","2023-03-11 23:42:29.261","Common_Team"
"INT_L_B2K_BCVISAR_1_0_T1","VR_TMP_POS_TERM_CAPABILITY","LEFT(VR_TMP_POS_TERM_CAPABILITY,1)","1","1","0","0","0","0","0","0","0","43","2023-03-11 23:42:29.261","Common_Team"
"INT_L_B2K_BCVISAR_1_0_T1","VR_INTERNATIONAL_FEE_INDIC","LEFT(VR_INTERNATIONAL_FEE_INDIC,1)","1","1","0","0","0","0","0","0","0","44","2023-03-11 23:42:29.261","Common_Team"
"INT_L_B2K_BCVISAR_1_0_T1","VR_TMP_CARDHOLDER_ID_METHOD","LEFT(VR_TMP_CARDHOLDER_ID_METHOD,1)","1","1","0","0","0","0","0","0","0","45","2023-03-11 23:42:29.261","Common_Team"
"INT_L_B2K_BCVISAR_1_0_T1","VR_COLLECTION_ONLY_FLAG","LEFT(VR_COLLECTION_ONLY_FLAG,1)","1","1","0","0","0","0","0","0","0","46","2023-03-11 23:42:29.261","Common_Team"
"INT_L_B2K_BCVISAR_1_0_T1","VR_TMP_POS_ENTRY_MODE","LEFT(VR_TMP_POS_ENTRY_MODE,2)","1","1","0","0","0","0","0","0","0","47","2023-03-11 23:42:29.261","Common_Team"
"INT_L_B2K_BCVISAR_1_0_T1","VR_CENTRAL_PROCESS_DATE","LEFT(VR_CENTRAL_PROCESS_DATE,4)","1","1","0","0","0","0","0","0","0","48","2023-03-11 23:42:29.261","Common_Team"
"INT_L_B2K_BCVISAR_1_0_T1","VR_REIM_ATTRIBUTE","LEFT(VR_REIM_ATTRIBUTE,1)","1","1","0","0","0","0","0","0","0","49","2023-03-11 23:42:29.261","Common_Team"
"INT_L_B2K_BCVISAR_1_0_T1","VR_TCR1_TRAN_CODE","LEFT(VR_TCR1_TRAN_CODE,2)","1","1","0","0","0","0","0","0","0","50","2023-03-11 23:42:29.261","Common_Team"
"INT_L_B2K_BCVISAR_1_0_T1","VR_TCR1_TRAN_CODE_QUAL","B2K_BCVISAR_1_0_T1.VR_TCR1_TRAN_CODE_QUAL","0","1","0","0","0","0","0","0","0","51","2023-03-11 23:42:29.261","hathaipat"
"INT_L_B2K_BCVISAR_1_0_T1","VR_TCR1_TRAN_COMP_SEQ","LEFT(VR_TCR1_TRAN_COMP_SEQ,1)","1","1","0","0","0","0","0","0","0","52","2023-03-11 23:42:29.261","Common_Team"
"INT_L_B2K_BCVISAR_1_0_T1","VR_TCR1_CHARGEBACK_REF_NUM","LEFT(VR_TCR1_CHARGEBACK_REF_NUM,6)","1","1","0","0","0","0","0","0","0","53","2023-03-11 23:42:29.261","Common_Team"
"INT_L_B2K_BCVISAR_1_0_T1","VR_TCR1_DOCUMENTATION_IND","LEFT(VR_TCR1_DOCUMENTATION_IND,1)","1","1","0","0","0","0","0","0","0","54","2023-03-11 23:42:29.261","Common_Team"
"INT_L_B2K_BCVISAR_1_0_T1","VR_TCR1_MESSAGE_TEXT","LEFT(VR_TCR1_MESSAGE_TEXT,50)","1","1","0","0","0","0","0","0","0","55","2023-03-11 23:42:29.261","Common_Team"
"INT_L_B2K_BCVISAR_1_0_T1","VR_TCR1_SPECIAL_COND_IND","LEFT(VR_TCR1_SPECIAL_COND_IND,2)","1","1","0","0","0","0","0","0","0","56","2023-03-11 23:42:29.261","Common_Team"
"INT_L_B2K_BCVISAR_1_0_T1","VR_TCR1_SPEC_COND_1","LEFT(VR_TCR1_SPEC_COND_1,1)","1","1","0","0","0","0","0","0","0","57","2023-03-11 23:42:29.261","Common_Team"
"INT_L_B2K_BCVISAR_1_0_T1","VR_TCR1_SPEC_COND_2","LEFT(VR_TCR1_SPEC_COND_2,1)","1","1","0","0","0","0","0","0","0","58","2023-03-11 23:42:29.261","Common_Team"
"INT_L_B2K_BCVISAR_1_0_T1","VR_TCR1_FEE_PROG_IND","LEFT(VR_TCR1_FEE_PROG_IND,3)","1","1","0","0","0","0","0","0","0","59","2023-03-11 23:42:29.261","Common_Team"
"INT_L_B2K_BCVISAR_1_0_T1","VR_TCR1_ISSUER_CHARGE_FLD","LEFT(VR_TCR1_ISSUER_CHARGE_FLD,1)","1","1","0","0","0","0","0","0","0","60","2023-03-11 23:42:29.261","Common_Team"
"INT_L_B2K_BCVISAR_1_0_T1","VR_TCR1_RESERVED","LEFT(VR_TCR1_RESERVED,1)","1","1","0","0","0","0","0","0","0","61","2023-03-11 23:42:29.261","Common_Team"
"INT_L_B2K_BCVISAR_1_0_T1","VR_TCR1_CARD_ACCEPTOR_ID","LEFT(VR_TCR1_CARD_ACCEPTOR_ID,15)","1","1","0","0","0","0","0","0","0","62","2023-03-11 23:42:29.261","Common_Team"
"INT_L_B2K_BCVISAR_1_0_T1","VR_TCR1_TERMINAL_ID","LEFT(VR_TCR1_TERMINAL_ID,8)","1","1","0","0","0","0","0","0","0","63","2023-03-11 23:42:29.261","Common_Team"
"INT_L_B2K_BCVISAR_1_0_T1","VR_TCR1_NONSETL_REIM_FEE","LEFT(VR_TCR1_NONSETL_REIM_FEE,13)","1","1","0","0","0","0","0","0","0","64","2023-03-11 23:42:29.261","Common_Team"
"INT_L_B2K_BCVISAR_1_0_T1","VR_MAIL_PHONE_IND","LEFT(VR_MAIL_PHONE_IND,1)","1","1","0","0","0","0","0","0","0","65","2023-03-11 23:42:29.261","Common_Team"
"INT_L_B2K_BCVISAR_1_0_T1","VR_SPECIAL_CGBK_IND","LEFT(VR_SPECIAL_CGBK_IND,1)","1","1","0","0","0","0","0","0","0","66","2023-03-11 23:42:29.261","Common_Team"
"INT_L_B2K_BCVISAR_1_0_T1","VR_TCR1_INTERFACE_TRACE_NUM","LEFT(VR_TCR1_INTERFACE_TRACE_NUM,6)","1","1","0","0","0","0","0","0","0","67","2023-03-11 23:42:29.261","Common_Team"
"INT_L_B2K_BCVISAR_1_0_T1","VR_TCR1_CARDHOLDER_ACT_TERM","LEFT(VR_TCR1_CARDHOLDER_ACT_TERM,1)","1","1","0","0","0","0","0","0","0","68","2023-03-11 23:42:29.261","Common_Team"
"INT_L_B2K_BCVISAR_1_0_T1","VR_TCR1_PREPAID_CARD_IND","LEFT(VR_TCR1_PREPAID_CARD_IND,1)","1","1","0","0","0","0","0","0","0","69","2023-03-11 23:42:29.261","Common_Team"
"INT_L_B2K_BCVISAR_1_0_T1","VR_TCR1_SVC_DEVELOPMENT","LEFT(VR_TCR1_SVC_DEVELOPMENT,1)","1","1","0","0","0","0","0","0","0","70","2023-03-11 23:42:29.261","Common_Team"
"INT_L_B2K_BCVISAR_1_0_T1","VR_AVS_RESPONSE_CODE","LEFT(VR_AVS_RESPONSE_CODE,1)","1","1","0","0","0","0","0","0","0","71","2023-03-11 23:42:29.261","Common_Team"
"INT_L_B2K_BCVISAR_1_0_T1","VR_TCR1_AUTH_SOURCE","LEFT(VR_TCR1_AUTH_SOURCE,1)","1","1","0","0","0","0","0","0","0","72","2023-03-11 23:42:29.261","Common_Team"
"INT_L_B2K_BCVISAR_1_0_T1","VR_PURCH_ID_FORMAT","LEFT(VR_PURCH_ID_FORMAT,1)","1","1","0","0","0","0","0","0","0","73","2023-03-11 23:42:29.261","Common_Team"
"INT_L_B2K_BCVISAR_1_0_T1","VR_TCR1_ATM_ACCT_SELECTION","LEFT(VR_TCR1_ATM_ACCT_SELECTION,1)","1","1","0","0","0","0","0","0","0","74","2023-03-11 23:42:29.261","Common_Team"
"INT_L_B2K_BCVISAR_1_0_T1","VR_TCR1_INSTALL_PMT_CNT","LEFT(VR_TCR1_INSTALL_PMT_CNT,2)","1","1","0","0","0","0","0","0","0","75","2023-03-11 23:42:29.261","Common_Team"
"INT_L_B2K_BCVISAR_1_0_T1","VR_TCR1_INSTALL_PMT_CNT_NUM","B2K_BCVISAR_1_0_T1.VR_TCR1_INSTALL_PMT_CNT_NUM","0","1","0","0","0","0","0","0","0","76","2023-03-11 23:42:29.261","hathaipat"
"INT_L_B2K_BCVISAR_1_0_T1","VR_TCR1_ITEM_DESCRIPTOR","LEFT(VR_TCR1_ITEM_DESCRIPTOR,25)","1","1","0","0","0","0","0","0","0","77","2023-03-11 23:42:29.261","Common_Team"
"INT_L_B2K_BCVISAR_1_0_T1","VR_TCR1_CASH_BACK","LEFT(VR_TCR1_CASH_BACK,10)","1","1","0","0","0","0","0","0","0","78","2023-03-11 23:42:29.261","Common_Team"
"INT_L_B2K_BCVISAR_1_0_T1","VR_TCR1_CHIP_COND_CODE","LEFT(VR_TCR1_CHIP_COND_CODE,1)","1","1","0","0","0","0","0","0","0","79","2023-03-11 23:42:29.261","Common_Team"
"INT_L_B2K_BCVISAR_1_0_T1","VR_TCR1_POS_ENVIRONMENT","LEFT(VR_TCR1_POS_ENVIRONMENT,1)","1","1","0","0","0","0","0","0","0","80","2023-03-11 23:42:29.261","Common_Team"
"INT_L_B2K_BCVISAR_1_0_T1","VR_TCR2_TRAN_CODE","B2K_BCVISAR_1_0_T1.VR_TCR2_TRAN_CODE","0","1","0","0","0","0","0","0","0","81","2023-03-11 23:42:29.261","hathaipat"
"INT_L_B2K_BCVISAR_1_0_T1","VR_TCR2_TRAN_CODE_QUAL","B2K_BCVISAR_1_0_T1.VR_TCR2_TRAN_CODE_QUAL","0","1","0","0","0","0","0","0","0","82","2023-03-11 23:42:29.261","hathaipat"
"INT_L_B2K_BCVISAR_1_0_T1","VR_TCR2_TRAN_COMP_SEQ","LEFT(VR_TCR2_TRAN_COMP_SEQ,1)","1","1","0","0","0","0","0","0","0","83","2023-03-11 23:42:29.261","Common_Team"
"INT_L_B2K_BCVISAR_1_0_T1","VR_TCR2_FIELDS","LEFT(VR_TCR2_FIELDS,164)","1","1","0","0","0","0","0","0","0","84","2023-03-11 23:42:29.261","Common_Team"
"INT_L_B2K_BCVISAR_1_0_T1","VR_TCR3_TRAN_CODE","B2K_BCVISAR_1_0_T1.VR_TCR3_TRAN_CODE","0","1","0","0","0","0","0","0","0","85","2023-03-11 23:42:29.261","hathaipat"
"INT_L_B2K_BCVISAR_1_0_T1","VR_TCR3_TRAN_CODE_QUAL","B2K_BCVISAR_1_0_T1.VR_TCR3_TRAN_CODE_QUAL","0","1","0","0","0","0","0","0","0","86","2023-03-11 23:42:29.261","hathaipat"
"INT_L_B2K_BCVISAR_1_0_T1","VR_TCR3_TRAN_COMP_SEQ","LEFT(VR_TCR3_TRAN_COMP_SEQ,1)","1","1","0","0","0","0","0","0","0","87","2023-03-11 23:42:29.261","Common_Team"
"INT_L_B2K_BCVISAR_1_0_T1","VR_TCR3_BUSINESS_FORMAT_CODE","LEFT(VR_TCR3_BUSINESS_FORMAT_CODE,2)","1","1","0","0","0","0","0","0","0","88","2023-03-11 23:42:29.261","Common_Team"
"INT_L_B2K_BCVISAR_1_0_T1","VR_TCR3_AI_PSNGR_NAME","LEFT(VR_TCR3_AI_PSNGR_NAME,20)","1","1","0","0","0","0","0","0","0","89","2023-03-11 23:42:29.261","Common_Team"
"INT_L_B2K_BCVISAR_1_0_T1","VR_TCR3_AI_DEPARTURE_DATE","B2K_BCVISAR_1_0_T1.VR_TCR3_AI_DEPARTURE_DATE","0","1","0","0","0","0","0","0","0","90","2023-03-11 23:42:29.261","hathaipat"
"INT_L_B2K_BCVISAR_1_0_T1","VR_TCR3_AI_ORIG_CITY_AIRPORT","LEFT(VR_TCR3_AI_ORIG_CITY_AIRPORT,3)","1","1","0","0","0","0","0","0","0","91","2023-03-11 23:42:29.261","Common_Team"
"INT_L_B2K_BCVISAR_1_0_T1","VR_TCR3_AI_CARRIER_1","LEFT(VR_TCR3_AI_CARRIER_1,2)","1","1","0","0","0","0","0","0","0","92","2023-03-11 23:42:29.261","Common_Team"
"INT_L_B2K_BCVISAR_1_0_T1","VR_TCR3_AI_SERVICE_CLASS_1","LEFT(VR_TCR3_AI_SERVICE_CLASS_1,1)","1","1","0","0","0","0","0","0","0","93","2023-03-11 23:42:29.261","Common_Team"
"INT_L_B2K_BCVISAR_1_0_T1","VR_TCR3_AI_STOPOVER_CODE_1","LEFT(VR_TCR3_AI_STOPOVER_CODE_1,1)","1","1","0","0","0","0","0","0","0","94","2023-03-11 23:42:29.261","Common_Team"
"INT_L_B2K_BCVISAR_1_0_T1","VR_TCR3_AI_DEST_CITY_AIRPT_1","LEFT(VR_TCR3_AI_DEST_CITY_AIRPT_1,3)","1","1","0","0","0","0","0","0","0","95","2023-03-11 23:42:29.261","Common_Team"
"INT_L_B2K_BCVISAR_1_0_T1","VR_TCR3_AI_CARRIER_2","LEFT(VR_TCR3_AI_CARRIER_2,2)","1","1","0","0","0","0","0","0","0","96","2023-03-11 23:42:29.261","Common_Team"
"INT_L_B2K_BCVISAR_1_0_T1","VR_TCR3_AI_SERVICE_CLASS_2","LEFT(VR_TCR3_AI_SERVICE_CLASS_2,1)","1","1","0","0","0","0","0","0","0","97","2023-03-11 23:42:29.261","Common_Team"
"INT_L_B2K_BCVISAR_1_0_T1","VR_TCR3_AI_STOPOVER_CODE_2","LEFT(VR_TCR3_AI_STOPOVER_CODE_2,1)","1","1","0","0","0","0","0","0","0","98","2023-03-11 23:42:29.261","Common_Team"
"INT_L_B2K_BCVISAR_1_0_T1","VR_TCR3_AI_DEST_CITY_AIRPT_2","LEFT(VR_TCR3_AI_DEST_CITY_AIRPT_2,3)","1","1","0","0","0","0","0","0","0","99","2023-03-11 23:42:29.261","Common_Team"
"INT_L_B2K_BCVISAR_1_0_T1","VR_TCR3_AI_CARRIER_3","LEFT(VR_TCR3_AI_CARRIER_3,2)","1","1","0","0","0","0","0","0","0","100","2023-03-11 23:42:29.261","Common_Team"
"INT_L_B2K_BCVISAR_1_0_T1","VR_TCR3_AI_SERVICE_CLASS_3","LEFT(VR_TCR3_AI_SERVICE_CLASS_3,1)","1","1","0","0","0","0","0","0","0","101","2023-03-11 23:42:29.261","Common_Team"
"INT_L_B2K_BCVISAR_1_0_T1","VR_TCR3_AI_STOPOVER_CODE_3","LEFT(VR_TCR3_AI_STOPOVER_CODE_3,1)","1","1","0","0","0","0","0","0","0","102","2023-03-11 23:42:29.261","Common_Team"
"INT_L_B2K_BCVISAR_1_0_T1","VR_TCR3_AI_DEST_CITY_AIRPT_3","LEFT(VR_TCR3_AI_DEST_CITY_AIRPT_3,3)","1","1","0","0","0","0","0","0","0","103","2023-03-11 23:42:29.261","Common_Team"
"INT_L_B2K_BCVISAR_1_0_T1","VR_TCR3_AI_CARRIER_4","LEFT(VR_TCR3_AI_CARRIER_4,2)","1","1","0","0","0","0","0","0","0","104","2023-03-11 23:42:29.261","Common_Team"
"INT_L_B2K_BCVISAR_1_0_T1","VR_TCR3_AI_SERVICE_CLASS_4","LEFT(VR_TCR3_AI_SERVICE_CLASS_4,1)","1","1","0","0","0","0","0","0","0","105","2023-03-11 23:42:29.261","Common_Team"
"INT_L_B2K_BCVISAR_1_0_T1","VR_TCR3_AI_STOPOVER_CODE_4","LEFT(VR_TCR3_AI_STOPOVER_CODE_4,1)","1","1","0","0","0","0","0","0","0","106","2023-03-11 23:42:29.261","Common_Team"
"INT_L_B2K_BCVISAR_1_0_T1","VR_TCR3_AI_DEST_CITY_AIRPT_4","LEFT(VR_TCR3_AI_DEST_CITY_AIRPT_4,3)","1","1","0","0","0","0","0","0","0","107","2023-03-11 23:42:29.261","Common_Team"
"INT_L_B2K_BCVISAR_1_0_T1","VR_TCR3_AI_TRAVEL_AGENCY_CODE","LEFT(VR_TCR3_AI_TRAVEL_AGENCY_CODE,8)","1","1","0","0","0","0","0","0","0","108","2023-03-11 23:42:29.261","Common_Team"
"INT_L_B2K_BCVISAR_1_0_T1","VR_TCR3_AI_TRAVEL_AGENCY_NAME","LEFT(VR_TCR3_AI_TRAVEL_AGENCY_NAME,25)","1","1","0","0","0","0","0","0","0","109","2023-03-11 23:42:29.261","Common_Team"
"INT_L_B2K_BCVISAR_1_0_T1","VR_TCR3_RESTRICT_TICKET_IND","LEFT(VR_TCR3_RESTRICT_TICKET_IND,1)","1","1","0","0","0","0","0","0","0","110","2023-03-11 23:42:29.261","Common_Team"
"INT_L_B2K_BCVISAR_1_0_T1","VR_TCR4_TRAN_CODE","B2K_BCVISAR_1_0_T1.VR_TCR4_TRAN_CODE","0","1","0","0","0","0","0","0","0","111","2023-03-11 23:42:29.261","hathaipat"
"INT_L_B2K_BCVISAR_1_0_T1","VR_TCR4_TRAN_CODE_QUAL","B2K_BCVISAR_1_0_T1.VR_TCR4_TRAN_CODE_QUAL","0","1","0","0","0","0","0","0","0","112","2023-03-11 23:42:29.261","hathaipat"
"INT_L_B2K_BCVISAR_1_0_T1","VR_TCR4_TRAN_COMP_SEQ","LEFT(VR_TCR4_TRAN_COMP_SEQ,1)","1","1","0","0","0","0","0","0","0","113","2023-03-11 23:42:29.261","Common_Team"
"INT_L_B2K_BCVISAR_1_0_T1","VR_TCR4_BUS_FMT_CODE","LEFT(VR_TCR4_BUS_FMT_CODE,2)","1","1","0","0","0","0","0","0","0","114","2023-03-11 23:42:29.261","Common_Team"
"INT_L_B2K_BCVISAR_1_0_T1","VR_TCR4_DEBIT_PRODUCT_CODE","B2K_BCVISAR_1_0_T1.VR_TCR4_DEBIT_PRODUCT_CODE","0","1","0","0","0","0","0","0","0","115","2023-03-11 23:42:29.261","hathaipat"
"INT_L_B2K_BCVISAR_1_0_T1","VR_TCR4_CONTACT","LEFT(VR_TCR4_CONTACT,25)","1","1","0","0","0","0","0","0","0","116","2023-03-11 23:42:29.261","Common_Team"
"INT_L_B2K_BCVISAR_1_0_T1","VR_TCR4_ADJUSTMENT_INDIC","LEFT(VR_TCR4_ADJUSTMENT_INDIC,1)","1","1","0","0","0","0","0","0","0","117","2023-03-11 23:42:29.261","Common_Team"
"INT_L_B2K_BCVISAR_1_0_T1","VR_TCR4_PLUS_MIS_CAS_CODE","LEFT(VR_TCR4_PLUS_MIS_CAS_CODE,4)","1","1","0","0","0","0","0","0","0","118","2023-03-11 23:42:29.261","Common_Team"
"INT_L_B2K_BCVISAR_1_0_T1","VR_TCR4_SURCHG_AMT","LEFT(VR_TCR4_SURCHG_AMT,9)","1","1","0","0","0","0","0","0","0","119","2023-03-11 23:42:29.261","Common_Team"
"INT_L_B2K_BCVISAR_1_0_T1","VR_TCR4_SURCHG_DB_CR_INDIC","LEFT(VR_TCR4_SURCHG_DB_CR_INDIC,2)","1","1","0","0","0","0","0","0","0","120","2023-03-11 23:42:29.261","Common_Team"
"INT_L_B2K_BCVISAR_1_0_T1","VR_TCR4_PROMOTION_TYPE","LEFT(VR_TCR4_PROMOTION_TYPE,2)","1","1","0","0","0","0","0","0","0","121","2023-03-11 23:42:29.261","Common_Team"
"INT_L_B2K_BCVISAR_1_0_T1","VR_TCR4_PROMOTION_CODE","LEFT(VR_TCR4_PROMOTION_CODE,25)","1","1","0","0","0","0","0","0","0","122","2023-03-11 23:42:29.261","Common_Team"
"INT_L_B2K_BCVISAR_1_0_T1","VR_TCR5_TRAN_CODE","B2K_BCVISAR_1_0_T1.VR_TCR5_TRAN_CODE","0","1","0","0","0","0","0","0","0","123","2023-03-11 23:42:29.261","hathaipat"
"INT_L_B2K_BCVISAR_1_0_T1","VR_TCR5_TRAN_CODE_QUAL","B2K_BCVISAR_1_0_T1.VR_TCR5_TRAN_CODE_QUAL","0","1","0","0","0","0","0","0","0","124","2023-03-11 23:42:29.261","hathaipat"
"INT_L_B2K_BCVISAR_1_0_T1","VR_TCR5_TRAN_COMP_SEQ","LEFT(VR_TCR5_TRAN_COMP_SEQ,1)","1","1","0","0","0","0","0","0","0","125","2023-03-11 23:42:29.261","Common_Team"
"INT_L_B2K_BCVISAR_1_0_T1","VR_TCR5_TRANS_ID","LEFT(VR_TCR5_TRANS_ID,15)","1","1","0","0","0","0","0","0","0","126","2023-03-11 23:42:29.261","Common_Team"
"INT_L_B2K_BCVISAR_1_0_T1","VR_TCR5_AUTH_AMOUNT","LEFT(VR_TCR5_AUTH_AMOUNT,13)","1","1","0","0","0","0","0","0","0","127","2023-03-11 23:42:29.261","Common_Team"
"INT_L_B2K_BCVISAR_1_0_T1","VR_TCR5_AUTH_CURRENCY_CODE","LEFT(VR_TCR5_AUTH_CURRENCY_CODE,3)","1","1","0","0","0","0","0","0","0","128","2023-03-11 23:42:29.261","Common_Team"
"INT_L_B2K_BCVISAR_1_0_T1","VR_TCR5_AUTH_RESP_CODE","LEFT(VR_TCR5_AUTH_RESP_CODE,2)","1","1","0","0","0","0","0","0","0","129","2023-03-11 23:42:29.261","Common_Team"
"INT_L_B2K_BCVISAR_1_0_T1","VR_TCR5_VALIDATE_CODE","LEFT(VR_TCR5_VALIDATE_CODE,4)","1","1","0","0","0","0","0","0","0","130","2023-03-11 23:42:29.261","Common_Team"
"INT_L_B2K_BCVISAR_1_0_T1","VR_TCR5_EXC_TRAN_ID_REASON","LEFT(VR_TCR5_EXC_TRAN_ID_REASON,1)","1","1","0","0","0","0","0","0","0","131","2023-03-11 23:42:29.261","Common_Team"
"INT_L_B2K_BCVISAR_1_0_T1","VR_TCR5_CRS_PROCESS_CODE","LEFT(VR_TCR5_CRS_PROCESS_CODE,1)","1","1","0","0","0","0","0","0","0","132","2023-03-11 23:42:29.261","Common_Team"
"INT_L_B2K_BCVISAR_1_0_T1","VR_TCR5_CHGBK_CONDITION_CODE","LEFT(VR_TCR5_CHGBK_CONDITION_CODE,2)","1","1","0","0","0","0","0","0","0","133","2023-03-11 23:42:29.261","Common_Team"
"INT_L_B2K_BCVISAR_1_0_T1","VR_TCR5_MULT_CLEARING_SEQ","LEFT(VR_TCR5_MULT_CLEARING_SEQ,2)","1","1","0","0","0","0","0","0","0","134","2023-03-11 23:42:29.261","Common_Team"
"INT_L_B2K_BCVISAR_1_0_T1","VR_TCR5_MULT_CLEARING_CNT","LEFT(VR_TCR5_MULT_CLEARING_CNT,2)","1","1","0","0","0","0","0","0","0","135","2023-03-11 23:42:29.261","Common_Team"
"INT_L_B2K_BCVISAR_1_0_T1","VR_TCR5_MKT_AUTH_DATA_INDIC","LEFT(VR_TCR5_MKT_AUTH_DATA_INDIC,1)","1","1","0","0","0","0","0","0","0","136","2023-03-11 23:42:29.261","Common_Team"
"INT_L_B2K_BCVISAR_1_0_T1","VR_TCR5_TOTAL_AUTH_AMOUNT","LEFT(VR_TCR5_TOTAL_AUTH_AMOUNT,13)","1","1","0","0","0","0","0","0","0","137","2023-03-11 23:42:29.261","Common_Team"
"INT_L_B2K_BCVISAR_1_0_T1","VR_TCR5_INFO_IND","LEFT(VR_TCR5_INFO_IND,1)","1","1","0","0","0","0","0","0","0","138","2023-03-11 23:42:29.261","Common_Team"
"INT_L_B2K_BCVISAR_1_0_T1","VR_TCR5_MERCH_PHONE","LEFT(VR_TCR5_MERCH_PHONE,14)","1","1","0","0","0","0","0","0","0","139","2023-03-11 23:42:29.261","Common_Team"
"INT_L_B2K_BCVISAR_1_0_T1","VR_TCR5_ADDITIONAL_IND","LEFT(VR_TCR5_ADDITIONAL_IND,1)","1","1","0","0","0","0","0","0","0","140","2023-03-11 23:42:29.261","Common_Team"
"INT_L_B2K_BCVISAR_1_0_T1","VR_TCR5_MERCH_VOLUME_IND","LEFT(VR_TCR5_MERCH_VOLUME_IND,2)","1","1","0","0","0","0","0","0","0","141","2023-03-11 23:42:29.261","Common_Team"
"INT_L_B2K_BCVISAR_1_0_T1","VR_TCR5_MERCH_VERIF_VALUE","LEFT(VR_TCR5_MERCH_VERIF_VALUE,10)","1","1","0","0","0","0","0","0","0","142","2023-03-11 23:42:29.261","Common_Team"
"INT_L_B2K_BCVISAR_1_0_T1","VR_TCR5_INTCHG_FEE_AMOUNT","LEFT(VR_TCR5_INTCHG_FEE_AMOUNT,16)","1","1","0","0","0","0","0","0","0","143","2023-03-11 23:42:29.261","Common_Team"
"INT_L_B2K_BCVISAR_1_0_T1","VR_TCR5_INTCHG_FEE_SIGN","LEFT(VR_TCR5_INTCHG_FEE_SIGN,1)","1","1","0","0","0","0","0","0","0","144","2023-03-11 23:42:29.261","Common_Team"
"INT_L_B2K_BCVISAR_1_0_T1","VR_TCR5_CURR_SRCE_BASE","LEFT(VR_TCR5_CURR_SRCE_BASE,8)","1","1","0","0","0","0","0","0","0","145","2023-03-11 23:42:29.261","Common_Team"
"INT_L_B2K_BCVISAR_1_0_T1","VR_TCR5_CURR_BASE_DEST","LEFT(VR_TCR5_CURR_BASE_DEST,8)","1","1","0","0","0","0","0","0","0","146","2023-03-11 23:42:29.261","Common_Team"
"INT_L_B2K_BCVISAR_1_0_T1","VR_TCR5_ISSUER_ISA_AMT_FLD","LEFT(VR_TCR5_ISSUER_ISA_AMT_FLD,13)","1","1","0","0","0","0","0","0","0","147","2023-03-11 23:42:29.261","Common_Team"
"INT_L_B2K_BCVISAR_1_0_T1","VR_TCR5_PRODUCT_IDENTIFIER","LEFT(VR_TCR5_PRODUCT_IDENTIFIER,2)","1","1","0","0","0","0","0","0","0","148","2023-03-11 23:42:29.261","Common_Team"
"INT_L_B2K_BCVISAR_1_0_T1","VR_TCR5_PROGRAM_IDENTIFIER","LEFT(VR_TCR5_PROGRAM_IDENTIFIER,6)","1","1","0","0","0","0","0","0","0","149","2023-03-11 23:42:29.261","Common_Team"
"INT_L_B2K_BCVISAR_1_0_T1","VR_TCR5_CVV2_RESULT_CODE","LEFT(VR_TCR5_CVV2_RESULT_CODE,1)","1","1","0","0","0","0","0","0","0","150","2023-03-11 23:42:29.261","Common_Team"
"INT_L_B2K_BCVISAR_1_0_T1","VR_TCR6_TRAN_CODE","B2K_BCVISAR_1_0_T1.VR_TCR6_TRAN_CODE","0","1","0","0","0","0","0","0","0","151","2023-03-11 23:42:29.261","hathaipat"
"INT_L_B2K_BCVISAR_1_0_T1","VR_TCR6_TRAN_CODE_QUAL","B2K_BCVISAR_1_0_T1.VR_TCR6_TRAN_CODE_QUAL","0","1","0","0","0","0","0","0","0","152","2023-03-11 23:42:29.261","hathaipat"
"INT_L_B2K_BCVISAR_1_0_T1","VR_TCR6_TRAN_COMP_SEQ","LEFT(VR_TCR6_TRAN_COMP_SEQ,1)","1","1","0","0","0","0","0","0","0","153","2023-03-11 23:42:29.261","Common_Team"
"INT_L_B2K_BCVISAR_1_0_T1","VR_TCR6_SALES_TAX_NO_DEC","LEFT(VR_TCR6_SALES_TAX_NO_DEC,12)","1","1","0","0","0","0","0","0","0","154","2023-03-11 23:42:29.261","Common_Team"
"INT_L_B2K_BCVISAR_1_0_T1","VR_TCR6_SALES_TAX_AMOUNT","LEFT(VR_TCR6_SALES_TAX_AMOUNT,13)","1","1","0","0","0","0","0","0","0","155","2023-03-11 23:42:29.261","Common_Team"
"INT_L_B2K_BCVISAR_1_0_T1","VR_TCR6_SALES_TAX_INDIC","LEFT(VR_TCR6_SALES_TAX_INDIC,1)","1","1","0","0","0","0","0","0","0","156","2023-03-11 23:42:29.261","Common_Team"
"INT_L_B2K_BCVISAR_1_0_T1","VR_TCR6_NATNL_TAX_NO_DEC","LEFT(VR_TCR6_NATNL_TAX_NO_DEC,12)","1","1","0","0","0","0","0","0","0","157","2023-03-11 23:42:29.261","Common_Team"
"INT_L_B2K_BCVISAR_1_0_T1","VR_TCR6_NATNL_TAX_AMOUNT","LEFT(VR_TCR6_NATNL_TAX_AMOUNT,13)","1","1","0","0","0","0","0","0","0","158","2023-03-11 23:42:29.261","Common_Team"
"INT_L_B2K_BCVISAR_1_0_T1","VR_TCR6_NATNL_TAX_INDIC","LEFT(VR_TCR6_NATNL_TAX_INDIC,1)","1","1","0","0","0","0","0","0","0","159","2023-03-11 23:42:29.261","Common_Team"
"INT_L_B2K_BCVISAR_1_0_T1","VR_TCR6_MERCH_VAT_REG_NBR","LEFT(VR_TCR6_MERCH_VAT_REG_NBR,20)","1","1","0","0","0","0","0","0","0","160","2023-03-11 23:42:29.261","Common_Team"
"INT_L_B2K_BCVISAR_1_0_T1","VR_TCR6_CUST_VAT_REG_NBR","LEFT(VR_TCR6_CUST_VAT_REG_NBR,13)","1","1","0","0","0","0","0","0","0","161","2023-03-11 23:42:29.261","Common_Team"
"INT_L_B2K_BCVISAR_1_0_T1","VR_TCR6_MERCH_ORDER_NBR","LEFT(VR_TCR6_MERCH_ORDER_NBR,12)","1","1","0","0","0","0","0","0","0","162","2023-03-11 23:42:29.261","Common_Team"
"INT_L_B2K_BCVISAR_1_0_T1","VR_TCR6_SUMM_COMM_CODE","LEFT(VR_TCR6_SUMM_COMM_CODE,4)","1","1","0","0","0","0","0","0","0","163","2023-03-11 23:42:29.261","Common_Team"
"INT_L_B2K_BCVISAR_1_0_T1","VR_TCR6_OTHER_TAX_NO_DEC","LEFT(VR_TCR6_OTHER_TAX_NO_DEC,12)","1","1","0","0","0","0","0","0","0","164","2023-03-11 23:42:29.261","Common_Team"
"INT_L_B2K_BCVISAR_1_0_T1","VR_TCR6_OTHER_TAX_AMOUNT","LEFT(VR_TCR6_OTHER_TAX_AMOUNT,13)","1","1","0","0","0","0","0","0","0","165","2023-03-11 23:42:29.261","Common_Team"
"INT_L_B2K_BCVISAR_1_0_T1","VR_TCR6_MESSAGE_ID","LEFT(VR_TCR6_MESSAGE_ID,15)","1","1","0","0","0","0","0","0","0","166","2023-03-11 23:42:29.261","Common_Team"
"INT_L_B2K_BCVISAR_1_0_T1","START_DT","","0","1","0","0","0","0","0","0","0","167","2023-03-11 23:42:29.261","hathaipat"
"INT_L_B2K_BCVISAR_1_0_T1","END_DT","","0","1","0","0","0","0","0","0","0","168","2023-03-11 23:42:29.261","hathaipat"
"INT_L_B2K_BCVISAR_1_0_T1","RECORD_DELETED_FLAG","","0","1","0","0","0","0","0","0","0","169","2023-03-11 23:42:29.261","hathaipat"
"INT_L_B2K_BCVISAR_1_0_T1","CTL_ID","","0","1","0","0","0","0","0","0","0","170","2023-03-11 23:42:29.261","hathaipat"
"INT_L_B2K_BCVISAR_1_0_T1","INS_PROC_NAME","","0","1","0","0","0","0","0","0","0","171","2023-03-11 23:42:29.261","hathaipat"
"INT_L_B2K_BCVISAR_1_0_T1","INS_TXF_BATCHID","","0","1","0","0","0","0","0","0","0","172","2023-03-11 23:42:29.261","hathaipat"
"INT_L_B2K_BCVISAR_1_0_T1","UPD_PROC_NAME","","0","1","0","0","0","0","0","0","0","173","2023-03-11 23:42:29.261","hathaipat"
"INT_L_B2K_BCVISAR_1_0_T1","UPD_TXF_BATCHID","","0","1","0","0","0","0","0","0","0","174","2023-03-11 23:42:29.261","hathaipat"
"INT_L_B2K_BCVISAR_1_0_T1","VR_TRAN_FLAG","LEFT(VR_TRAN_FLAG,1)","1","1","0","0","0","0","0","0","0","176","2023-03-11 23:42:29.261","Common_Team"
"INT_L_B2K_BCVISAR_1_0_T1","VR_CREDIT_FLAG","LEFT(VR_CREDIT_FLAG,1)","1","1","0","0","0","0","0","0","0","177","2023-03-11 23:42:29.261","Common_Team"
"INT_L_B2K_BCVISAR_1_0_T1","VR_INTER_FLAG","LEFT(VR_INTER_FLAG,1)","1","1","0","0","0","0","0","0","0","178","2023-03-11 23:42:29.261","Common_Team"
"INT_L_B2K_BCVISAR_1_0_T1","VR_BIN_8","LEFT(VR_BIN_8,8)","1","1","0","0","0","0","0","0","0","179","2023-03-11 23:42:29.261","Common_Team"
