"INTERFACE_NAME","COL_NAME","EXPRESSION","EXE_DB","INSERT_FLAG","UPDATE_FLAG","KEY_UPD","UD1","UD2","UD3","UD4","UD5","COL_POSITION","LAST_UPDATE_DATE","LAST_UPDATE_USER"
"INT_L_B2K_MCURBAL3_1_0_T1","BCMU_ATH_CORPORATION_NUMBER","LEFT(BCMU_ATH_CORPORATION_NUMBER,2)","1","1","0","0","0","0","0","0","0","2","2023-03-11 23:41:23.892","Common_Team"
"INT_L_B2K_MCURBAL3_1_0_T1","BCMU_ATH_ACCOUNT_NO1","LEFT(BCMU_ATH_ACCOUNT_NO1,16)","1","1","0","0","0","0","0","0","0","3","2023-03-11 23:41:23.892","Common_Team"
"INT_L_B2K_MCURBAL3_1_0_T1","BCMU_ATH_RECORD_TYPE","LEFT(BCMU_ATH_RECORD_TYPE,1)","1","1","0","0","0","0","0","0","0","4","2023-03-11 23:41:23.892","Common_Team"
"INT_L_B2K_MCURBAL3_1_0_T1","BCMU_ATH_CARD_ACCOUNT_NO1","LEFT(BCMU_ATH_CARD_ACCOUNT_NO1,16)","1","1","0","0","0","0","0","0","0","5","2023-03-11 23:41:23.892","Common_Team"
"INT_L_B2K_MCURBAL3_1_0_T1","BCMU_ATH_DT","LEFT(BCMU_ATH_DT,8)","1","1","0","0","0","0","0","0","0","6","2023-03-11 23:41:23.892","Common_Team"
"INT_L_B2K_MCURBAL3_1_0_T1","BCMU_ATH_TM","LEFT(BCMU_ATH_TM,6)","1","1","0","0","0","0","0","0","0","7","2023-03-11 23:41:23.892","Common_Team"
"INT_L_B2K_MCURBAL3_1_0_T1","BCMU_ATH_AUTH_NUMBER","LEFT(BCMU_ATH_AUTH_NUMBER,6)","1","1","0","0","0","0","0","0","0","8","2023-03-11 23:41:23.892","Common_Team"
"INT_L_B2K_MCURBAL3_1_0_T1","BCMU_ATH_TRAN_ID","LEFT(BCMU_ATH_TRAN_ID,15)","1","1","0","0","0","0","0","0","0","9","2023-03-11 23:41:23.892","Common_Team"
"INT_L_B2K_MCURBAL3_1_0_T1","BCMU_ATH_CURR_CODE","LEFT(BCMU_ATH_CURR_CODE,3)","1","1","0","0","0","0","0","0","0","10","2023-03-11 23:41:23.892","Common_Team"
"INT_L_B2K_MCURBAL3_1_0_T1","BCMU_ATH_AMT","LEFT(COALESCE(BCMU_ATH_AMT,''),14)","1","1","0","0","0","0","0","0","0","11","2023-03-11 23:41:23.892","Common_Team"
"INT_L_B2K_MCURBAL3_1_0_T1","BCMU_ATH_MULTI_CURR_AMT","LEFT(COALESCE(BCMU_ATH_MULTI_CURR_AMT,''),14)","1","1","0","0","0","0","0","0","0","12","2023-03-11 23:41:23.892","Common_Team"
"INT_L_B2K_MCURBAL3_1_0_T1","BCMU_ATH_POS_IND","LEFT(BCMU_ATH_POS_IND,1)","1","1","0","0","0","0","0","0","0","13","2023-03-11 23:41:23.892","Common_Team"
"INT_L_B2K_MCURBAL3_1_0_T1","BCMU_ATH_FEE_AMT","LEFT(COALESCE(BCMU_ATH_FEE_AMT,''),12)","1","1","0","0","0","0","0","0","0","14","2023-03-11 23:41:23.892","Common_Team"
"INT_L_B2K_MCURBAL3_1_0_T1","BCMU_ATH_MULTI_CURR_FEE_AMT","LEFT(COALESCE(BCMU_ATH_MULTI_CURR_FEE_AMT,''),12)","1","1","0","0","0","0","0","0","0","15","2023-03-11 23:41:23.892","Common_Team"
"INT_L_B2K_MCURBAL3_1_0_T1","BCMU_ATH_MULTI_CURR_FEE_TYPE","LEFT(BCMU_ATH_MULTI_CURR_FEE_TYPE,2)","1","1","0","0","0","0","0","0","0","16","2023-03-11 23:41:23.892","Common_Team"
"INT_L_B2K_MCURBAL3_1_0_T1","BCMU_ATH_STATUS","LEFT(BCMU_ATH_STATUS,1)","1","1","0","0","0","0","0","0","0","17","2023-03-11 23:41:23.892","Common_Team"
"INT_L_B2K_MCURBAL3_1_0_T1","BCMU_ATH_PRE_AUTH_IND","LEFT(BCMU_ATH_PRE_AUTH_IND,1)","1","1","0","0","0","0","0","0","0","18","2023-03-11 23:41:23.892","Common_Team"
"INT_L_B2K_MCURBAL3_1_0_T1","BCMU_ATH_EXTENDED_PROC_IND","LEFT(BCMU_ATH_EXTENDED_PROC_IND,1)","1","1","0","0","0","0","0","0","0","19","2023-03-11 23:41:23.892","Common_Team"
"INT_L_B2K_MCURBAL3_1_0_T1","BCMU_ATH_REV_DT","LEFT(BCMU_ATH_REV_DT,8)","1","1","0","0","0","0","0","0","0","20","2023-03-11 23:41:23.892","Common_Team"
"INT_L_B2K_MCURBAL3_1_0_T1","BCMU_ATH_REV_TM","LEFT(BCMU_ATH_REV_TM,6)","1","1","0","0","0","0","0","0","0","21","2023-03-11 23:41:23.892","Common_Team"
"INT_L_B2K_MCURBAL3_1_0_T1","BCMU_ATH_TRAN_TYPE_IND","LEFT(BCMU_ATH_TRAN_TYPE_IND,2)","1","1","0","0","0","0","0","0","0","22","2023-03-11 23:41:23.892","Common_Team"
"INT_L_B2K_MCURBAL3_1_0_T1","START_DT","","0","1","0","0","0","0","0","0","0","23","2023-03-11 23:41:23.892","hathaipat"
"INT_L_B2K_MCURBAL3_1_0_T1","END_DT","","0","1","0","0","0","0","0","0","0","24","2023-03-11 23:41:23.892","hathaipat"
"INT_L_B2K_MCURBAL3_1_0_T1","RECORD_DELETED_FLAG","","0","1","0","0","0","0","0","0","0","25","2023-03-11 23:41:23.892","hathaipat"
"INT_L_B2K_MCURBAL3_1_0_T1","CTL_ID","","0","1","0","0","0","0","0","0","0","26","2023-03-11 23:41:23.892","hathaipat"
"INT_L_B2K_MCURBAL3_1_0_T1","INS_PROC_NAME","","0","1","0","0","0","0","0","0","0","27","2023-03-11 23:41:23.892","hathaipat"
"INT_L_B2K_MCURBAL3_1_0_T1","INS_TXF_BATCHID","","0","1","0","0","0","0","0","0","0","28","2023-03-11 23:41:23.892","hathaipat"
"INT_L_B2K_MCURBAL3_1_0_T1","UPD_PROC_NAME","","0","1","0","0","0","0","0","0","0","29","2023-03-11 23:41:23.892","hathaipat"
"INT_L_B2K_MCURBAL3_1_0_T1","UPD_TXF_BATCHID","","0","1","0","0","0","0","0","0","0","30","2023-03-11 23:41:23.892","hathaipat"
