"INTERFACE_NAME","COL_NAME","EXPRESSION","EXE_DB","INSERT_FLAG","UPDATE_FLAG","KEY_UPD","UD1","UD2","UD3","UD4","UD5","COL_POSITION","LAST_UPDATE_DATE","LAST_UPDATE_USER"
"INT_L_CFE_EDW_TCS_TXN2","REF_NO","LEFT(REF_NO,16)","1","1","0","0","0","0","0","0","0","2","2023-03-11 23:42:14.929","Common_Team"
"INT_L_CFE_EDW_TCS_TXN2","DENOM","CFE_TCS_TXN2_1_0.DENOM","0","1","0","0","0","0","0","0","0","3","2023-03-11 23:42:14.929","hathaipat"
"INT_L_CFE_EDW_TCS_TXN2","SERIAL_NO1","LEFT(SERIAL_NO1,2)","1","1","0","0","0","0","0","0","0","4","2023-03-11 23:42:14.929","Common_Team"
"INT_L_CFE_EDW_TCS_TXN2","SERIAL_NO2","LEFT(SERIAL_NO2,16)","1","1","0","0","0","0","0","0","0","5","2023-03-11 23:42:14.929","Common_Team"
"INT_L_CFE_EDW_TCS_TXN2","QTY","CFE_TCS_TXN2_1_0.QTY","0","1","0","0","0","0","0","0","0","6","2023-03-11 23:42:14.929","hathaipat"
"INT_L_CFE_EDW_TCS_TXN2","START_DT","","0","1","0","0","0","0","0","0","0","7","2023-03-11 23:42:14.929","hathaipat"
"INT_L_CFE_EDW_TCS_TXN2","END_DT","","0","1","0","0","0","0","0","0","0","8","2023-03-11 23:42:14.929","hathaipat"
"INT_L_CFE_EDW_TCS_TXN2","RECORD_DELETED_FLAG","","0","1","0","0","0","0","0","0","0","9","2023-03-11 23:42:14.929","hathaipat"
"INT_L_CFE_EDW_TCS_TXN2","CTL_ID","","0","1","0","0","0","0","0","0","0","10","2023-03-11 23:42:14.929","hathaipat"
"INT_L_CFE_EDW_TCS_TXN2","INS_PROC_NAME","","0","1","0","0","0","0","0","0","0","11","2023-03-11 23:42:14.929","hathaipat"
"INT_L_CFE_EDW_TCS_TXN2","INS_TXF_BATCHID","","0","1","0","0","0","0","0","0","0","12","2023-03-11 23:42:14.929","hathaipat"
"INT_L_CFE_EDW_TCS_TXN2","UPD_PROC_NAME","","0","1","0","0","0","0","0","0","0","13","2023-03-11 23:42:14.929","hathaipat"
"INT_L_CFE_EDW_TCS_TXN2","UPD_TXF_BATCHID","","0","1","0","0","0","0","0","0","0","14","2023-03-11 23:42:14.929","hathaipat"
