"INTERFACE_NAME","COL_NAME","EXPRESSION","EXE_DB","INSERT_FLAG","UPDATE_FLAG","KEY_UPD","UD1","UD2","UD3","UD4","UD5","COL_POSITION","LAST_UPDATE_DATE","LAST_UPDATE_USER"
"INT_L_AM_AMMSIS01_1_0","AMDWHHD_HDR_CTL1","LEFT(AMDWHHD_HDR_CTL1,2)","1","1","0","0","0","0","0","0","1","1","2023-03-12 02:07:02.617","Common_Team"
"INT_L_AM_AMMSIS01_1_0","AMDWHHD_HDR_CTL2","LEFT(AMDWHHD_HDR_CTL2,3)","1","1","0","0","0","0","0","0","0","2","2023-03-12 02:07:02.617","Common_Team"
"INT_L_AM_AMMSIS01_1_0","AMDWHHD_HDR_CTL3","LEFT(AMDWHHD_HDR_CTL3,3)","1","1","0","0","0","0","0","0","0","3","2023-03-12 02:07:02.617","Common_Team"
"INT_L_AM_AMMSIS01_1_0","AMDWHHD_HDR_CTL4","LEFT(AMDWHHD_HDR_CTL4,4)","1","1","0","0","0","0","0","0","0","4","2023-03-12 02:07:02.617","Common_Team"
"INT_L_AM_AMMSIS01_1_0","AMDWHHD_HDR_ACCT_NUM","LEFT(AMDWHHD_HDR_ACCT_NUM,14)","1","1","0","0","0","0","0","0","1","5","2023-03-12 02:07:02.617","Common_Team"
"INT_L_AM_AMMSIS01_1_0","AMDWHHD_HDR_SCB_ACCT_NUM","LEFT(AMDWHHD_HDR_SCB_ACCT_NUM,11)","1","1","0","0","0","0","0","0","0","6","2023-03-12 02:07:02.617","Common_Team"
"INT_L_AM_AMMSIS01_1_0","AMDWHHD_HDR_DOCUMENT_NUM","LEFT(AMDWHHD_HDR_DOCUMENT_NUM,15)","1","1","0","0","0","0","0","0","0","7","2023-03-12 02:07:02.617","Common_Team"
"INT_L_AM_AMMSIS01_1_0","AMDWHHD_NUM_ARRAY_MEMBERS","LEFT(AMDWHHD_NUM_ARRAY_MEMBERS,2)","1","1","0","0","0","0","0","0","0","8","2023-03-12 02:07:02.617","Common_Team"
"INT_L_AM_AMMSIS01_1_0","AMDWHHD_HDR_PROC_TYPE","LEFT(AMDWHHD_HDR_PROC_TYPE,2)","1","1","0","0","0","0","0","0","0","9","2023-03-12 02:07:02.617","Common_Team"
"INT_L_AM_AMMSIS01_1_0","AMDWHHD_HDR_ACCT_PROD","LEFT(AMDWHHD_HDR_ACCT_PROD,4)","1","1","0","0","0","0","0","0","0","10","2023-03-12 02:07:02.617","Common_Team"
"INT_L_AM_AMMSIS01_1_0","AMDWHHD_HDR_LAYOUT_TYPE","LEFT(AMDWHHD_HDR_LAYOUT_TYPE,8)","1","1","0","0","0","0","0","0","0","11","2023-03-12 02:07:02.617","Common_Team"
"INT_L_AM_AMMSIS01_1_0","AMDWHHD_HD_EXTRACT_DATE","LEFT(AMDWHHD_HD_EXTRACT_DATE,8)","1","1","0","0","0","0","0","0","0","12","2023-03-12 02:07:02.617","Common_Team"
"INT_L_AM_AMMSIS01_1_0","AMMSIS01_TR_LNGTH","AM_AMMSIS01_1_0.AMMSIS01_TR_LNGTH","0","1","0","0","0","0","0","0","0","13","2023-03-12 02:07:02.617","worada"
"INT_L_AM_AMMSIS01_1_0","AMMSIS01_IS_TYPE","LEFT(AMMSIS01_IS_TYPE,3)","1","1","0","0","0","0","0","0","1","14","2023-03-12 02:07:02.617","Common_Team"
"INT_L_AM_AMMSIS01_1_0","AMMSIS01_IS_CD","LEFT(AMMSIS01_IS_CD,2)","1","1","0","0","0","0","0","0","1","15","2023-03-12 02:07:02.617","Common_Team"
"INT_L_AM_AMMSIS01_1_0","AMMSIS01_IS_END_DATE","LEFT(AMMSIS01_IS_END_DATE,8)","1","1","0","0","0","0","0","0","0","16","2023-03-12 02:07:02.617","Common_Team"
"INT_L_AM_AMMSIS01_1_0","AMMSIS01_IS_TERM","LEFT(AMMSIS01_IS_TERM,3)","1","1","0","0","0","0","0","0","0","17","2023-03-12 02:07:02.617","Common_Team"
"INT_L_AM_AMMSIS01_1_0","AMMSIS01_IS_COVER_AMT","AM_AMMSIS01_1_0.AMMSIS01_IS_COVER_AMT","0","1","0","0","0","0","0","0","0","18","2023-03-12 02:07:02.617","worada"
"INT_L_AM_AMMSIS01_1_0","AMMSIS01_IS_MIN_COVER_AMT","AM_AMMSIS01_1_0.AMMSIS01_IS_MIN_COVER_AMT","0","1","0","0","0","0","0","0","0","19","2023-03-12 02:07:02.617","worada"
"INT_L_AM_AMMSIS01_1_0","AMMSIS01_IS_PREM_AMT","AM_AMMSIS01_1_0.AMMSIS01_IS_PREM_AMT","0","1","0","0","0","0","0","0","0","20","2023-03-12 02:07:02.617","worada"
"INT_L_AM_AMMSIS01_1_0","AMMSIS01_IS_PREM_TYPE","LEFT(AMMSIS01_IS_PREM_TYPE,1)","1","1","0","0","0","0","0","0","0","21","2023-03-12 02:07:02.617","Common_Team"
"INT_L_AM_AMMSIS01_1_0","AMMSIS01_IS_PREM_ORIG_RATE","AM_AMMSIS01_1_0.AMMSIS01_IS_PREM_ORIG_RATE","0","1","0","0","0","0","0","0","0","22","2023-03-12 02:07:02.617","worada"
"INT_L_AM_AMMSIS01_1_0","AMMSIS01_IS_FC_AMT","AM_AMMSIS01_1_0.AMMSIS01_IS_FC_AMT","0","1","0","0","0","0","0","0","0","23","2023-03-12 02:07:02.617","worada"
"INT_L_AM_AMMSIS01_1_0","AMMSIS01_IS_FC_CALC_RATE","AM_AMMSIS01_1_0.AMMSIS01_IS_FC_CALC_RATE","0","1","0","0","0","0","0","0","0","24","2023-03-12 02:07:02.617","worada"
"INT_L_AM_AMMSIS01_1_0","AMMSIS01_IS_FC_CALC_CD","LEFT(AMMSIS01_IS_FC_CALC_CD,1)","1","1","0","0","0","0","0","0","0","25","2023-03-12 02:07:02.617","Common_Team"
"INT_L_AM_AMMSIS01_1_0","AMMSIS01_IS_COMP_ID","LEFT(AMMSIS01_IS_COMP_ID,4)","1","1","0","0","0","0","0","0","0","26","2023-03-12 02:07:02.617","Common_Team"
"INT_L_AM_AMMSIS01_1_0","AMMSIS01_IS_POLICY_NUM","LEFT(AMMSIS01_IS_POLICY_NUM,20)","1","1","0","0","0","0","0","0","1","27","2023-03-12 02:07:02.617","Common_Team"
"INT_L_AM_AMMSIS01_1_0","AMMSIS01_IS_AGENT_NAME","LEFT(AMMSIS01_IS_AGENT_NAME,10)","1","1","0","0","0","0","0","0","0","28","2023-03-12 02:07:02.617","Common_Team"
"INT_L_AM_AMMSIS01_1_0","AMMSIS01_IS_START_DATE","LEFT(AMMSIS01_IS_START_DATE,8)","1","1","0","0","0","0","0","0","0","29","2023-03-12 02:07:02.617","Common_Team"
"INT_L_AM_AMMSIS01_1_0","AMMSIS01_IS_PLACE_DATE","LEFT(AMMSIS01_IS_PLACE_DATE,8)","1","1","0","0","0","0","0","0","0","30","2023-03-12 02:07:02.617","Common_Team"
"INT_L_AM_AMMSIS01_1_0","AMMSIS01_IS_CAN_DATE","LEFT(AMMSIS01_IS_CAN_DATE,8)","1","1","0","0","0","0","0","0","0","31","2023-03-12 02:07:02.617","Common_Team"
"INT_L_AM_AMMSIS01_1_0","AMMSIS01_IS_POLICY_ON_FILE","LEFT(AMMSIS01_IS_POLICY_ON_FILE,1)","1","1","0","0","0","0","0","0","0","32","2023-03-12 02:07:02.617","Common_Team"
"INT_L_AM_AMMSIS01_1_0","AMMSIS01_IS_EXP_NTC_CD","LEFT(AMMSIS01_IS_EXP_NTC_CD,1)","1","1","0","0","0","0","0","0","0","33","2023-03-12 02:07:02.617","Common_Team"
"INT_L_AM_AMMSIS01_1_0","AMMSIS01_IS_CAN_NTC_CD","LEFT(AMMSIS01_IS_CAN_NTC_CD,1)","1","1","0","0","0","0","0","0","0","34","2023-03-12 02:07:02.617","Common_Team"
"INT_L_AM_AMMSIS01_1_0","AMMSIS01_IS_PLACE_NTC_IND","LEFT(AMMSIS01_IS_PLACE_NTC_IND,1)","1","1","0","0","0","0","0","0","0","35","2023-03-12 02:07:02.617","Common_Team"
"INT_L_AM_AMMSIS01_1_0","AMMSIS01_IS_SEP_BAL_IND","LEFT(AMMSIS01_IS_SEP_BAL_IND,1)","1","1","0","0","0","0","0","0","0","36","2023-03-12 02:07:02.617","Common_Team"
"INT_L_AM_AMMSIS01_1_0","AMMSIS01_IS_SEP_BILL_CD","LEFT(AMMSIS01_IS_SEP_BILL_CD,1)","1","1","0","0","0","0","0","0","0","37","2023-03-12 02:07:02.617","Common_Team"
"INT_L_AM_AMMSIS01_1_0","AMMSIS01_IS_PMT_CHG_CD","LEFT(AMMSIS01_IS_PMT_CHG_CD,1)","1","1","0","0","0","0","0","0","0","38","2023-03-12 02:07:02.617","Common_Team"
"INT_L_AM_AMMSIS01_1_0","AMMSIS01_IS_PREM_FIN_CD","LEFT(AMMSIS01_IS_PREM_FIN_CD,1)","1","1","0","0","0","0","0","0","0","39","2023-03-12 02:07:02.617","Common_Team"
"INT_L_AM_AMMSIS01_1_0","AMMSIS01_IS_PREM_INCL_YLD_IND","LEFT(AMMSIS01_IS_PREM_INCL_YLD_IND,1)","1","1","0","0","0","0","0","0","0","40","2023-03-12 02:07:02.617","Common_Team"
"INT_L_AM_AMMSIS01_1_0","AMMSIS01_IS_PREM_ACCR_PLAN","LEFT(AMMSIS01_IS_PREM_ACCR_PLAN,6)","1","1","0","0","0","0","0","0","0","41","2023-03-12 02:07:02.617","Common_Team"
"INT_L_AM_AMMSIS01_1_0","AMMSIS01_IS_PREM_ACCR_ID","LEFT(AMMSIS01_IS_PREM_ACCR_ID,5)","1","1","0","0","0","0","0","0","0","42","2023-03-12 02:07:02.617","Common_Team"
"INT_L_AM_AMMSIS01_1_0","AMMSIS01_IS_PREM_BAL_PLAN","LEFT(AMMSIS01_IS_PREM_BAL_PLAN,6)","1","1","0","0","0","0","0","0","0","43","2023-03-12 02:07:02.617","Common_Team"
"INT_L_AM_AMMSIS01_1_0","AMMSIS01_IS_PREM_BAL_ID","LEFT(AMMSIS01_IS_PREM_BAL_ID,5)","1","1","0","0","0","0","0","0","0","44","2023-03-12 02:07:02.617","Common_Team"
"INT_L_AM_AMMSIS01_1_0","AMMSIS01_IS_FC_ACCR_PLAN","LEFT(AMMSIS01_IS_FC_ACCR_PLAN,6)","1","1","0","0","0","0","0","0","0","45","2023-03-12 02:07:02.617","Common_Team"
"INT_L_AM_AMMSIS01_1_0","AMMSIS01_IS_FC_ACCR_ID","LEFT(AMMSIS01_IS_FC_ACCR_ID,5)","1","1","0","0","0","0","0","0","0","46","2023-03-12 02:07:02.617","Common_Team"
"INT_L_AM_AMMSIS01_1_0","AMMSIS01_IS_BILL_DEFN_PLAN","LEFT(AMMSIS01_IS_BILL_DEFN_PLAN,6)","1","1","0","0","0","0","0","0","0","47","2023-03-12 02:07:02.617","Common_Team"
"INT_L_AM_AMMSIS01_1_0","AMMSIS01_IS_BILL_DEFN_ID","LEFT(AMMSIS01_IS_BILL_DEFN_ID,3)","1","1","0","0","0","0","0","0","0","48","2023-03-12 02:07:02.617","Common_Team"
"INT_L_AM_AMMSIS01_1_0","AMMSIS01_IS_REPMT_SCHED_PLAN","LEFT(AMMSIS01_IS_REPMT_SCHED_PLAN,6)","1","1","0","0","0","0","0","0","0","49","2023-03-12 02:07:02.617","Common_Team"
"INT_L_AM_AMMSIS01_1_0","AMMSIS01_IS_PMT_CHG_AMT","AM_AMMSIS01_1_0.AMMSIS01_IS_PMT_CHG_AMT","0","1","0","0","0","0","0","0","0","50","2023-03-12 02:07:02.617","worada"
"INT_L_AM_AMMSIS01_1_0","AMMSIS01_IS_ID","LEFT(AMMSIS01_IS_ID,1)","1","1","0","0","0","0","0","0","0","51","2023-03-12 02:07:02.617","Common_Team"
"INT_L_AM_AMMSIS01_1_0","AMMSIS01_IS_RPT_TYPE","LEFT(AMMSIS01_IS_RPT_TYPE,2)","1","1","0","0","0","0","0","0","0","52","2023-03-12 02:07:02.617","Common_Team"
"INT_L_AM_AMMSIS01_1_0","AMMSIS01_IS_AUTO_CAN_IND","LEFT(AMMSIS01_IS_AUTO_CAN_IND,1)","1","1","0","0","0","0","0","0","0","53","2023-03-12 02:07:02.617","Common_Team"
"INT_L_AM_AMMSIS01_1_0","AMMSIS01_IS_AUTO_CAN_DATE","LEFT(AMMSIS01_IS_AUTO_CAN_DATE,8)","1","1","0","0","0","0","0","0","0","54","2023-03-12 02:07:02.617","Common_Team"
"INT_L_AM_AMMSIS01_1_0","AMMSIS01_IS_FC_ACCR_START_DATE","LEFT(AMMSIS01_IS_FC_ACCR_START_DATE,8)","1","1","0","0","0","0","0","0","0","55","2023-03-12 02:07:02.617","Common_Team"
"INT_L_AM_AMMSIS01_1_0","AMMSIS01_IS_CAN_REAS","LEFT(AMMSIS01_IS_CAN_REAS,2)","1","1","0","0","0","0","0","0","0","56","2023-03-12 02:07:02.617","Common_Team"
"INT_L_AM_AMMSIS01_1_0","AMMSIS01_IS_SYS_PLC_DATE","LEFT(AMMSIS01_IS_SYS_PLC_DATE,8)","1","1","0","0","0","0","0","0","0","57","2023-03-12 02:07:02.617","Common_Team"
"INT_L_AM_AMMSIS01_1_0","AMMSIS01_IS_SYS_CAN_DATE","LEFT(AMMSIS01_IS_SYS_CAN_DATE,8)","1","1","0","0","0","0","0","0","0","58","2023-03-12 02:07:02.617","Common_Team"
"INT_L_AM_AMMSIS01_1_0","AMMSIS01_IS_PREM_REFUNDED","AM_AMMSIS01_1_0.AMMSIS01_IS_PREM_REFUNDED","0","1","0","0","0","0","0","0","0","59","2023-03-12 02:07:02.617","worada"
"INT_L_AM_AMMSIS01_1_0","AMMSIS01_IS_LST_RPT_DATE","LEFT(AMMSIS01_IS_LST_RPT_DATE,8)","1","1","0","0","0","0","0","0","0","60","2023-03-12 02:07:02.617","Common_Team"
"INT_L_AM_AMMSIS01_1_0","AMMSIS01_IS_COVERAGE_CD","LEFT(AMMSIS01_IS_COVERAGE_CD,2)","1","1","0","0","0","0","0","0","0","61","2023-03-12 02:07:02.617","Common_Team"
"INT_L_AM_AMMSIS01_1_0","AMMSIS01_CF_CTL1","LEFT(AMMSIS01_CF_CTL1,2)","1","1","0","0","0","0","0","0","0","62","2023-03-12 02:07:02.617","Common_Team"
"INT_L_AM_AMMSIS01_1_0","AMMSIS01_CF_CTL2","LEFT(AMMSIS01_CF_CTL2,3)","1","1","0","0","0","0","0","0","0","63","2023-03-12 02:07:02.617","Common_Team"
"INT_L_AM_AMMSIS01_1_0","AMMSIS01_CF_CTL3","LEFT(AMMSIS01_CF_CTL3,3)","1","1","0","0","0","0","0","0","0","64","2023-03-12 02:07:02.617","Common_Team"
"INT_L_AM_AMMSIS01_1_0","AMMSIS01_CF_CTL4","LEFT(AMMSIS01_CF_CTL4,4)","1","1","0","0","0","0","0","0","0","65","2023-03-12 02:07:02.617","Common_Team"
"INT_L_AM_AMMSIS01_1_0","AMMSIS01_CF_CUST_NUM","LEFT(AMMSIS01_CF_CUST_NUM,14)","1","1","0","0","0","0","0","0","0","66","2023-03-12 02:07:02.617","Common_Team"
"INT_L_AM_AMMSIS01_1_0","AMMSIS01_CF_ADDR_NUM","LEFT(AMMSIS01_CF_ADDR_NUM,3)","1","1","0","0","0","0","0","0","0","67","2023-03-12 02:07:02.617","Common_Team"
"INT_L_AM_AMMSIS01_1_0","AMMSIS01_WK_TSD_RESERVED","LEFT(AMMSIS01_WK_TSD_RESERVED,10)","1","1","0","0","0","0","0","0","0","68","2023-03-12 02:07:02.617","Common_Team"
"INT_L_AM_AMMSIS01_1_0","AMMSIS01_WK_USER_AREA","LEFT(AMMSIS01_WK_USER_AREA,10)","1","1","0","0","0","0","0","0","0","69","2023-03-12 02:07:02.617","Common_Team"
"INT_L_AM_AMMSIS01_1_0","AMMSIS01_IS_MAX_ISSUE_AGE","LEFT(AMMSIS01_IS_MAX_ISSUE_AGE,3)","1","1","0","0","0","0","0","0","0","70","2023-03-12 02:07:02.617","Common_Team"
"INT_L_AM_AMMSIS01_1_0","AMMSIS01_IS_MAX_LOAN_AMT","AM_AMMSIS01_1_0.AMMSIS01_IS_MAX_LOAN_AMT","0","1","0","0","0","0","0","0","0","71","2023-03-12 02:07:02.617","worada"
"INT_L_AM_AMMSIS01_1_0","AMMSIS01_IS_MAX_LOAN_TERM","LEFT(AMMSIS01_IS_MAX_LOAN_TERM,3)","1","1","0","0","0","0","0","0","0","72","2023-03-12 02:07:02.617","Common_Team"
"INT_L_AM_AMMSIS01_1_0","AMMSIS01_IS_MAX_MTH_BENFIT","AM_AMMSIS01_1_0.AMMSIS01_IS_MAX_MTH_BENFIT","0","1","0","0","0","0","0","0","0","73","2023-03-12 02:07:02.617","worada"
"INT_L_AM_AMMSIS01_1_0","AMMSIS01_IS_USER_DATE1","LEFT(AMMSIS01_IS_USER_DATE1,8)","1","1","0","0","0","0","0","0","0","74","2023-03-12 02:07:02.617","Common_Team"
"INT_L_AM_AMMSIS01_1_0","AMMSIS01_IS_USER_DATE2","LEFT(AMMSIS01_IS_USER_DATE2,8)","1","1","0","0","0","0","0","0","0","75","2023-03-12 02:07:02.617","Common_Team"
"INT_L_AM_AMMSIS01_1_0","AMMSIS01_IS_USER_DATE3","LEFT(AMMSIS01_IS_USER_DATE3,8)","1","1","0","0","0","0","0","0","0","76","2023-03-12 02:07:02.617","Common_Team"
"INT_L_AM_AMMSIS01_1_0","AMMSIS01_IS_USER_CODE1","LEFT(AMMSIS01_IS_USER_CODE1,5)","1","1","0","0","0","0","0","0","0","77","2023-03-12 02:07:02.617","Common_Team"
"INT_L_AM_AMMSIS01_1_0","AMMSIS01_IS_USER_CODE2","LEFT(AMMSIS01_IS_USER_CODE2,5)","1","1","0","0","0","0","0","0","0","78","2023-03-12 02:07:02.617","Common_Team"
"INT_L_AM_AMMSIS01_1_0","AMMSIS01_IS_USER_CODE3","LEFT(AMMSIS01_IS_USER_CODE3,5)","1","1","0","0","0","0","0","0","0","79","2023-03-12 02:07:02.617","Common_Team"
"INT_L_AM_AMMSIS01_1_0","AMMSIS01_IS_USER_DESC1","LEFT(AMMSIS01_IS_USER_DESC1,15)","1","1","0","0","0","0","0","0","0","80","2023-03-12 02:07:02.617","Common_Team"
"INT_L_AM_AMMSIS01_1_0","AMMSIS01_IS_USER_DESC2","LEFT(AMMSIS01_IS_USER_DESC2,15)","1","1","0","0","0","0","0","0","0","81","2023-03-12 02:07:02.617","Common_Team"
"INT_L_AM_AMMSIS01_1_0","AMMSIS01_IS_USER_DESC3","LEFT(AMMSIS01_IS_USER_DESC3,15)","1","1","0","0","0","0","0","0","0","82","2023-03-12 02:07:02.617","Common_Team"
"INT_L_AM_AMMSIS01_1_0","AMMSIS01_IS_USER_DESC4","LEFT(AMMSIS01_IS_USER_DESC4,15)","1","1","0","0","0","0","0","0","0","83","2023-03-12 02:07:02.617","Common_Team"
"INT_L_AM_AMMSIS01_1_0","START_DT","","0","1","0","0","0","0","0","0","0","84","2023-03-12 02:07:02.617","worada"
"INT_L_AM_AMMSIS01_1_0","END_DT","","0","1","0","0","0","0","0","0","0","85","2023-03-12 02:07:02.617","worada"
"INT_L_AM_AMMSIS01_1_0","RECORD_DELETED_FLAG","","0","1","0","0","0","0","0","0","0","86","2023-03-12 02:07:02.617","worada"
"INT_L_AM_AMMSIS01_1_0","CTL_ID","","0","1","0","0","0","0","0","0","0","87","2023-03-12 02:07:02.617","worada"
"INT_L_AM_AMMSIS01_1_0","INS_PROC_NAME","","0","1","0","0","0","0","0","0","0","88","2023-03-12 02:07:02.617","worada"
"INT_L_AM_AMMSIS01_1_0","INS_TXF_BATCHID","","0","1","0","0","0","0","0","0","0","89","2023-03-12 02:07:02.617","worada"
"INT_L_AM_AMMSIS01_1_0","UPD_PROC_NAME","","0","1","0","0","0","0","0","0","0","90","2023-03-12 02:07:02.617","worada"
"INT_L_AM_AMMSIS01_1_0","UPD_TXF_BATCHID","","0","1","0","0","0","0","0","0","0","91","2023-03-12 02:07:02.617","worada"
