"INTERFACE_NAME","COL_NAME","EXPRESSION","EXE_DB","INSERT_FLAG","UPDATE_FLAG","KEY_UPD","UD1","UD2","UD3","UD4","UD5","COL_POSITION","LAST_UPDATE_DATE","LAST_UPDATE_USER"
"INT_L_AM_AMMSCO01_1_0","AMDWHHD_HDR_CTL1","LEFT(AMDWHHD_HDR_CTL1,2)","1","1","0","0","0","0","0","0","0","1","2023-03-12 03:22:09.292","Common_Team"
"INT_L_AM_AMMSCO01_1_0","AMDWHHD_HDR_CTL2","LEFT(AMDWHHD_HDR_CTL2,3)","1","1","0","0","0","0","0","0","0","2","2023-03-12 03:22:09.292","Common_Team"
"INT_L_AM_AMMSCO01_1_0","AMDWHHD_HDR_CTL3","LEFT(AMDWHHD_HDR_CTL3,3)","1","1","0","0","0","0","0","0","0","3","2023-03-12 03:22:09.292","Common_Team"
"INT_L_AM_AMMSCO01_1_0","AMDWHHD_HDR_CTL4","LEFT(AMDWHHD_HDR_CTL4,4)","1","1","0","0","0","0","0","0","0","4","2023-03-12 03:22:09.292","Common_Team"
"INT_L_AM_AMMSCO01_1_0","AMDWHHD_HDR_ACCT_NUM","LEFT(AMDWHHD_HDR_ACCT_NUM,14)","1","1","0","0","0","0","0","0","0","5","2023-03-12 03:22:09.292","Common_Team"
"INT_L_AM_AMMSCO01_1_0","AMDWHHD_HDR_SCB_ACCT_NUM","LEFT(AMDWHHD_HDR_SCB_ACCT_NUM,11)","1","1","0","0","0","0","0","0","0","6","2023-03-12 03:22:09.292","Common_Team"
"INT_L_AM_AMMSCO01_1_0","AMDWHHD_HDR_DOCUMENT_NUM","LEFT(AMDWHHD_HDR_DOCUMENT_NUM,15)","1","1","0","0","0","0","0","0","0","7","2023-03-12 03:22:09.292","Common_Team"
"INT_L_AM_AMMSCO01_1_0","AMDWHHD_NUM_ARRAY_MEMBERS","LEFT(AMDWHHD_NUM_ARRAY_MEMBERS,2)","1","1","0","0","0","0","0","0","0","8","2023-03-12 03:22:09.292","Common_Team"
"INT_L_AM_AMMSCO01_1_0","AMDWHHD_HDR_PROC_TYPE","LEFT(AMDWHHD_HDR_PROC_TYPE,2)","1","1","0","0","0","0","0","0","0","9","2023-03-12 03:22:09.292","Common_Team"
"INT_L_AM_AMMSCO01_1_0","AMDWHHD_HDR_ACCT_PROD","LEFT(AMDWHHD_HDR_ACCT_PROD,4)","1","1","0","0","0","0","0","0","0","10","2023-03-12 03:22:09.292","Common_Team"
"INT_L_AM_AMMSCO01_1_0","AMDWHHD_HDR_LAYOUT_TYPE","LEFT(AMDWHHD_HDR_LAYOUT_TYPE,8)","1","1","0","0","0","0","0","0","0","11","2023-03-12 03:22:09.292","Common_Team"
"INT_L_AM_AMMSCO01_1_0","AMDWHHD_HD_EXTRACT_DATE","LEFT(AMDWHHD_HD_EXTRACT_DATE,8)","1","1","0","0","0","0","0","0","0","12","2023-03-12 03:22:09.292","Common_Team"
"INT_L_AM_AMMSCO01_1_0","AMMSCO01_CO_ITEM_NO","LEFT(AMMSCO01_CO_ITEM_NO,7)","1","1","0","0","0","0","0","0","0","13","2023-03-12 03:22:09.292","Common_Team"
"INT_L_AM_AMMSCO01_1_0","AMMSCO01_CO_TYPE","LEFT(AMMSCO01_CO_TYPE,3)","1","1","0","0","0","0","0","0","0","14","2023-03-12 03:22:09.292","Common_Team"
"INT_L_AM_AMMSCO01_1_0","AMMSCO01_CO_SHORT_DESC","LEFT(AMMSCO01_CO_SHORT_DESC,20)","1","1","0","0","0","0","0","0","0","15","2023-03-12 03:22:09.292","Common_Team"
"INT_L_AM_AMMSCO01_1_0","AMMSCO01_CO_RESP_OFFICER","LEFT(AMMSCO01_CO_RESP_OFFICER,5)","1","1","0","0","0","0","0","0","0","16","2023-03-12 03:22:09.292","Common_Team"
"INT_L_AM_AMMSCO01_1_0","AMMSCO01_CO_LOC_HELD","LEFT(AMMSCO01_CO_LOC_HELD,3)","1","1","0","0","0","0","0","0","0","17","2023-03-12 03:22:09.292","Common_Team"
"INT_L_AM_AMMSCO01_1_0","AMMSCO01_CO_PIECES","LEFT(AMMSCO01_CO_PIECES,9)","1","1","0","0","0","0","0","0","0","18","2023-03-12 03:22:09.292","Common_Team"
"INT_L_AM_AMMSCO01_1_0","AMMSCO01_CO_UNITS","LEFT(AMMSCO01_CO_UNITS,9)","1","1","0","0","0","0","0","0","0","19","2023-03-12 03:22:09.292","Common_Team"
"INT_L_AM_AMMSCO01_1_0","AMMSCO01_CO_UNIT_PRICE","AM_AMMSCO01_1_0.AMMSCO01_CO_UNIT_PRICE","0","1","0","0","0","0","0","0","0","20","2023-03-12 03:22:09.292","worada"
"INT_L_AM_AMMSCO01_1_0","AMMSCO01_CO_MARGIN","AM_AMMSCO01_1_0.AMMSCO01_CO_MARGIN","0","1","0","0","0","0","0","0","0","21","2023-03-12 03:22:09.292","worada"
"INT_L_AM_AMMSCO01_1_0","AMMSCO01_CO_CURR_VAL","AM_AMMSCO01_1_0.AMMSCO01_CO_CURR_VAL","0","1","0","0","0","0","0","0","0","22","2023-03-12 03:22:09.292","worada"
"INT_L_AM_AMMSCO01_1_0","AMMSCO01_CO_MARGIN_VAL","AM_AMMSCO01_1_0.AMMSCO01_CO_MARGIN_VAL","0","1","0","0","0","0","0","0","0","23","2023-03-12 03:22:09.292","worada"
"INT_L_AM_AMMSCO01_1_0","AMMSCO01_CO_PRIORITY_VAL","AM_AMMSCO01_1_0.AMMSCO01_CO_PRIORITY_VAL","0","1","0","0","0","0","0","0","0","24","2023-03-12 03:22:09.292","worada"
"INT_L_AM_AMMSCO01_1_0","AMMSCO01_CO_ORIG_VAL","AM_AMMSCO01_1_0.AMMSCO01_CO_ORIG_VAL","0","1","0","0","0","0","0","0","0","25","2023-03-12 03:22:09.292","worada"
"INT_L_AM_AMMSCO01_1_0","AMMSCO01_CO_LST_VAL_DATE","LEFT(AMMSCO01_CO_LST_VAL_DATE,8)","1","1","0","0","0","0","0","0","0","26","2023-03-12 03:22:09.292","Common_Team"
"INT_L_AM_AMMSCO01_1_0","AMMSCO01_CO_REF_NUM","LEFT(AMMSCO01_CO_REF_NUM,20)","1","1","0","0","0","0","0","0","0","27","2023-03-12 03:22:09.292","Common_Team"
"INT_L_AM_AMMSCO01_1_0","AMMSCO01_CO_CUSIP_NUM","LEFT(AMMSCO01_CO_CUSIP_NUM,9)","1","1","0","0","0","0","0","0","0","28","2023-03-12 03:22:09.292","Common_Team"
"INT_L_AM_AMMSCO01_1_0","AMMSCO01_CO_ISIN","LEFT(AMMSCO01_CO_ISIN,12)","1","1","0","0","0","0","0","0","0","29","2023-03-12 03:22:09.292","Common_Team"
"INT_L_AM_AMMSCO01_1_0","AMMSCO01_CO_REPR_NUM","LEFT(AMMSCO01_CO_REPR_NUM,12)","1","1","0","0","0","0","0","0","0","30","2023-03-12 03:22:09.292","Common_Team"
"INT_L_AM_AMMSCO01_1_0","AMMSCO01_CO_NXT_REPR_DATE","LEFT(AMMSCO01_CO_NXT_REPR_DATE,8)","1","1","0","0","0","0","0","0","0","31","2023-03-12 03:22:09.292","Common_Team"
"INT_L_AM_AMMSCO01_1_0","AMMSCO01_CO_REPR_FREQ","LEFT(AMMSCO01_CO_REPR_FREQ,1)","1","1","0","0","0","0","0","0","0","32","2023-03-12 03:22:09.292","Common_Team"
"INT_L_AM_AMMSCO01_1_0","AMMSCO01_CO_REPR_DATE_INCR","LEFT(AMMSCO01_CO_REPR_DATE_INCR,3)","1","1","0","0","0","0","0","0","0","33","2023-03-12 03:22:09.292","Common_Team"
"INT_L_AM_AMMSCO01_1_0","AMMSCO01_CO_REC_CD","LEFT(AMMSCO01_CO_REC_CD,1)","1","1","0","0","0","0","0","0","0","34","2023-03-12 03:22:09.292","Common_Team"
"INT_L_AM_AMMSCO01_1_0","AMMSCO01_CO_INDX_CD","LEFT(AMMSCO01_CO_INDX_CD,1)","1","1","0","0","0","0","0","0","0","35","2023-03-12 03:22:09.292","Common_Team"
"INT_L_AM_AMMSCO01_1_0","AMMSCO01_CO_INS_REC_CD","LEFT(AMMSCO01_CO_INS_REC_CD,1)","1","1","0","0","0","0","0","0","0","36","2023-03-12 03:22:09.292","Common_Team"
"INT_L_AM_AMMSCO01_1_0","AMMSCO01_CO_INS_TYPE","LEFT(AMMSCO01_CO_INS_TYPE,1)","1","1","0","0","0","0","0","0","0","37","2023-03-12 03:22:09.292","Common_Team"
"INT_L_AM_AMMSCO01_1_0","AMMSCO01_CO_INS_EXP_DATE","LEFT(AMMSCO01_CO_INS_EXP_DATE,8)","1","1","0","0","0","0","0","0","0","38","2023-03-12 03:22:09.292","Common_Team"
"INT_L_AM_AMMSCO01_1_0","AMMSCO01_CO_EXP_NTC_CD","LEFT(AMMSCO01_CO_EXP_NTC_CD,1)","1","1","0","0","0","0","0","0","0","39","2023-03-12 03:22:09.292","Common_Team"
"INT_L_AM_AMMSCO01_1_0","AMMSCO01_CO_EXP_NTC_DAYS","LEFT(AMMSCO01_CO_EXP_NTC_DAYS,3)","1","1","0","0","0","0","0","0","0","40","2023-03-12 03:22:09.292","Common_Team"
"INT_L_AM_AMMSCO01_1_0","AMMSCO01_CO_INS_INDX_CD","LEFT(AMMSCO01_CO_INS_INDX_CD,1)","1","1","0","0","0","0","0","0","0","41","2023-03-12 03:22:09.292","Common_Team"
"INT_L_AM_AMMSCO01_1_0","AMMSCO01_CO_DESC1","LEFT(AMMSCO01_CO_DESC1,60)","1","1","0","0","0","0","0","0","0","42","2023-03-12 03:22:09.292","Common_Team"
"INT_L_AM_AMMSCO01_1_0","AMMSCO01_CO_MAKE","LEFT(AMMSCO01_CO_MAKE,15)","1","1","0","0","0","0","0","0","0","43","2023-03-12 03:22:09.292","Common_Team"
"INT_L_AM_AMMSCO01_1_0","AMMSCO01_CO_MODEL","LEFT(AMMSCO01_CO_MODEL,15)","1","1","0","0","0","0","0","0","0","44","2023-03-12 03:22:09.292","Common_Team"
"INT_L_AM_AMMSCO01_1_0","AMMSCO01_CO_YEAR","LEFT(AMMSCO01_CO_YEAR,4)","1","1","0","0","0","0","0","0","0","45","2023-03-12 03:22:09.292","Common_Team"
"INT_L_AM_AMMSCO01_1_0","AMMSCO01_CO_LIEN_REL_DAYS","LEFT(AMMSCO01_CO_LIEN_REL_DAYS,3)","1","1","0","0","0","0","0","0","0","46","2023-03-12 03:22:09.292","Common_Team"
"INT_L_AM_AMMSCO01_1_0","AMMSCO01_CO_PRI_COLLAT_IND","LEFT(AMMSCO01_CO_PRI_COLLAT_IND,1)","1","1","0","0","0","0","0","0","0","47","2023-03-12 03:22:09.292","Common_Team"
"INT_L_AM_AMMSCO01_1_0","AMMSCO01_CO_XPLDG_IND","LEFT(AMMSCO01_CO_XPLDG_IND,1)","1","1","0","0","0","0","0","0","0","48","2023-03-12 03:22:09.292","Common_Team"
"INT_L_AM_AMMSCO01_1_0","AMMSCO01_CO_PURPOSE","LEFT(AMMSCO01_CO_PURPOSE,5)","1","1","0","0","0","0","0","0","0","49","2023-03-12 03:22:09.292","Common_Team"
"INT_L_AM_AMMSCO01_1_0","AMMSCO01_CO_EXP_DATE","LEFT(AMMSCO01_CO_EXP_DATE,8)","1","1","0","0","0","0","0","0","0","50","2023-03-12 03:22:09.292","Common_Team"
"INT_L_AM_AMMSCO01_1_0","AMMSCO01_CO_LIEN_REL_DATE","LEFT(AMMSCO01_CO_LIEN_REL_DATE,8)","1","1","0","0","0","0","0","0","0","51","2023-03-12 03:22:09.292","Common_Team"
"INT_L_AM_AMMSCO01_1_0","AMMSCO01_CO_EDITED_ITEM_NUM","LEFT(AMMSCO01_CO_EDITED_ITEM_NUM,10)","1","1","0","0","0","0","0","0","0","52","2023-03-12 03:22:09.292","Common_Team"
"INT_L_AM_AMMSCO01_1_0","AMMSCO01_IS_COMP_ID","LEFT(AMMSCO01_IS_COMP_ID,4)","1","1","0","0","0","0","0","0","0","53","2023-03-12 03:22:09.292","Common_Team"
"INT_L_AM_AMMSCO01_1_0","AMMSCO01_CO_DOWN_PMT_AMT","AM_AMMSCO01_1_0.AMMSCO01_CO_DOWN_PMT_AMT","0","1","0","0","0","0","0","0","0","54","2023-03-12 03:22:09.292","worada"
"INT_L_AM_AMMSCO01_1_0","AMMSCO01_CO_COLLAT_STAT","LEFT(AMMSCO01_CO_COLLAT_STAT,3)","1","1","0","0","0","0","0","0","0","55","2023-03-12 03:22:09.292","Common_Team"
"INT_L_AM_AMMSCO01_1_0","AMMSCO01_CO_COLLAT_CD","LEFT(AMMSCO01_CO_COLLAT_CD,4)","1","1","0","0","0","0","0","0","0","56","2023-03-12 03:22:09.292","Common_Team"
"INT_L_AM_AMMSCO01_1_0","AMMSCO01_WK_TSD_RESERVED","LEFT(AMMSCO01_WK_TSD_RESERVED,10)","1","1","0","0","0","0","0","0","0","57","2023-03-12 03:22:09.292","Common_Team"
"INT_L_AM_AMMSCO01_1_0","AMMSCO01_WK_USER_AREA","LEFT(AMMSCO01_WK_USER_AREA,17)","1","1","0","0","0","0","0","0","0","58","2023-03-12 03:22:09.292","Common_Team"
"INT_L_AM_AMMSCO01_1_0","START_DT","","0","1","0","0","0","0","0","0","0","59","2023-03-12 03:22:09.292","worada"
"INT_L_AM_AMMSCO01_1_0","END_DT","","0","1","0","0","0","0","0","0","0","60","2023-03-12 03:22:09.292","worada"
"INT_L_AM_AMMSCO01_1_0","RECORD_DELETED_FLAG","","0","1","0","0","0","0","0","0","0","61","2023-03-12 03:22:09.292","worada"
"INT_L_AM_AMMSCO01_1_0","CTL_ID","","0","1","0","0","0","0","0","0","0","62","2023-03-12 03:22:09.292","worada"
"INT_L_AM_AMMSCO01_1_0","INS_PROC_NAME","","0","1","0","0","0","0","0","0","0","63","2023-03-12 03:22:09.292","worada"
"INT_L_AM_AMMSCO01_1_0","INS_TXF_BATCHID","","0","1","0","0","0","0","0","0","0","64","2023-03-12 03:22:09.292","worada"
"INT_L_AM_AMMSCO01_1_0","UPD_PROC_NAME","","0","1","0","0","0","0","0","0","0","65","2023-03-12 03:22:09.292","worada"
"INT_L_AM_AMMSCO01_1_0","UPD_TXF_BATCHID","","0","1","0","0","0","0","0","0","0","66","2023-03-12 03:22:09.292","worada"
"INT_L_AM_AMMSCO01_1_0","AMMSCO01_CO_REL_CUST_IND","LEFT(AMMSCO01_CO_REL_CUST_IND,1)","1","1","0","0","0","0","0","0","0","67","2023-03-12 03:22:09.292","Common_Team"
"INT_L_AM_AMMSCO01_1_0","AMMSCO01_CO_ORIG_NUM_UNITS","LEFT(AMMSCO01_CO_ORIG_NUM_UNITS,11)","1","1","0","0","0","0","0","0","0","68","2023-03-12 03:22:09.292","Common_Team"
"INT_L_AM_AMMSCO01_1_0","AMMSCO01_CO_SENIOR_LIEN","AM_AMMSCO01_1_0.AMMSCO01_CO_SENIOR_LIEN","0","1","0","0","0","0","0","0","0","69","2023-03-12 03:22:09.292","worada"
"INT_L_AM_AMMSCO01_1_0","AMMSCO01_RG_ORIG_VAL_METH_CD","LEFT(AMMSCO01_RG_ORIG_VAL_METH_CD,1)","1","1","0","0","0","0","0","0","0","70","2023-03-12 03:22:09.292","Common_Team"
"INT_L_AM_AMMSCO01_1_0","AMMSCO01_RG_CURR_VAL_METH_CD","LEFT(AMMSCO01_RG_CURR_VAL_METH_CD,1)","1","1","0","0","0","0","0","0","0","71","2023-03-12 03:22:09.292","Common_Team"
"INT_L_AM_AMMSCO01_1_0","AMMSCO01_RG_LST_USER_VAL_DATE","LEFT(AMMSCO01_RG_LST_USER_VAL_DATE,8)","1","1","0","0","0","0","0","0","0","72","2023-03-12 03:22:09.292","Common_Team"
"INT_L_AM_AMMSCO01_1_0","AMMSCO01_CO_REF_CHG_RSN","LEFT(AMMSCO01_CO_REF_CHG_RSN,1)","1","1","0","0","0","0","0","0","0","73","2023-03-12 03:22:09.292","Common_Team"
