"INTERFACE_NAME","COL_NAME","EXPRESSION","EXE_DB","INSERT_FLAG","UPDATE_FLAG","KEY_UPD","UD1","UD2","UD3","UD4","UD5","COL_POSITION","LAST_UPDATE_DATE","LAST_UPDATE_USER"
"INT_L_ICORE_EDW_CTP_ROLE","ROLE_ID","LEFT(ROLE_ID,10)","1","1","1","1","1","0","0","0","0","1","2023-03-12 01:00:52.587","Common_Team"
"INT_L_ICORE_EDW_CTP_ROLE","ROLE_NAME","LEFT(ROLE_NAME,100)","1","1","1","0","0","0","0","0","0","2","2023-03-12 01:00:52.587","Common_Team"
"INT_L_ICORE_EDW_CTP_ROLE","BRANCH_FUNCTION_CLASS","LEFT(BRANCH_FUNCTION_CLASS,8)","1","1","1","0","0","0","0","0","0","3","2023-03-12 01:00:52.587","Common_Team"
"INT_L_ICORE_EDW_CTP_ROLE","DATA_CREATE_TIME","DATA_CREATE_TIME","1","1","1","0","0","0","0","0","0","4","2023-03-12 01:00:52.587","D92535"
"INT_L_ICORE_EDW_CTP_ROLE","DATA_UPDATE_TIME","DATA_UPDATE_TIME","1","1","1","0","0","0","0","0","0","5","2023-03-12 01:00:52.587","D92535"
"INT_L_ICORE_EDW_CTP_ROLE","DATA_CREATE_USER","LEFT(DATA_CREATE_USER,32)","1","1","1","0","0","0","0","0","0","6","2023-03-12 01:00:52.587","Common_Team"
"INT_L_ICORE_EDW_CTP_ROLE","DATA_UPDATE_USER","LEFT(DATA_UPDATE_USER,32)","1","1","1","0","0","0","0","0","0","7","2023-03-12 01:00:52.587","Common_Team"
"INT_L_ICORE_EDW_CTP_ROLE","DATA_VERSION","ICORE_CTP_ROLE_1_0.DATA_VERSION","0","1","1","0","0","0","0","0","0","8","2023-03-12 01:00:52.587","D92535"
