"INTERFACE_NAME","COL_NAME","EXPRESSION","EXE_DB","INSERT_FLAG","UPDATE_FLAG","KEY_UPD","UD1","UD2","UD3","UD4","UD5","COL_POSITION","LAST_UPDATE_DATE","LAST_UPDATE_USER"
"INT_L_CSM_EDW_CUSTOMER_SEGMENT","RM_CUST_NUM","CRM_CUSTOMER_SEGMENT_1_0.RM_CUST_NUM","9","1","1","0","1","0","0","0","0","1","2023-03-12 02:35:01.599","mfec_process"
"INT_L_CSM_EDW_CUSTOMER_SEGMENT","ID_NUM","CRM_CUSTOMER_SEGMENT_1_0.ID_NUM","9","1","1","0","0","0","0","0","0","2","2023-03-12 02:35:01.599","INT_PHANITNUN"
"INT_L_CSM_EDW_CUSTOMER_SEGMENT","ID_TYPE","CRM_CUSTOMER_SEGMENT_1_0.ID_TYPE","9","1","1","0","0","0","0","0","1","3","2023-03-12 02:35:01.599","Common_Team"
"INT_L_CSM_EDW_CUSTOMER_SEGMENT","CUST_SGMT_6MTHS_ROLLING","CRM_CUSTOMER_SEGMENT_1_0.CUST_SGMT_6MTHS_ROLLING","9","1","1","0","0","0","0","0","0","4","2023-03-12 02:35:01.599","INT_PHANITNUN"
"INT_L_CSM_EDW_CUSTOMER_SEGMENT","CUST_SGMT_BASE_STATUS","CRM_CUSTOMER_SEGMENT_1_0.CUST_SGMT_BASE_STATUS","9","1","1","0","0","0","0","0","0","5","2023-03-12 02:35:01.599","INT_PHANITNUN"
"INT_L_CSM_EDW_CUSTOMER_SEGMENT","CUST_SGMT_BASE_STATUS_TYPE","CRM_CUSTOMER_SEGMENT_1_0.CUST_SGMT_BASE_STATUS_TYPE","9","1","1","0","0","0","0","0","0","6","2023-03-12 02:35:01.599","INT_PHANITNUN"
"INT_L_CSM_EDW_CUSTOMER_SEGMENT","SUB_SGMT","CRM_CUSTOMER_SEGMENT_1_0.SUB_SGMT","9","1","1","0","0","0","0","0","0","7","2023-03-12 02:35:01.599","INT_PHANITNUN"
"INT_L_CSM_EDW_CUSTOMER_SEGMENT","FLAG_SOURCE","CRM_CUSTOMER_SEGMENT_1_0.FLAG_SOURCE","9","1","1","0","0","0","0","0","0","8","2023-03-12 02:35:01.599","INT_PHANITNUN"
"INT_L_CSM_EDW_CUSTOMER_SEGMENT","CUST_SGMT_MTHLY_STATUS_WEALTH","CRM_CUSTOMER_SEGMENT_1_0.CUST_SGMT_MTHLY_STATUS_WEALTH","9","1","1","0","0","0","0","0","0","9","2023-03-12 02:35:01.599","INT_PHANITNUN"
"INT_L_CSM_EDW_CUSTOMER_SEGMENT","FIRST_MTH_JOIN_TO_SCB","(COALESCE(CAST(to_date(SUBSTR(CRM_CUSTOMER_SEGMENT_1_0.FIRST_MTH_JOIN_TO_SCB,1,10), 'yyyy-MM-dd') AS VARCHAR(10)),'1000-01-03') )","9","1","1","0","0","0","0","0","0","10","2023-03-12 02:35:01.599","INT_PHANITNUN"
"INT_L_CSM_EDW_CUSTOMER_SEGMENT","FREEZE_BASE_STATUS_END_DT","(COALESCE(CAST(to_date(SUBSTR(CRM_CUSTOMER_SEGMENT_1_0.FREEZE_BASE_STATUS_END_DT,1,10), 'yyyy-MM-dd') AS VARCHAR(10)),'1000-01-03'))","9","1","1","0","0","0","0","0","0","11","2023-03-12 02:35:01.599","INT_PHANITNUN"
"INT_L_CSM_EDW_CUSTOMER_SEGMENT","FIRST_MTH_JOIN_ASP_AFF","(COALESCE(CAST(to_date(SUBSTR(CRM_CUSTOMER_SEGMENT_1_0.FIRST_MTH_JOIN_ASP_AFF,1,10), 'yyyy-MM-dd') AS VARCHAR(10)),'1000-01-03'))","9","1","1","0","0","0","0","0","0","12","2023-03-12 02:35:01.599","INT_PHANITNUN"
"INT_L_CSM_EDW_CUSTOMER_SEGMENT","FIRST_MTH_JOIN_AFFA_AFFB","(COALESCE(CAST(to_date(SUBSTR(CRM_CUSTOMER_SEGMENT_1_0.FIRST_MTH_JOIN_AFFA_AFFB,1,10), 'yyyy-MM-dd') AS VARCHAR(10)),'1000-01-03'))","9","1","1","0","0","0","0","0","0","13","2023-03-12 02:35:01.599","INT_PHANITNUN"
"INT_L_CSM_EDW_CUSTOMER_SEGMENT","FIRST_MTH_JOIN_PRIVATE","(COALESCE(CAST(to_date(SUBSTR(CRM_CUSTOMER_SEGMENT_1_0.FIRST_MTH_JOIN_PRIVATE,1,10) , 'yyyy-MM-dd') AS VARCHAR(10)),'1000-01-03'))","9","1","1","0","0","0","0","0","0","14","2023-03-12 02:35:01.599","INT_PHANITNUN"
"INT_L_CSM_EDW_CUSTOMER_SEGMENT","START_MTH_PRIVILEGE","(COALESCE(CAST(to_date(SUBSTR(CRM_CUSTOMER_SEGMENT_1_0.START_MTH_PRIVILEGE,1,10), 'yyyy-MM-dd') AS VARCHAR(10)),'1000-01-03'))","9","1","1","0","0","0","0","0","0","15","2023-03-12 02:35:01.599","INT_PHANITNUN"
"INT_L_CSM_EDW_CUSTOMER_SEGMENT","END_MTH_PRIVILEGE","(COALESCE(CAST(to_date(SUBSTR(CRM_CUSTOMER_SEGMENT_1_0.END_MTH_PRIVILEGE,1,10), 'yyyy-MM-dd') AS VARCHAR(10)),'1000-01-03'))","9","1","1","0","0","0","0","0","0","16","2023-03-12 02:35:01.599","INT_PHANITNUN"
"INT_L_CSM_EDW_CUSTOMER_SEGMENT","TYPE_OF_PRIVILEGE","CRM_CUSTOMER_SEGMENT_1_0.TYPE_OF_PRIVILEGE","9","1","1","0","0","0","0","0","0","17","2023-03-12 02:35:01.599","INT_PHANITNUN"
"INT_L_CSM_EDW_CUSTOMER_SEGMENT","RM_CODE","CRM_CUSTOMER_SEGMENT_1_0.RM_CODE","9","1","1","0","0","0","0","0","0","18","2023-03-12 02:35:01.599","INT_PHANITNUN"
"INT_L_CSM_EDW_CUSTOMER_SEGMENT","RM_NAME","CRM_CUSTOMER_SEGMENT_1_0.RM_NAME","9","1","1","0","0","0","0","0","0","19","2023-03-12 02:35:01.599","INT_PHANITNUN"
"INT_L_CSM_EDW_CUSTOMER_SEGMENT","RM_CONTACT_NO","CRM_CUSTOMER_SEGMENT_1_0.RM_CONTACT_NO","9","1","1","0","0","0","0","0","0","20","2023-03-12 02:35:01.599","INT_PHANITNUN"
"INT_L_CSM_EDW_CUSTOMER_SEGMENT","YEARLY_MVT_STATUS","CRM_CUSTOMER_SEGMENT_1_0.YEARLY_MVT_STATUS","9","1","1","0","0","0","0","0","0","21","2023-03-12 02:35:01.599","INT_PHANITNUN"
"INT_L_CSM_EDW_CUSTOMER_SEGMENT","MTD_AVG_WEALTH_6MTHS","CRM_CUSTOMER_SEGMENT_1_0.MTD_AVG_WEALTH_6MTHS","9","1","1","0","0","0","0","0","0","22","2023-03-12 02:35:01.599","INT_PHANITNUN"
"INT_L_CSM_EDW_CUSTOMER_SEGMENT","INITIAL_CUST_SGMT_COND1","CRM_CUSTOMER_SEGMENT_1_0.INITIAL_CUST_SGMT_COND1","9","1","1","0","0","0","0","0","0","23","2023-03-12 02:35:01.599","INT_PHANITNUN"
"INT_L_CSM_EDW_CUSTOMER_SEGMENT","ANNUAL_LIFE_INSUR_PREM","CRM_CUSTOMER_SEGMENT_1_0.ANNUAL_LIFE_INSUR_PREM","9","1","1","0","0","0","0","0","0","24","2023-03-12 02:35:01.599","INT_PHANITNUN"
"INT_L_CSM_EDW_CUSTOMER_SEGMENT","INITIAL_CUST_SGMT_COND2","CRM_CUSTOMER_SEGMENT_1_0.INITIAL_CUST_SGMT_COND2","9","1","1","0","0","0","0","0","0","25","2023-03-12 02:35:01.599","INT_PHANITNUN"
"INT_L_CSM_EDW_CUSTOMER_SEGMENT","AVG_WEALTH_AND_SECURE_LOAN","CRM_CUSTOMER_SEGMENT_1_0.AVG_WEALTH_AND_SECURE_LOAN","9","1","1","0","0","0","0","0","0","26","2023-03-12 02:35:01.599","INT_PHANITNUN"
"INT_L_CSM_EDW_CUSTOMER_SEGMENT","INITIAL_CUST_SGMT_COND3","CRM_CUSTOMER_SEGMENT_1_0.INITIAL_CUST_SGMT_COND3","9","1","1","0","0","0","0","0","0","27","2023-03-12 02:35:01.599","INT_PHANITNUN"
"INT_L_CSM_EDW_CUSTOMER_SEGMENT","INCOME_PER_MTH","CRM_CUSTOMER_SEGMENT_1_0.INCOME_PER_MTH","9","1","1","0","0","0","0","0","0","28","2023-03-12 02:35:01.599","INT_PHANITNUN"
"INT_L_CSM_EDW_CUSTOMER_SEGMENT","INITIAL_CUST_SGMT_COND4","CRM_CUSTOMER_SEGMENT_1_0.INITIAL_CUST_SGMT_COND4","9","1","1","0","0","0","0","0","0","29","2023-03-12 02:35:01.599","INT_PHANITNUN"
"INT_L_CSM_EDW_CUSTOMER_SEGMENT","INFLOW_MONEY","CRM_CUSTOMER_SEGMENT_1_0.INFLOW_MONEY","9","1","1","0","0","0","0","0","0","30","2023-03-12 02:35:01.599","INT_PHANITNUN"
"INT_L_CSM_EDW_CUSTOMER_SEGMENT","INITIAL_CUST_SGMT_COND5","CRM_CUSTOMER_SEGMENT_1_0.INITIAL_CUST_SGMT_COND5","9","1","1","0","0","0","0","0","0","31","2023-03-12 02:35:01.599","INT_PHANITNUN"
"INT_L_CSM_EDW_CUSTOMER_SEGMENT","HOUSING_PRICE","CRM_CUSTOMER_SEGMENT_1_0.HOUSING_PRICE","9","1","1","0","0","0","0","0","0","32","2023-03-12 02:35:01.599","INT_PHANITNUN"
"INT_L_CSM_EDW_CUSTOMER_SEGMENT","INITIAL_CUST_SGMT_COND6","CRM_CUSTOMER_SEGMENT_1_0.INITIAL_CUST_SGMT_COND6","9","1","1","0","0","0","0","0","0","33","2023-03-12 02:35:01.599","INT_PHANITNUN"
"INT_L_CSM_EDW_CUSTOMER_SEGMENT","AUTO_PRICE","CRM_CUSTOMER_SEGMENT_1_0.AUTO_PRICE","9","1","1","0","0","0","0","0","0","34","2023-03-12 02:35:01.599","INT_PHANITNUN"
"INT_L_CSM_EDW_CUSTOMER_SEGMENT","INITIAL_CUST_SGMT_COND7","CRM_CUSTOMER_SEGMENT_1_0.INITIAL_CUST_SGMT_COND7","9","1","1","0","0","0","0","0","0","35","2023-03-12 02:35:01.599","INT_PHANITNUN"
"INT_L_CSM_EDW_CUSTOMER_SEGMENT","MAX_CUST_SGMT_6MTHS_ROLL_TYPE","CRM_CUSTOMER_SEGMENT_1_0.MAX_CUST_SGMT_6MTHS_ROLL_TYPE","9","1","1","0","0","0","0","0","0","36","2023-03-12 02:35:01.599","INT_PHANITNUN"
"INT_L_CSM_EDW_CUSTOMER_SEGMENT","MAX_CUST_SGMT_BASE_STATUS_TYPE","CRM_CUSTOMER_SEGMENT_1_0.MAX_CUST_SGMT_BASE_STATUS_TYPE","9","1","1","0","0","0","0","0","0","37","2023-03-12 02:35:01.599","INT_PHANITNUN"
"INT_L_CSM_EDW_CUSTOMER_SEGMENT","OCCUPATION_SGMT","CRM_CUSTOMER_SEGMENT_1_0.OCCUPATION_SGMT","9","1","1","0","0","0","0","0","0","38","2023-03-12 02:35:01.599","INT_PHANITNUN"
"INT_L_CSM_EDW_CUSTOMER_SEGMENT","PROXY_INCOME","CRM_CUSTOMER_SEGMENT_1_0.PROXY_INCOME","9","1","1","0","0","0","0","0","0","39","2023-03-12 02:35:01.599","INT_PHANITNUN"
"INT_L_CSM_EDW_CUSTOMER_SEGMENT","CUST_LIFE_STAGE","CRM_CUSTOMER_SEGMENT_1_0.CUST_LIFE_STAGE","9","1","1","0","0","0","0","0","0","40","2023-03-12 02:35:01.599","INT_PHANITNUN"
"INT_L_CSM_EDW_CUSTOMER_SEGMENT","MONTHLY_MVT_STATUS","CRM_CUSTOMER_SEGMENT_1_0.MONTHLY_MVT_STATUS","9","1","1","0","0","0","0","0","0","41","2023-03-12 02:35:01.599","INT_PHANITNUN"
"INT_L_CSM_EDW_CUSTOMER_SEGMENT","CUST_SGMT_FINAL_STATUS","LEFT(CUST_SGMT_FINAL_STATUS,2)","1","1","1","0","0","0","0","0","0","42","2023-03-12 02:35:01.599","Common_Team"
"INT_L_CSM_EDW_CUSTOMER_SEGMENT","START_MTH_OF_FINAL_STATUS","(COALESCE(CAST(to_date(SUBSTR(CRM_CUSTOMER_SEGMENT_1_0.START_MTH_OF_FINAL_STATUS,1,10) , 'yyyy-MM-dd') AS VARCHAR(10)),'1000-01-03'))","9","1","1","0","0","0","0","0","0","43","2023-03-12 02:35:01.599","INT_PHANITNUN"
"INT_L_CSM_EDW_CUSTOMER_SEGMENT","END_MTH_OF_FINAL_STATUS","(COALESCE(CAST(to_date(SUBSTR(CRM_CUSTOMER_SEGMENT_1_0.END_MTH_OF_FINAL_STATUS,1,10) , 'yyyy-MM-dd') AS VARCHAR(10)),'1000-01-03'))","9","1","1","0","0","0","0","0","0","44","2023-03-12 02:35:01.599","INT_PHANITNUN"
"INT_L_CSM_EDW_CUSTOMER_SEGMENT","CURR_POTEN_OF_FINAL_STATUS","CRM_CUSTOMER_SEGMENT_1_0.CURR_POTEN_OF_FINAL_STATUS","9","1","1","0","0","0","0","0","0","45","2023-03-12 02:35:01.599","INT_PHANITNUN"
"INT_L_CSM_EDW_CUSTOMER_SEGMENT","SUB_SGMT_OF_FINAL_STATUS","LEFT(SUB_SGMT_OF_FINAL_STATUS,15)","1","1","1","0","0","0","0","0","0","46","2023-03-12 02:35:01.599","Common_Team"
"INT_L_CSM_EDW_CUSTOMER_SEGMENT","CUST_SGMT_1_MTH_AVG_STATUS","CRM_CUSTOMER_SEGMENT_1_0.CUST_SGMT_1_MTH_AVG_STATUS","9","1","1","0","0","0","0","0","0","47","2023-03-12 02:35:01.599","INT_PHANITNUN"
"INT_L_CSM_EDW_CUSTOMER_SEGMENT","CRITERIA_OF_FINAL_STATUS","CRM_CUSTOMER_SEGMENT_1_0.CRITERIA_OF_FINAL_STATUS","9","1","1","0","0","0","0","0","0","48","2023-03-12 02:35:01.599","INT_PHANITNUN"
"INT_L_CSM_EDW_CUSTOMER_SEGMENT","CUST_SGMT_1_MTH_AVG_AMT","CRM_CUSTOMER_SEGMENT_1_0.CUST_SGMT_1_MTH_AVG_AMT","9","1","1","0","0","0","0","0","0","49","2023-03-12 02:35:01.599","INT_PHANITNUN"
"INT_L_CSM_EDW_CUSTOMER_SEGMENT","SCB_DEBENTURE_AMT","CRM_CUSTOMER_SEGMENT_1_0.SCB_DEBENTURE_AMT","9","1","1","0","0","0","0","0","0","58","2023-03-12 02:35:01.599","INT_PHANITNUN"
"INT_L_CSM_EDW_CUSTOMER_SEGMENT","OTHER_DEBENTURE_AMT","CRM_CUSTOMER_SEGMENT_1_0.OTHER_DEBENTURE_AMT","9","1","1","0","0","0","0","0","0","59","2023-03-12 02:35:01.599","INT_PHANITNUN"
"INT_L_CSM_EDW_CUSTOMER_SEGMENT","PRIV_CODE","CRM_CUSTOMER_SEGMENT_1_0.PRIV_CODE","9","1","1","0","0","0","0","0","0","60","2023-03-12 02:35:01.599","INT_PHANITNUN"
"INT_L_CSM_EDW_CUSTOMER_SEGMENT","ELIGIBLE_CODE","CRM_CUSTOMER_SEGMENT_1_0.ELIGIBLE_CODE","9","1","1","0","0","0","0","0","0","61","2023-03-12 02:35:01.599","INT_PHANITNUN"
"INT_L_CSM_EDW_CUSTOMER_SEGMENT","BRANCH_ASSIGN","CRM_CUSTOMER_SEGMENT_1_0.BRANCH_ASSIGN","9","1","1","0","0","0","0","0","0","62","2023-03-12 02:35:01.599","INT_PHANITNUN"
"INT_L_CSM_EDW_CUSTOMER_SEGMENT","CUST_SGMT_MONTHLY","CRM_CUSTOMER_SEGMENT_1_0.CUST_SGMT_MONTHLY","9","1","1","0","0","0","0","0","0","63","2023-03-12 02:35:01.599","INT_PHANITNUN"
"INT_L_CSM_EDW_CUSTOMER_SEGMENT","SUB_SGMT_OF_MONTHLY","CRM_CUSTOMER_SEGMENT_1_0.SUB_SGMT_OF_MONTHLY","9","1","1","0","0","0","0","0","0","64","2023-03-12 02:35:01.599","INT_PHANITNUN"
"INT_L_CSM_EDW_CUSTOMER_SEGMENT","LAST_UPDATE_DT","CRM_CUSTOMER_SEGMENT_1_0.LAST_UPDATE_DT","9","1","1","0","0","0","0","0","0","65","2023-03-12 02:35:01.599","INT_PHANITNUN"
"INT_L_CSM_EDW_CUSTOMER_SEGMENT","LIFE_STAGE_SGMT","CRM_CUSTOMER_SEGMENT_1_0.LIFE_STAGE_SGMT","9","1","1","0","0","0","0","0","0","66","2023-03-12 02:35:01.599","INT_PHANITNUN"
"INT_L_CSM_EDW_CUSTOMER_SEGMENT","LIFE_STAGE_SGMT_FREEZ","CRM_CUSTOMER_SEGMENT_1_0.LIFE_STAGE_SGMT_FREEZ","9","1","1","0","0","0","0","0","0","67","2023-03-12 02:35:01.599","INT_PHANITNUN"
"INT_L_CSM_EDW_CUSTOMER_SEGMENT","REAL_SEGMENT","CRM_CUSTOMER_SEGMENT_1_0.REAL_SEGMENT","9","1","1","0","0","0","0","0","0","68","2023-03-12 02:35:01.599","INT_PHANITNUN"
"INT_L_CSM_EDW_CUSTOMER_SEGMENT","SFC_CUST_SGMT_FINAL_STATUS","CRM_CUSTOMER_SEGMENT_1_0.SFC_CUST_SGMT_FINAL_STATUS","0","1","1","0","0","0","0","0","0","69","2023-03-12 02:35:01.599","INT_PHANITNUN"
"INT_L_CSM_EDW_CUSTOMER_SEGMENT","PAYROLL_FLAG","CRM_CUSTOMER_SEGMENT_1_0.PAYROLL_FLAG","0","1","1","0","0","0","0","0","0","70","2023-03-12 02:35:01.599","D36959"
"INT_L_CSM_EDW_CUSTOMER_SEGMENT","CUST_CI_MOA_MONTHLY","CRM_CUSTOMER_SEGMENT_1_0.CUST_CI_MOA_MONTHLY","0","1","1","0","0","0","0","0","0","71","2023-03-12 02:35:01.599","IBM_ARISA"
