"INTERFACE_NAME","COL_NAME","EXPRESSION","EXE_DB","INSERT_FLAG","UPDATE_FLAG","KEY_UPD","UD1","UD2","UD3","UD4","UD5","COL_POSITION","LAST_UPDATE_DATE","LAST_UPDATE_USER"
"INT_L_B2K_BCHPCREL_1_0","HPCREL_CARD_NO","LEFT(HPCREL_CARD_NO,16)","1","1","0","0","0","0","0","0","0","1","2023-03-12 00:49:13.082","Common_Team"
"INT_L_B2K_BCHPCREL_1_0","HPCREL_CASA_ACCT","LEFT(HPCREL_CASA_ACCT,10)","1","1","0","0","0","0","0","0","0","2","2023-03-12 00:49:13.082","Common_Team"
"INT_L_B2K_BCHPCREL_1_0","HPCREL_DEBIT_REF_NO","LEFT(HPCREL_DEBIT_REF_NO,16)","1","1","0","0","0","0","0","0","0","3","2023-03-12 00:49:13.082","Common_Team"
"INT_L_B2K_BCHPCREL_1_0","HPCREL_CREATE_DATE","LEFT(HPCREL_CREATE_DATE,8)","1","1","0","0","0","0","0","0","0","4","2023-03-12 00:49:13.082","Common_Team"
"INT_L_B2K_BCHPCREL_1_0","HPCREL_CREATE_TIME","LEFT(HPCREL_CREATE_TIME,6)","1","1","0","0","0","0","0","0","0","5","2023-03-12 00:49:13.082","Common_Team"
"INT_L_B2K_BCHPCREL_1_0","HPCREL_UPDATE_DATE","LEFT(HPCREL_UPDATE_DATE,8)","1","1","0","0","0","0","0","0","0","6","2023-03-12 00:49:13.082","Common_Team"
"INT_L_B2K_BCHPCREL_1_0","HPCREL_UPDATE_TIME","LEFT(HPCREL_UPDATE_TIME,6)","1","1","0","0","0","0","0","0","0","7","2023-03-12 00:49:13.082","Common_Team"
"INT_L_B2K_BCHPCREL_1_0","HPCREL_BLK_DATE","LEFT(replace(HPCREL_BLK_DATE,'-',''),8)","1","1","0","0","0","0","0","0","0","8","2023-03-12 00:49:13.082","Common_Team"
"INT_L_B2K_BCHPCREL_1_0","HPCREL_REVOLVING_FLAG","LEFT(HPCREL_REVOLVING_FLAG,1)","1","1","0","0","0","0","0","0","0","9","2023-03-12 00:49:13.082","Common_Team"
"INT_L_B2K_BCHPCREL_1_0","START_DT","","0","0","0","0","0","0","0","0","0","10","2023-03-12 00:49:13.082","montarat"
"INT_L_B2K_BCHPCREL_1_0","END_DT","","0","0","0","0","0","0","0","0","0","11","2023-03-12 00:49:13.082","montarat"
"INT_L_B2K_BCHPCREL_1_0","RECORD_DELETED_FLAG","","0","0","0","0","0","0","0","0","0","12","2023-03-12 00:49:13.082","montarat"
"INT_L_B2K_BCHPCREL_1_0","CTL_ID","","0","0","0","0","0","0","0","0","0","13","2023-03-12 00:49:13.082","montarat"
"INT_L_B2K_BCHPCREL_1_0","INS_PROC_NAME","","0","0","0","0","0","0","0","0","0","14","2023-03-12 00:49:13.082","montarat"
"INT_L_B2K_BCHPCREL_1_0","INS_TXF_BATCHID","","0","0","0","0","0","0","0","0","0","15","2023-03-12 00:49:13.082","montarat"
"INT_L_B2K_BCHPCREL_1_0","UPD_PROC_NAME","","0","0","0","0","0","0","0","0","0","16","2023-03-12 00:49:13.082","montarat"
"INT_L_B2K_BCHPCREL_1_0","UPD_TXF_BATCHID","","0","0","0","0","0","0","0","0","0","17","2023-03-12 00:49:13.082","montarat"
