"INTERFACE_NAME","COL_NAME","EXPRESSION","EXE_DB","INSERT_FLAG","UPDATE_FLAG","KEY_UPD","UD1","UD2","UD3","UD4","UD5","COL_POSITION","LAST_UPDATE_DATE","LAST_UPDATE_USER"
"INT_L_B2K_BCNAME_1_0","NA_CORPORATION_W","LEFT(NA_CORPORATION_W,2)","1","1","0","0","0","0","0","0","0","1","2023-03-12 03:01:17.450","Common_Team"
"INT_L_B2K_BCNAME_1_0","NA_ACCOUNT_NO1_W","LEFT(NA_ACCOUNT_NO1_W,16)","1","1","0","0","0","0","0","0","0","2","2023-03-12 03:01:17.450","Common_Team"
"INT_L_B2K_BCNAME_1_0","NA_ACCOUNT_NO_BIN6_W","LEFT(NA_ACCOUNT_NO_BIN6_W,6)","1","1","0","0","0","0","0","0","0","3","2023-03-12 03:01:17.450","Common_Team"
"INT_L_B2K_BCNAME_1_0","NA_ACCOUNT_NO_SEQ10_W","LEFT(NA_ACCOUNT_NO_SEQ10_W,10)","1","1","0","0","0","0","0","0","0","4","2023-03-12 03:01:17.450","Common_Team"
"INT_L_B2K_BCNAME_1_0","NA_ADDR1_W","LEFT(NA_ADDR1_W,30)","1","1","0","0","0","0","0","1","1","5","2023-03-12 03:01:17.450","Common_Team"
"INT_L_B2K_BCNAME_1_0","NA_ADDR2_W","LEFT(NA_ADDR2_W,30)","1","1","0","0","0","0","0","1","1","6","2023-03-12 03:01:17.450","Common_Team"
"INT_L_B2K_BCNAME_1_0","NA_ADDR3_W","LEFT(NA_ADDR3_W,30)","1","1","0","0","0","0","0","1","1","7","2023-03-12 03:01:17.450","Common_Team"
"INT_L_B2K_BCNAME_1_0","NA_CITY_W","LEFT(NA_CITY_W,30)","1","1","0","0","0","0","0","1","1","8","2023-03-12 03:01:17.450","Common_Team"
"INT_L_B2K_BCNAME_1_0","NA_CITY_SHORT_W","LEFT(NA_CITY_SHORT_W,25)","1","1","0","0","0","0","0","0","0","9","2023-03-12 03:01:17.450","Common_Team"
"INT_L_B2K_BCNAME_1_0","NA_ADDR4_W","LEFT(NA_ADDR4_W,30)","1","1","0","0","0","0","0","0","0","10","2023-03-12 03:01:17.450","Common_Team"
"INT_L_B2K_BCNAME_1_0","NA_STATE_W","LEFT(NA_STATE_W,3)","1","1","0","0","0","0","0","1","1","11","2023-03-12 03:01:17.450","Common_Team"
"INT_L_B2K_BCNAME_1_0","NA_ZIP_CODE_SHORT_W","CASE WHEN REPLACE(NA_ZIP_CODE_SHORT_W, ' ', '') = '' THEN '' ELSE RIGHT('00000'||COALESCE(REPLACE(NA_ZIP_CODE_SHORT_W, ' ', ''),''),5) END","1","1","0","0","0","0","0","1","1","12","2023-03-12 03:01:17.450","Common_Team"
"INT_L_B2K_BCNAME_1_0","NA_MAIL_ADDR1_W","LEFT(NA_MAIL_ADDR1_W,30)","1","1","0","0","0","0","0","1","1","13","2023-03-12 03:01:17.450","Common_Team"
"INT_L_B2K_BCNAME_1_0","NA_MAIL_ADDR2_W","LEFT(NA_MAIL_ADDR2_W,30)","1","1","0","0","0","0","0","1","1","14","2023-03-12 03:01:17.450","Common_Team"
"INT_L_B2K_BCNAME_1_0","NA_MAIL_ADDR3_W","LEFT(NA_MAIL_ADDR3_W,30)","1","1","0","0","0","0","0","1","1","15","2023-03-12 03:01:17.450","Common_Team"
"INT_L_B2K_BCNAME_1_0","NA_MAIL_CITY_W","LEFT(NA_MAIL_CITY_W,30)","1","1","0","0","0","0","0","1","1","16","2023-03-12 03:01:17.450","Common_Team"
"INT_L_B2K_BCNAME_1_0","NA_MAIL_CITY_SHORT_W","LEFT(NA_MAIL_CITY_SHORT_W,25)","1","1","0","0","0","0","0","0","0","17","2023-03-12 03:01:17.450","Common_Team"
"INT_L_B2K_BCNAME_1_0","NA_MAIL_ADDR4_W","LEFT(NA_MAIL_ADDR4_W,30)","1","1","0","0","0","0","0","0","0","18","2023-03-12 03:01:17.450","Common_Team"
"INT_L_B2K_BCNAME_1_0","NA_MAIL_STATE_W","LEFT(NA_MAIL_STATE_W,3)","1","1","0","0","0","0","0","1","1","19","2023-03-12 03:01:17.450","Common_Team"
"INT_L_B2K_BCNAME_1_0","NA_MAIL_ZIP_SHORT_W","LEFT(NA_MAIL_ZIP_SHORT_W,5)","1","1","0","0","0","0","0","1","1","20","2023-03-12 03:01:17.450","Common_Team"
"INT_L_B2K_BCNAME_1_0","NA_PHONE_W","LEFT(NA_PHONE_W,16)","1","1","0","0","0","0","0","0","1","21","2023-03-12 03:01:17.450","Common_Team"
"INT_L_B2K_BCNAME_1_0","NA_BUSINESS_PHONE_W","LEFT(NA_BUSINESS_PHONE_W,16)","1","1","0","0","0","0","0","0","1","22","2023-03-12 03:01:17.450","Common_Team"
"INT_L_B2K_BCNAME_1_0","NA_PHONE_3_W","LEFT(NA_PHONE_3_W,16)","1","1","0","0","0","0","0","0","1","23","2023-03-12 03:01:17.450","Common_Team"
"INT_L_B2K_BCNAME_1_0","NA_NAME_W","LEFT(NA_NAME_W,40)","1","1","0","0","0","0","0","0","0","24","2023-03-12 03:01:17.450","Common_Team"
"INT_L_B2K_BCNAME_1_0","NA_TAX_ID_W","LEFT(NA_TAX_ID_W,13)","1","1","0","0","0","0","0","0","0","25","2023-03-12 03:01:17.450","Common_Team"
"INT_L_B2K_BCNAME_1_0","NA_NAME1_SEX_CODE","LEFT(NA_NAME1_SEX_CODE,1)","1","1","0","0","0","0","0","0","0","26","2023-03-12 03:01:17.450","Common_Team"
"INT_L_B2K_BCNAME_1_0","NA_NAME1_BIRTH_DT","LEFT(NA_NAME1_BIRTH_DT,9)","1","1","0","0","0","0","0","0","0","27","2023-03-12 03:01:17.450","Common_Team"
"INT_L_B2K_BCNAME_1_0","NA_PERSONAL_CORP_REP","LEFT(NA_PERSONAL_CORP_REP,10)","1","1","0","0","0","0","0","0","0","28","2023-03-12 03:01:17.450","Common_Team"
"INT_L_B2K_BCNAME_1_0","NA_FREE_FORM_MEMO_FIELD","LEFT(NA_FREE_FORM_MEMO_FIELD,30)","1","1","0","0","0","0","0","0","0","29","2023-03-12 03:01:17.450","Common_Team"
"INT_L_B2K_BCNAME_1_0","NA_EMBOSSING_LINE4","LEFT(NA_EMBOSSING_LINE4,25)","1","1","0","0","0","0","0","0","0","30","2023-03-12 03:01:17.450","Common_Team"
"INT_L_B2K_BCNAME_1_0","NA_EMBOSS_NAME_1","LEFT(NA_EMBOSS_NAME_1,26)","1","1","0","0","0","0","0","0","0","31","2023-03-12 03:01:17.450","Common_Team"
"INT_L_B2K_BCNAME_1_0","START_DT","","0","1","0","0","0","0","0","0","0","32","2023-03-12 03:01:17.450","thanapong_k"
"INT_L_B2K_BCNAME_1_0","END_DT","","0","1","0","0","0","0","0","0","0","33","2023-03-12 03:01:17.450","thanapong_k"
"INT_L_B2K_BCNAME_1_0","RECORD_DELETED_FLAG","","0","1","0","0","0","0","0","0","0","34","2023-03-12 03:01:17.450","thanapong_k"
"INT_L_B2K_BCNAME_1_0","CTL_ID","","0","1","0","0","0","0","0","0","0","35","2023-03-12 03:01:17.450","thanapong_k"
"INT_L_B2K_BCNAME_1_0","INS_PROC_NAME","","0","1","0","0","0","0","0","0","0","36","2023-03-12 03:01:17.450","thanapong_k"
"INT_L_B2K_BCNAME_1_0","INS_TXF_BATCHID","","0","1","0","0","0","0","0","0","0","37","2023-03-12 03:01:17.450","thanapong_k"
"INT_L_B2K_BCNAME_1_0","UPD_PROC_NAME","","0","1","0","0","0","0","0","0","0","38","2023-03-12 03:01:17.450","thanapong_k"
"INT_L_B2K_BCNAME_1_0","UPD_TXF_BATCHID","","0","1","0","0","0","0","0","0","0","39","2023-03-12 03:01:17.450","thanapong_k"
"INT_L_B2K_BCNAME_1_0","BK_LOCATOR_001_01","LEFT((     (COALESCE(TRIM(NA_ADDR1_W ),''))||'_'||     (COALESCE(TRIM(NA_ADDR2_W ),''))||'_'||     (COALESCE(TRIM(NA_ADDR3_W ),''))||'_'||     (COALESCE(TRIM(NA_CITY_W ),''))||'_'||     (COALESCE(TRIM( '' ),''))||'_'||     (COALESCE(TRIM( '' ),''))||'_'||     (COALESCE(TRIM( '' ),''))||'_'||     (CASE WHEN TRIM(NA_ZIP_CODE_SHORT_W) = '' then (COALESCE(TRIM(NA_ZIP_CODE_SHORT_W ),'')) ELSE RIGHT('00000'||(COALESCE(TRIM(NA_ZIP_CODE_SHORT_W ),'')),5)end)||'_'||     (COALESCE(TRIM(NA_STATE_W),''))   ),500)","1","1","0","0","0","0","0","1","1","40","2023-03-12 03:01:17.450","Common_Team"
"INT_L_B2K_BCNAME_1_0","BK_LOCATOR_001_02","LEFT(BK_LOCATOR_001_02,500)","1","1","0","0","0","0","0","0","0","41","2023-03-12 03:01:17.450","Common_Team"
"INT_L_B2K_BCNAME_1_0","BK_LOCATOR_001_03","LEFT(BK_LOCATOR_001_03,500)","1","1","0","0","0","0","0","1","1","42","2023-03-12 03:01:17.450","Common_Team"
"INT_L_B2K_BCNAME_1_0","BK_LOCATOR_001_04","LEFT(BK_LOCATOR_001_04,500)","1","1","0","0","0","0","0","0","0","43","2023-03-12 03:01:17.450","Common_Team"
"INT_L_B2K_BCNAME_1_0","BK_LOCATOR_001_05","LEFT(BK_LOCATOR_001_05,500)","1","1","0","0","0","0","0","0","0","44","2023-03-12 03:01:17.450","Common_Team"
"INT_L_B2K_BCNAME_1_0","NA_EMAIL","LEFT(regexp_replace(trim(NA_EMAIL), '\\\s*_\\\s*', '_'),70)","1","1","0","0","0","0","0","0","1","45","2023-03-12 03:01:17.450","Common_Team"
"INT_L_B2K_BCNAME_1_0","NA_LAST_ADDR_CHANGE_DATE","LEFT(NA_LAST_ADDR_CHANGE_DATE,9)","1","1","0","0","0","0","0","0","0","46","2023-03-12 03:01:17.450","Common_Team"
"INT_L_B2K_BCNAME_1_0","NA_TEMP_ADDRESS_START_DT","LEFT(NA_TEMP_ADDRESS_START_DT,9)","1","1","0","0","0","0","0","0","0","47","2023-03-12 03:01:17.450","Common_Team"
"INT_L_B2K_BCNAME_1_0","NA_TEMP_ADDRESS_END_DT","LEFT(NA_TEMP_ADDRESS_END_DT,9)","1","1","0","0","0","0","0","0","0","48","2023-03-12 03:01:17.450","Common_Team"
"INT_L_B2K_BCNAME_1_0","NA_TEMP_ADDR1_W","LEFT(NA_TEMP_ADDR1_W,30)","1","1","0","0","0","0","0","1","1","49","2023-03-12 03:01:17.450","Common_Team"
"INT_L_B2K_BCNAME_1_0","NA_TEMP_ADDR1_SHORT_W","LEFT(NA_TEMP_ADDR1_SHORT_W,20)","1","1","0","0","0","0","0","0","0","50","2023-03-12 03:01:17.450","Common_Team"
"INT_L_B2K_BCNAME_1_0","NA_TEMP_ADDR2_W","LEFT(NA_TEMP_ADDR2_W,30)","1","1","0","0","0","0","0","1","1","51","2023-03-12 03:01:17.450","Common_Team"
"INT_L_B2K_BCNAME_1_0","NA_TEMP_ADDR2_SHORT_W","LEFT(NA_TEMP_ADDR2_SHORT_W,20)","1","1","0","0","0","0","0","0","0","52","2023-03-12 03:01:17.450","Common_Team"
"INT_L_B2K_BCNAME_1_0","NA_TEMP_ADDR3_W","LEFT(NA_TEMP_ADDR3_W,30)","1","1","0","0","0","0","0","1","1","53","2023-03-12 03:01:17.450","Common_Team"
"INT_L_B2K_BCNAME_1_0","NA_TEMP_ADDR3_SHORT_W","LEFT(NA_TEMP_ADDR3_SHORT_W,20)","1","1","0","0","0","0","0","0","0","54","2023-03-12 03:01:17.450","Common_Team"
"INT_L_B2K_BCNAME_1_0","NA_TEMP_CITY_W","LEFT(NA_TEMP_CITY_W,30)","1","1","0","0","0","0","0","0","0","55","2023-03-12 03:01:17.450","Common_Team"
"INT_L_B2K_BCNAME_1_0","NA_TEMP_CITY_SHORT_W","LEFT(NA_TEMP_CITY_SHORT_W,25)","1","1","0","0","0","0","0","1","1","56","2023-03-12 03:01:17.450","Common_Team"
"INT_L_B2K_BCNAME_1_0","NA_TEMP_ADDR4_W","LEFT(NA_TEMP_ADDR4_W,30)","1","1","0","0","0","0","0","0","0","57","2023-03-12 03:01:17.450","Common_Team"
"INT_L_B2K_BCNAME_1_0","NA_TEMP_STATE_W","LEFT(NA_TEMP_STATE_W,3)","1","1","0","0","0","0","0","1","1","58","2023-03-12 03:01:17.450","Common_Team"
"INT_L_B2K_BCNAME_1_0","NA_TEMP_ZIP_W","LEFT(NA_TEMP_ZIP_W,9)","1","1","0","0","0","0","0","0","0","59","2023-03-12 03:01:17.450","Common_Team"
"INT_L_B2K_BCNAME_1_0","NA_TEMP_ZIP_SHORT_W","LEFT(case when REPLACE(NA_TEMP_ZIP_SHORT_W, ' ','') = '0' then RIGHT('00000'||COALESCE(REPLACE(NA_TEMP_ZIP_SHORT_W, ' ',''),''),5)  else NA_TEMP_ZIP_SHORT_W end,5)","1","1","0","0","0","0","0","1","1","60","2023-03-12 03:01:17.450","Common_Team"
"INT_L_B2K_BCNAME_1_0","BK_LOCATOR_001_06","LEFT(( (COALESCE(TRIM(NA_TEMP_ADDR1_W ),''))||'_'|| (COALESCE(TRIM(NA_TEMP_ADDR2_W ),''))||'_'|| (COALESCE(TRIM(NA_TEMP_ADDR3_W ),''))||'_'|| (COALESCE(TRIM(NA_TEMP_CITY_SHORT_W ),''))||'_'|| (COALESCE(TRIM( '' ),''))||'_'|| (COALESCE(TRIM( '' ),''))||'_'|| (COALESCE(TRIM( '' ),''))||'_'|| (case when NA_TEMP_ZIP_SHORT_W like '%0%' then RIGHT('00000'||(COALESCE(TRIM(NA_TEMP_ZIP_SHORT_W ),'')),5) else COALESCE(TRIM(NA_TEMP_ZIP_SHORT_W ),'') end)||'_'|| (COALESCE(TRIM(NA_TEMP_STATE_W),'')) ),500)","1","1","0","0","0","0","0","1","1","61","2023-03-12 03:01:17.450","Common_Team"
