"INTERFACE_NAME","COL_NAME","EXPRESSION","EXE_DB","INSERT_FLAG","UPDATE_FLAG","KEY_UPD","UD1","UD2","UD3","UD4","UD5","COL_POSITION","LAST_UPDATE_DATE","LAST_UPDATE_USER"
"INT_L_FRCI_EDW_FRCISWDT_T1","CENTREF","FRCI_FRCISWDT_1_0.CENTREF","0","1","0","0","0","0","0","0","0","1","2023-03-12 02:26:00.039","hathaipat"
"INT_L_FRCI_EDW_FRCISWDT_T1","SERIALNO","FRCI_FRCISWDT_1_0.SERIALNO","0","1","0","0","0","0","0","0","0","2","2023-03-12 02:26:00.039","hathaipat"
"INT_L_FRCI_EDW_FRCISWDT_T1","PREMAMT","FRCI_FRCISWDT_1_0.PREMAMT","0","1","0","0","0","0","0","0","0","3","2023-03-12 02:26:00.039","hathaipat"
"INT_L_FRCI_EDW_FRCISWDT_T1","PREMRATE","FRCI_FRCISWDT_1_0.PREMRATE","0","1","0","0","0","0","0","0","0","4","2023-03-12 02:26:00.039","hathaipat"
"INT_L_FRCI_EDW_FRCISWDT_T1","PREMBAHT","FRCI_FRCISWDT_1_0.PREMBAHT","0","1","0","0","0","0","0","0","0","5","2023-03-12 02:26:00.039","hathaipat"
"INT_L_FRCI_EDW_FRCISWDT_T1","CRTYPE","FRCI_FRCISWDT_1_0.CRTYPE","0","1","0","0","0","0","0","0","0","6","2023-03-12 02:26:00.039","hathaipat"
"INT_L_FRCI_EDW_FRCISWDT_T1","CRDET","FRCI_FRCISWDT_1_0.CRDET","0","1","0","0","0","0","0","0","0","7","2023-03-12 02:26:00.039","hathaipat"
"INT_L_FRCI_EDW_FRCISWDT_T1","BENBANK","FRCI_FRCISWDT_1_0.BENBANK","0","1","0","0","0","0","0","0","0","8","2023-03-12 02:26:00.039","hathaipat"
"INT_L_FRCI_EDW_FRCISWDT_T1","PAYAMT","FRCI_FRCISWDT_1_0.PAYAMT","0","1","0","0","0","0","0","0","0","9","2023-03-12 02:26:00.039","hathaipat"
"INT_L_FRCI_EDW_FRCISWDT_T1","PAYCUR","FRCI_FRCISWDT_1_0.PAYCUR","0","1","0","0","0","0","0","0","0","10","2023-03-12 02:26:00.039","hathaipat"
"INT_L_FRCI_EDW_FRCISWDT_T1","RATETYPE","FRCI_FRCISWDT_1_0.RATETYPE","0","1","0","0","0","0","0","0","0","11","2023-03-12 02:26:00.039","hathaipat"
"INT_L_FRCI_EDW_FRCISWDT_T1","PAYRATE","FRCI_FRCISWDT_1_0.PAYRATE","0","1","0","0","0","0","0","0","0","12","2023-03-12 02:26:00.039","hathaipat"
"INT_L_FRCI_EDW_FRCISWDT_T1","PAYBAHT","FRCI_FRCISWDT_1_0.PAYBAHT","0","1","0","0","0","0","0","0","0","13","2023-03-12 02:26:00.039","hathaipat"
"INT_L_FRCI_EDW_FRCISWDT_T1","CROSSRATE","FRCI_FRCISWDT_1_0.CROSSRATE","0","1","0","0","0","0","0","0","0","14","2023-03-12 02:26:00.039","hathaipat"
"INT_L_FRCI_EDW_FRCISWDT_T1","BASERATE","FRCI_FRCISWDT_1_0.BASERATE","0","1","0","0","0","0","0","0","0","15","2023-03-12 02:26:00.039","hathaipat"
"INT_L_FRCI_EDW_FRCISWDT_T1","DEALNO","FRCI_FRCISWDT_1_0.DEALNO","0","1","0","0","0","0","0","0","0","16","2023-03-12 02:26:00.039","hathaipat"
"INT_L_FRCI_EDW_FRCISWDT_T1","OBJCODE","FRCI_FRCISWDT_1_0.OBJCODE","0","1","0","0","0","0","0","0","0","17","2023-03-12 02:26:00.039","hathaipat"
"INT_L_FRCI_EDW_FRCISWDT_T1","FTTYPE","FRCI_FRCISWDT_1_0.FTTYPE","0","1","0","0","0","0","0","0","0","18","2023-03-12 02:26:00.039","hathaipat"
"INT_L_FRCI_EDW_FRCISWDT_T1","FTNO","FRCI_FRCISWDT_1_0.FTNO","0","1","0","0","0","0","0","0","0","19","2023-03-12 02:26:00.039","hathaipat"
"INT_L_FRCI_EDW_FRCISWDT_T1","SNDMITFG","FRCI_FRCISWDT_1_0.SNDMITFG","0","1","0","0","0","0","0","0","0","20","2023-03-12 02:26:00.039","hathaipat"
"INT_L_FRCI_EDW_FRCISWDT_T1","RQUIDCR","FRCI_FRCISWDT_1_0.RQUIDCR","0","1","0","0","0","0","0","0","0","21","2023-03-12 02:26:00.039","hathaipat"
"INT_L_FRCI_EDW_FRCISWDT_T1","PAYFULL","FRCI_FRCISWDT_1_0.PAYFULL","0","1","0","0","0","0","0","0","0","22","2023-03-12 02:26:00.039","hathaipat"
"INT_L_FRCI_EDW_FRCISWDT_T1","OBJDESC","LEFT(OBJDESC,100)","1","1","0","0","0","0","0","0","0","23","2023-03-12 02:26:00.039","Common_Team"
"INT_L_FRCI_EDW_FRCISWDT_T1","CRACBR","FRCI_FRCISWDT_1_0.CRACBR","0","1","0","0","0","0","0","0","0","24","2023-03-12 02:26:00.039","hathaipat"
"INT_L_FRCI_EDW_FRCISWDT_T1","START_DT","","0","1","0","0","0","0","0","0","0","25","2023-03-12 02:26:00.039","hathaipat"
"INT_L_FRCI_EDW_FRCISWDT_T1","END_DT","","0","1","0","0","0","0","0","0","0","26","2023-03-12 02:26:00.039","hathaipat"
"INT_L_FRCI_EDW_FRCISWDT_T1","RECORD_DELETED_FLAG","","0","1","0","0","0","0","0","0","0","27","2023-03-12 02:26:00.039","hathaipat"
"INT_L_FRCI_EDW_FRCISWDT_T1","CTL_ID","","0","1","0","0","0","0","0","0","0","28","2023-03-12 02:26:00.039","hathaipat"
"INT_L_FRCI_EDW_FRCISWDT_T1","INS_PROC_NAME","","0","1","0","0","0","0","0","0","0","29","2023-03-12 02:26:00.039","hathaipat"
"INT_L_FRCI_EDW_FRCISWDT_T1","INS_TXF_BATCHID","","0","1","0","0","0","0","0","0","0","30","2023-03-12 02:26:00.039","hathaipat"
"INT_L_FRCI_EDW_FRCISWDT_T1","UPD_PROC_NAME","","0","1","0","0","0","0","0","0","0","31","2023-03-12 02:26:00.039","hathaipat"
"INT_L_FRCI_EDW_FRCISWDT_T1","UPD_TXF_BATCHID","","0","1","0","0","0","0","0","0","0","32","2023-03-12 02:26:00.039","hathaipat"
"INT_L_FRCI_EDW_FRCISWDT_T1","BK_PARTY_121_001","(COALESCE(TRIM(FRCI_FRCISWDT_1_0.BENBANK),'') || '_121')","1","1","0","0","0","0","0","1","1","33","2023-03-12 02:26:00.039","Common_Team"
"INT_L_FRCI_EDW_FRCISWDT_T1","BM_M42900_001","( 'Pay Rate'||'_'||COALESCE(TRIM(FRCI_FRCISWDT_1_0.RATETYPE),'') )","1","1","0","0","0","0","0","0","1","34","2023-03-12 02:26:00.039","Common_Team"
"INT_L_FRCI_EDW_FRCISWDT_T1","CBSCRACNAME","LEFT(CBSCRACNAME,40)","1","1","0","0","0","0","0","0","0","35","2023-03-12 02:26:00.039","Common_Team"
"INT_L_FRCI_EDW_FRCISWDT_T1","OCCODE","FRCI_FRCISWDT_1_0.OCCODE","0","1","0","0","0","0","0","0","0","36","2023-03-12 02:26:00.039","hathaipat"
