"INTERFACE_NAME","COL_NAME","EXPRESSION","EXE_DB","INSERT_FLAG","UPDATE_FLAG","KEY_UPD","UD1","UD2","UD3","UD4","UD5","COL_POSITION","LAST_UPDATE_DATE","LAST_UPDATE_USER"
"INT_L_ICORE_EDW_CTB_USER_BELONG","USER_ID","LEFT(USER_ID,32)","1","1","1","1","1","0","0","0","0","1","2023-03-12 00:20:47.732","Common_Team"
"INT_L_ICORE_EDW_CTB_USER_BELONG","ORG_ID","LEFT(ORG_ID,10)","1","1","1","1","1","0","0","0","0","2","2023-03-12 00:20:47.732","Common_Team"
"INT_L_ICORE_EDW_CTB_USER_BELONG","BRANCH_ID","LEFT(BRANCH_ID,10)","1","1","1","0","0","0","0","0","0","3","2023-03-12 00:20:47.732","Common_Team"
"INT_L_ICORE_EDW_CTB_USER_BELONG","DATA_CREATE_TIME","DATA_CREATE_TIME","1","1","1","0","0","0","0","0","0","4","2023-03-12 00:20:47.732","D92535"
"INT_L_ICORE_EDW_CTB_USER_BELONG","DATA_UPDATE_TIME","DATA_UPDATE_TIME","1","1","1","0","0","0","0","0","0","5","2023-03-12 00:20:47.732","D92535"
"INT_L_ICORE_EDW_CTB_USER_BELONG","DATA_CREATE_USER","LEFT(DATA_CREATE_USER,32)","1","1","1","0","0","0","0","0","0","6","2023-03-12 00:20:47.732","Common_Team"
"INT_L_ICORE_EDW_CTB_USER_BELONG","DATA_UPDATE_USER","LEFT(DATA_UPDATE_USER,32)","1","1","1","0","0","0","0","0","0","7","2023-03-12 00:20:47.732","Common_Team"
"INT_L_ICORE_EDW_CTB_USER_BELONG","DATA_VERSION","ICORE_CTB_USER_BELONG_1_0.DATA_VERSION","0","1","1","0","0","0","0","0","0","8","2023-03-12 00:20:47.732","D92535"
