"INTERFACE_NAME","COL_NAME","EXPRESSION","EXE_DB","INSERT_FLAG","UPDATE_FLAG","KEY_UPD","UD1","UD2","UD3","UD4","UD5","COL_POSITION","LAST_UPDATE_DATE","LAST_UPDATE_USER"
"INT_L_FRC_EDW_FRCOSWTR_T1","CENTREF","LEFT(CENTREF,20)","1","1","0","0","0","0","0","0","0","1","2023-03-12 02:13:14.806","Common_Team"
"INT_L_FRC_EDW_FRCOSWTR_T1","APPREF1","LEFT(APPREF1,20)","1","1","0","0","0","0","0","0","0","2","2023-03-12 02:13:14.806","Common_Team"
"INT_L_FRC_EDW_FRCOSWTR_T1","APPREF2","LEFT(APPREF2,20)","1","1","0","0","0","0","0","0","0","3","2023-03-12 02:13:14.806","Common_Team"
"INT_L_FRC_EDW_FRCOSWTR_T1","RELREF","LEFT(RELREF,20)","1","1","0","0","0","0","0","0","0","4","2023-03-12 02:13:14.806","Common_Team"
"INT_L_FRC_EDW_FRCOSWTR_T1","REMTYPE","LEFT(REMTYPE,4)","1","1","0","0","0","0","0","0","0","5","2023-03-12 02:13:14.806","Common_Team"
"INT_L_FRC_EDW_FRCOSWTR_T1","REMFORM","LEFT(REMFORM,4)","1","1","0","0","0","0","0","0","0","6","2023-03-12 02:13:14.806","Common_Team"
"INT_L_FRC_EDW_FRCOSWTR_T1","CHANCODE","LEFT(CHANCODE,4)","1","1","0","0","0","0","0","0","0","7","2023-03-12 02:13:14.806","Common_Team"
"INT_L_FRC_EDW_FRCOSWTR_T1","APPCODE","LEFT(APPCODE,4)","1","1","0","0","0","0","0","0","0","8","2023-03-12 02:13:14.806","Common_Team"
"INT_L_FRC_EDW_FRCOSWTR_T1","PROCSTEP","LEFT(PROCSTEP,1)","1","1","0","0","0","0","0","0","0","9","2023-03-12 02:13:14.806","Common_Team"
"INT_L_FRC_EDW_FRCOSWTR_T1","PROCSTAT","LEFT(PROCSTAT,2)","1","1","0","0","0","0","0","0","0","10","2023-03-12 02:13:14.806","Common_Team"
"INT_L_FRC_EDW_FRCOSWTR_T1","GLFLAG","LEFT(GLFLAG,1)","1","1","0","0","0","0","0","0","0","11","2023-03-12 02:13:14.806","Common_Team"
"INT_L_FRC_EDW_FRCOSWTR_T1","CRTYPE","LEFT(CRTYPE,3)","1","1","0","0","0","0","0","0","0","12","2023-03-12 02:13:14.806","Common_Team"
"INT_L_FRC_EDW_FRCOSWTR_T1","CRDET","LEFT(CRDET,20)","1","1","0","0","0","0","0","0","0","13","2023-03-12 02:13:14.806","Common_Team"
"INT_L_FRC_EDW_FRCOSWTR_T1","NOMRATE","FRC_FRCOSWTR_1_0.NOMRATE","0","1","0","0","0","0","0","0","0","14","2023-03-12 02:13:14.806","hathaipat"
"INT_L_FRC_EDW_FRCOSWTR_T1","PRINCOPY","FRC_FRCOSWTR_1_0.PRINCOPY","0","1","0","0","0","0","0","0","0","15","2023-03-12 02:13:14.806","hathaipat"
"INT_L_FRC_EDW_FRCOSWTR_T1","SENNO","LEFT(SENNO,20)","1","1","0","0","0","0","0","0","0","16","2023-03-12 02:13:14.806","Common_Team"
"INT_L_FRC_EDW_FRCOSWTR_T1","SENID","LEFT(SENID,20)","1","1","0","0","0","0","0","0","0","17","2023-03-12 02:13:14.806","Common_Team"
"INT_L_FRC_EDW_FRCOSWTR_T1","SENNAME1","LEFT(SENNAME1,35)","1","1","0","0","0","0","0","0","0","18","2023-03-12 02:13:14.806","Common_Team"
"INT_L_FRC_EDW_FRCOSWTR_T1","SENNAME2","LEFT(SENNAME2,35)","1","1","0","0","0","0","0","0","0","19","2023-03-12 02:13:14.806","Common_Team"
"INT_L_FRC_EDW_FRCOSWTR_T1","SENADDR1","LEFT(SENADDR1,35)","1","1","0","0","0","0","0","0","0","20","2023-03-12 02:13:14.806","Common_Team"
"INT_L_FRC_EDW_FRCOSWTR_T1","SENADDR2","LEFT(SENADDR2,35)","1","1","0","0","0","0","0","0","0","21","2023-03-12 02:13:14.806","Common_Team"
"INT_L_FRC_EDW_FRCOSWTR_T1","RECAC","LEFT(RECAC,35)","1","1","0","0","0","0","0","0","0","22","2023-03-12 02:13:14.806","Common_Team"
"INT_L_FRC_EDW_FRCOSWTR_T1","RECID","LEFT(RECID,20)","1","1","0","0","0","0","0","0","0","23","2023-03-12 02:13:14.806","Common_Team"
"INT_L_FRC_EDW_FRCOSWTR_T1","RECNAME1","LEFT(RECNAME1,35)","1","1","0","0","0","0","0","0","0","24","2023-03-12 02:13:14.806","Common_Team"
"INT_L_FRC_EDW_FRCOSWTR_T1","RECNAME2","LEFT(RECNAME2,35)","1","1","0","0","0","0","0","0","0","25","2023-03-12 02:13:14.806","Common_Team"
"INT_L_FRC_EDW_FRCOSWTR_T1","RECADDR1","LEFT(RECADDR1,35)","1","1","0","0","0","0","0","0","0","26","2023-03-12 02:13:14.806","Common_Team"
"INT_L_FRC_EDW_FRCOSWTR_T1","RECADDR2","LEFT(RECADDR2,35)","1","1","0","0","0","0","0","0","0","27","2023-03-12 02:13:14.806","Common_Team"
"INT_L_FRC_EDW_FRCOSWTR_T1","BENID","LEFT(BENID,20)","1","1","0","0","0","0","0","0","0","28","2023-03-12 02:13:14.806","Common_Team"
"INT_L_FRC_EDW_FRCOSWTR_T1","BENNAME1","LEFT(BENNAME1,35)","1","1","0","0","0","0","0","0","0","29","2023-03-12 02:13:14.806","Common_Team"
"INT_L_FRC_EDW_FRCOSWTR_T1","BENNAME2","LEFT(BENNAME2,35)","1","1","0","0","0","0","0","0","0","30","2023-03-12 02:13:14.806","Common_Team"
"INT_L_FRC_EDW_FRCOSWTR_T1","BENADDR1","LEFT(BENADDR1,35)","1","1","0","0","0","0","0","0","0","31","2023-03-12 02:13:14.806","Common_Team"
"INT_L_FRC_EDW_FRCOSWTR_T1","BENADDR2","LEFT(BENADDR2,35)","1","1","0","0","0","0","0","0","0","32","2023-03-12 02:13:14.806","Common_Team"
"INT_L_FRC_EDW_FRCOSWTR_T1","ORDBANK","LEFT(ORDBANK,12)","1","1","0","0","0","0","0","0","0","33","2023-03-12 02:13:14.806","Common_Team"
"INT_L_FRC_EDW_FRCOSWTR_T1","REMBANK","LEFT(REMBANK,12)","1","1","0","0","0","0","0","0","0","34","2023-03-12 02:13:14.806","Common_Team"
"INT_L_FRC_EDW_FRCOSWTR_T1","PAYBANK","LEFT(PAYBANK,12)","1","1","0","0","0","0","0","0","0","35","2023-03-12 02:13:14.806","Common_Team"
"INT_L_FRC_EDW_FRCOSWTR_T1","BENBANK","LEFT(BENBANK,35)","1","1","0","0","0","0","0","0","0","36","2023-03-12 02:13:14.806","Common_Team"
"INT_L_FRC_EDW_FRCOSWTR_T1","REIBANK","LEFT(REIBANK,35)","1","1","0","0","0","0","0","0","0","37","2023-03-12 02:13:14.806","Common_Team"
"INT_L_FRC_EDW_FRCOSWTR_T1","BENDET1","LEFT(BENDET1,35)","1","1","0","0","0","0","0","0","0","38","2023-03-12 02:13:14.806","Common_Team"
"INT_L_FRC_EDW_FRCOSWTR_T1","BENDET2","LEFT(BENDET2,35)","1","1","0","0","0","0","0","0","0","39","2023-03-12 02:13:14.806","Common_Team"
"INT_L_FRC_EDW_FRCOSWTR_T1","BENDET3","LEFT(BENDET3,35)","1","1","0","0","0","0","0","0","0","40","2023-03-12 02:13:14.806","Common_Team"
"INT_L_FRC_EDW_FRCOSWTR_T1","BENDET4","LEFT(BENDET4,35)","1","1","0","0","0","0","0","0","0","41","2023-03-12 02:13:14.806","Common_Team"
"INT_L_FRC_EDW_FRCOSWTR_T1","BENDET5","LEFT(BENDET5,35)","1","1","0","0","0","0","0","0","0","42","2023-03-12 02:13:14.806","Common_Team"
"INT_L_FRC_EDW_FRCOSWTR_T1","BENDET6","LEFT(BENDET6,35)","1","1","0","0","0","0","0","0","0","43","2023-03-12 02:13:14.806","Common_Team"
"INT_L_FRC_EDW_FRCOSWTR_T1","DETPAY1","LEFT(DETPAY1,35)","1","1","0","0","0","0","0","0","0","44","2023-03-12 02:13:14.806","Common_Team"
"INT_L_FRC_EDW_FRCOSWTR_T1","DETPAY2","LEFT(DETPAY2,35)","1","1","0","0","0","0","0","0","0","45","2023-03-12 02:13:14.806","Common_Team"
"INT_L_FRC_EDW_FRCOSWTR_T1","DETPAY3","LEFT(DETPAY3,35)","1","1","0","0","0","0","0","0","0","46","2023-03-12 02:13:14.806","Common_Team"
"INT_L_FRC_EDW_FRCOSWTR_T1","DETPAY4","LEFT(DETPAY4,35)","1","1","0","0","0","0","0","0","0","47","2023-03-12 02:13:14.806","Common_Team"
"INT_L_FRC_EDW_FRCOSWTR_T1","DETCHAR","LEFT(DETCHAR,3)","1","1","0","0","0","0","0","0","0","48","2023-03-12 02:13:14.806","Common_Team"
"INT_L_FRC_EDW_FRCOSWTR_T1","CTRYCODE","LEFT(CTRYCODE,3)","1","1","0","0","0","0","0","0","0","49","2023-03-12 02:13:14.806","Common_Team"
"INT_L_FRC_EDW_FRCOSWTR_T1","RCNSERNO","FRC_FRCOSWTR_1_0.RCNSERNO","0","1","0","0","0","0","0","0","0","50","2023-03-12 02:13:14.806","hathaipat"
"INT_L_FRC_EDW_FRCOSWTR_T1","CLIENTNO","LEFT(CLIENTNO,20)","1","1","0","0","0","0","0","0","0","51","2023-03-12 02:13:14.806","Common_Team"
"INT_L_FRC_EDW_FRCOSWTR_T1","TAXID","LEFT(TAXID,20)","1","1","0","0","0","0","0","0","0","52","2023-03-12 02:13:14.806","Common_Team"
"INT_L_FRC_EDW_FRCOSWTR_T1","OWNUNIT","LEFT(OWNUNIT,8)","1","1","0","0","0","0","0","0","0","53","2023-03-12 02:13:14.806","Common_Team"
"INT_L_FRC_EDW_FRCOSWTR_T1","FWDDATE","(COALESCE(to_date(FRC_FRCOSWTR_1_0.FWDDATE, 'yyyy-MM-dd'), to_date('1000-01-03')))","1","1","0","0","0","0","0","0","0","54","2023-03-12 02:13:14.806","thanakit"
"INT_L_FRC_EDW_FRCOSWTR_T1","VALDATE","(COALESCE(to_date(FRC_FRCOSWTR_1_0.VALDATE, 'yyyy-MM-dd'), to_date('1000-01-03')))","1","1","0","0","0","0","0","0","0","55","2023-03-12 02:13:14.806","thanakit"
"INT_L_FRC_EDW_FRCOSWTR_T1","LEGCUR","LEFT(LEGCUR,3)","1","1","0","0","0","0","0","0","0","56","2023-03-12 02:13:14.806","Common_Team"
"INT_L_FRC_EDW_FRCOSWTR_T1","LEGAMT","FRC_FRCOSWTR_1_0.LEGAMT","0","1","0","0","0","0","0","0","0","57","2023-03-12 02:13:14.806","hathaipat"
"INT_L_FRC_EDW_FRCOSWTR_T1","LEGRATE","FRC_FRCOSWTR_1_0.LEGRATE","0","1","0","0","0","0","0","0","0","58","2023-03-12 02:13:14.806","hathaipat"
"INT_L_FRC_EDW_FRCOSWTR_T1","REMCUR","LEFT(REMCUR,3)","1","1","0","0","0","0","0","0","0","59","2023-03-12 02:13:14.806","Common_Team"
"INT_L_FRC_EDW_FRCOSWTR_T1","REMAMT","FRC_FRCOSWTR_1_0.REMAMT","0","1","0","0","0","0","0","0","0","60","2023-03-12 02:13:14.806","hathaipat"
"INT_L_FRC_EDW_FRCOSWTR_T1","REMRATE","FRC_FRCOSWTR_1_0.REMRATE","0","1","0","0","0","0","0","0","0","61","2023-03-12 02:13:14.806","hathaipat"
"INT_L_FRC_EDW_FRCOSWTR_T1","REMBAHT","FRC_FRCOSWTR_1_0.REMBAHT","0","1","0","0","0","0","0","0","0","62","2023-03-12 02:13:14.806","hathaipat"
"INT_L_FRC_EDW_FRCOSWTR_T1","PAYCUR","LEFT(PAYCUR,3)","1","1","0","0","0","0","0","0","0","63","2023-03-12 02:13:14.806","Common_Team"
"INT_L_FRC_EDW_FRCOSWTR_T1","PAYAMT","FRC_FRCOSWTR_1_0.PAYAMT","0","1","0","0","0","0","0","0","0","64","2023-03-12 02:13:14.806","hathaipat"
"INT_L_FRC_EDW_FRCOSWTR_T1","PAYRATE","FRC_FRCOSWTR_1_0.PAYRATE","0","1","0","0","0","0","0","0","0","65","2023-03-12 02:13:14.806","hathaipat"
"INT_L_FRC_EDW_FRCOSWTR_T1","PAYBAHT","FRC_FRCOSWTR_1_0.PAYBAHT","0","1","0","0","0","0","0","0","0","66","2023-03-12 02:13:14.806","hathaipat"
"INT_L_FRC_EDW_FRCOSWTR_T1","NOSCUR","LEFT(NOSCUR,3)","1","1","0","0","0","0","0","0","0","67","2023-03-12 02:13:14.806","Common_Team"
"INT_L_FRC_EDW_FRCOSWTR_T1","NOSAMT","FRC_FRCOSWTR_1_0.NOSAMT","0","1","0","0","0","0","0","0","0","68","2023-03-12 02:13:14.806","hathaipat"
"INT_L_FRC_EDW_FRCOSWTR_T1","NOSRATE","FRC_FRCOSWTR_1_0.NOSRATE","0","1","0","0","0","0","0","0","0","69","2023-03-12 02:13:14.806","hathaipat"
"INT_L_FRC_EDW_FRCOSWTR_T1","NOSBAHT","FRC_FRCOSWTR_1_0.NOSBAHT","0","1","0","0","0","0","0","0","0","70","2023-03-12 02:13:14.806","hathaipat"
"INT_L_FRC_EDW_FRCOSWTR_T1","REMARK1","LEFT(REMARK1,35)","1","1","0","0","0","0","0","0","0","71","2023-03-12 02:13:14.806","Common_Team"
"INT_L_FRC_EDW_FRCOSWTR_T1","REMARK2","LEFT(REMARK2,35)","1","1","0","0","0","0","0","0","0","72","2023-03-12 02:13:14.806","Common_Team"
"INT_L_FRC_EDW_FRCOSWTR_T1","REMARK3","LEFT(REMARK3,35)","1","1","0","0","0","0","0","0","0","73","2023-03-12 02:13:14.806","Common_Team"
"INT_L_FRC_EDW_FRCOSWTR_T1","REMARK4","LEFT(REMARK4,35)","1","1","0","0","0","0","0","0","0","74","2023-03-12 02:13:14.806","Common_Team"
"INT_L_FRC_EDW_FRCOSWTR_T1","REMARK5","LEFT(REMARK5,35)","1","1","0","0","0","0","0","0","0","75","2023-03-12 02:13:14.806","Common_Team"
"INT_L_FRC_EDW_FRCOSWTR_T1","MGREFID","LEFT(MGREFID,48)","1","1","0","0","0","0","0","0","0","76","2023-03-12 02:13:14.806","Common_Team"
"INT_L_FRC_EDW_FRCOSWTR_T1","BKREFID","LEFT(BKREFID,48)","1","1","0","0","0","0","0","0","0","77","2023-03-12 02:13:14.806","Common_Team"
"INT_L_FRC_EDW_FRCOSWTR_T1","INITDATE","(COALESCE(to_date(FRC_FRCOSWTR_1_0.INITDATE, 'yyyy-MM-dd'), to_date('1000-01-03')))","1","1","0","0","0","0","0","0","0","78","2023-03-12 02:13:14.806","thanakit"
"INT_L_FRC_EDW_FRCOSWTR_T1","LEGBAHT","FRC_FRCOSWTR_1_0.LEGBAHT","0","1","0","0","0","0","0","0","0","79","2023-03-12 02:13:14.806","hathaipat"
"INT_L_FRC_EDW_FRCOSWTR_T1","SNDMITFG","LEFT(SNDMITFG,1)","1","1","0","0","0","0","0","0","0","80","2023-03-12 02:13:14.806","Common_Team"
"INT_L_FRC_EDW_FRCOSWTR_T1","TPSWREF","LEFT(TPSWREF,20)","1","1","0","0","0","0","0","0","0","81","2023-03-12 02:13:14.806","Common_Team"
"INT_L_FRC_EDW_FRCOSWTR_T1","CRACBR","LEFT(CRACBR,4)","1","1","0","0","0","0","0","0","0","82","2023-03-12 02:13:14.806","Common_Team"
"INT_L_FRC_EDW_FRCOSWTR_T1","F57OPT","LEFT(F57OPT,1)","1","1","0","0","0","0","0","0","0","83","2023-03-12 02:13:14.806","Common_Team"
"INT_L_FRC_EDW_FRCOSWTR_T1","REMARK6","LEFT(REMARK6,35)","1","1","0","0","0","0","0","0","0","84","2023-03-12 02:13:14.806","Common_Team"
"INT_L_FRC_EDW_FRCOSWTR_T1","START_DT","","0","1","0","0","0","0","0","0","0","85","2023-03-12 02:13:14.806","hathaipat"
"INT_L_FRC_EDW_FRCOSWTR_T1","END_DT","","0","1","0","0","0","0","0","0","0","86","2023-03-12 02:13:14.806","hathaipat"
"INT_L_FRC_EDW_FRCOSWTR_T1","RECORD_DELETED_FLAG","","0","1","0","0","0","0","0","0","0","87","2023-03-12 02:13:14.806","hathaipat"
"INT_L_FRC_EDW_FRCOSWTR_T1","CTL_ID","","0","1","0","0","0","0","0","0","0","88","2023-03-12 02:13:14.806","hathaipat"
"INT_L_FRC_EDW_FRCOSWTR_T1","INS_PROC_NAME","","0","1","0","0","0","0","0","0","0","89","2023-03-12 02:13:14.806","hathaipat"
"INT_L_FRC_EDW_FRCOSWTR_T1","INS_TXF_BATCHID","","0","1","0","0","0","0","0","0","0","90","2023-03-12 02:13:14.806","hathaipat"
"INT_L_FRC_EDW_FRCOSWTR_T1","UPD_PROC_NAME","","0","1","0","0","0","0","0","0","0","91","2023-03-12 02:13:14.806","hathaipat"
"INT_L_FRC_EDW_FRCOSWTR_T1","UPD_TXF_BATCHID","","0","1","0","0","0","0","0","0","0","92","2023-03-12 02:13:14.806","hathaipat"
"INT_L_FRC_EDW_FRCOSWTR_T1","BK_PARTY_121_001","(COALESCE(TRIM(FRC_FRCOSWTR_1_0.ORDBANK),'') || '_121')","1","1","0","0","0","0","0","1","1","93","2023-03-12 02:13:14.806","Common_Team"
"INT_L_FRC_EDW_FRCOSWTR_T1","BK_PARTY_121_002","(COALESCE(TRIM(FRC_FRCOSWTR_1_0.REMBANK),'') || '_121')","1","1","0","0","0","0","0","1","1","94","2023-03-12 02:13:14.806","Common_Team"
"INT_L_FRC_EDW_FRCOSWTR_T1","BK_PARTY_121_003","(COALESCE(TRIM(FRC_FRCOSWTR_1_0.REIBANK),'') || '_121')","1","1","0","0","0","0","0","1","1","95","2023-03-12 02:13:14.806","Common_Team"
"INT_L_FRC_EDW_FRCOSWTR_T1","BK_PARTY_121_004","(COALESCE(TRIM(FRC_FRCOSWTR_1_0.BENBANK),'') || '_121')","1","1","0","0","0","0","0","1","1","96","2023-03-12 02:13:14.806","Common_Team"
"INT_L_FRC_EDW_FRCOSWTR_T1","BK_PARTY_121_005","(COALESCE(TRIM(FRC_FRCOSWTR_1_0.PAYBANK),'') || '_121')","1","1","0","0","0","0","0","1","1","97","2023-03-12 02:13:14.806","Common_Team"
"INT_L_FRC_EDW_FRCOSWTR_T1","BK_PARTY_003_001","(COALESCE(TRIM(FRC_FRCOSWTR_1_0.OWNUNIT),'') || '_003')","1","1","0","0","0","0","0","1","1","98","2023-03-12 02:13:14.806","Common_Team"
"INT_L_FRC_EDW_FRCOSWTR_T1","BK_LOCATION_123_001","(COALESCE(TRIM(FRC_FRCOSWTR_1_0.CTRYCODE),'') || '_123')","1","1","0","0","0","0","0","1","1","99","2023-03-12 02:13:14.806","Common_Team"
"INT_L_FRC_EDW_FRCOSWTR_T1","SENCTRYCD","LEFT(SENCTRYCD,2)","1","1","0","0","0","0","0","0","0","100","2023-03-12 02:13:14.806","Common_Team"
"INT_L_FRC_EDW_FRCOSWTR_T1","SENTOWN","LEFT(SENTOWN,30)","1","1","0","0","0","0","0","0","0","101","2023-03-12 02:13:14.806","Common_Team"
"INT_L_FRC_EDW_FRCOSWTR_T1","SENIDTYPE","LEFT(SENIDTYPE,6)","1","1","0","0","0","0","0","0","0","102","2023-03-12 02:13:14.806","Common_Team"
"INT_L_FRC_EDW_FRCOSWTR_T1","SENDFXPOSFG","LEFT(SENDFXPOSFG,3)","1","1","0","0","0","0","0","0","0","103","2023-03-12 02:13:14.806","Common_Team"
"INT_L_FRC_EDW_FRCOSWTR_T1","CROBJCD","LEFT(CROBJCD,6)","1","1","0","0","0","0","0","0","0","104","2023-03-12 02:13:14.806","Common_Team"
"INT_L_FRC_EDW_FRCOSWTR_T1","CROBJDESC","LEFT(CROBJDESC,100)","1","1","0","0","0","0","0","0","0","105","2023-03-12 02:13:14.806","Common_Team"
"INT_L_FRC_EDW_FRCOSWTR_T1","RQRJCOPY","FRC_FRCOSWTR_1_0.RQRJCOPY","0","1","0","0","0","0","0","0","0","106","2023-03-12 02:13:14.806","hathaipat"
"INT_L_FRC_EDW_FRCOSWTR_T1","REJECTBY","LEFT(REJECTBY,4)","1","1","0","0","0","0","0","0","0","107","2023-03-12 02:13:14.806","Common_Team"
"INT_L_FRC_EDW_FRCOSWTR_T1","CONDIDTYPE","LEFT(CONDIDTYPE,6)","1","1","0","0","0","0","0","0","0","108","2023-03-12 02:13:14.806","Common_Team"
"INT_L_FRC_EDW_FRCOSWTR_T1","CONDIDNO","LEFT(CONDIDNO,20)","1","1","0","0","0","0","0","0","0","109","2023-03-12 02:13:14.806","Common_Team"
