"INTERFACE_NAME","COL_NAME","EXPRESSION","EXE_DB","INSERT_FLAG","UPDATE_FLAG","KEY_UPD","UD1","UD2","UD3","UD4","UD5","COL_POSITION","LAST_UPDATE_DATE","LAST_UPDATE_USER"
"INT_L_BCS_HOST_CUSTOM_SUPPOR_1_0","BC_NO","LEFT(BC_NO,16)","1","1","0","0","0","0","0","0","0","1","2023-03-12 00:17:56.433","Common_Team"
"INT_L_BCS_HOST_CUSTOM_SUPPOR_1_0","CHQ_BR_SET","LEFT(CHQ_BR_SET,4)","1","1","0","0","0","0","0","0","0","2","2023-03-12 00:17:56.433","Common_Team"
"INT_L_BCS_HOST_CUSTOM_SUPPOR_1_0","AC_NO","LEFT(AC_NO,10)","1","1","0","0","0","0","0","0","0","3","2023-03-12 00:17:56.433","Common_Team"
"INT_L_BCS_HOST_CUSTOM_SUPPOR_1_0","SEND_DATE","LEFT(SEND_DATE,10)","1","1","0","0","0","0","0","0","0","4","2023-03-12 00:17:56.433","Common_Team"
"INT_L_BCS_HOST_CUSTOM_SUPPOR_1_0","INVOICE","LEFT(INVOICE,160)","1","1","0","0","0","0","0","0","0","5","2023-03-12 00:17:56.433","Common_Team"
"INT_L_BCS_HOST_CUSTOM_SUPPOR_1_0","CODE","LEFT(CODE,40)","1","1","0","0","0","0","0","0","0","6","2023-03-12 00:17:56.433","Common_Team"
"INT_L_BCS_HOST_CUSTOM_SUPPOR_1_0","OTHER","LEFT(OTHER,80)","1","1","0","0","0","0","0","0","0","7","2023-03-12 00:17:56.433","Common_Team"
"INT_L_BCS_HOST_CUSTOM_SUPPOR_1_0","ASN_DATE","LEFT(ASN_DATE,10)","1","1","0","0","0","0","0","0","0","8","2023-03-12 00:17:56.433","Common_Team"
"INT_L_BCS_HOST_CUSTOM_SUPPOR_1_0","START_DT","","0","1","0","0","0","0","0","0","0","9","2023-03-12 00:17:56.433","worada"
"INT_L_BCS_HOST_CUSTOM_SUPPOR_1_0","END_DT","","0","1","0","0","0","0","0","0","0","10","2023-03-12 00:17:56.433","worada"
"INT_L_BCS_HOST_CUSTOM_SUPPOR_1_0","RECORD_DELETED_FLAG","","0","1","0","0","0","0","0","0","0","11","2023-03-12 00:17:56.433","worada"
"INT_L_BCS_HOST_CUSTOM_SUPPOR_1_0","CTL_ID","","0","1","0","0","0","0","0","0","0","12","2023-03-12 00:17:56.433","worada"
"INT_L_BCS_HOST_CUSTOM_SUPPOR_1_0","INS_PROC_NAME","","0","1","0","0","0","0","0","0","0","13","2023-03-12 00:17:56.433","worada"
"INT_L_BCS_HOST_CUSTOM_SUPPOR_1_0","INS_TXF_BATCHID","","0","1","0","0","0","0","0","0","0","14","2023-03-12 00:17:56.433","worada"
"INT_L_BCS_HOST_CUSTOM_SUPPOR_1_0","UPD_PROC_NAME","","0","1","0","0","0","0","0","0","0","15","2023-03-12 00:17:56.433","worada"
"INT_L_BCS_HOST_CUSTOM_SUPPOR_1_0","UPD_TXF_BATCHID","","0","1","0","0","0","0","0","0","0","16","2023-03-12 00:17:56.433","worada"
