"INTERFACE_NAME","COL_NAME","EXPRESSION","EXE_DB","INSERT_FLAG","UPDATE_FLAG","KEY_UPD","UD1","UD2","UD3","UD4","UD5","COL_POSITION","LAST_UPDATE_DATE","LAST_UPDATE_USER"
"INT_L_ATS_STMT_1_0_T2","EFF_DATE","LEFT(EFF_DATE,6)","1","1","0","0","0","0","0","0","0","1","2023-03-12 00:36:17.731","Common_Team"
"INT_L_ATS_STMT_1_0_T2","COMP_CODE","LEFT(COMP_CODE,6)","1","1","0","0","0","0","0","0","0","2","2023-03-12 00:36:17.731","Common_Team"
"INT_L_ATS_STMT_1_0_T2","SEQ_NO","LEFT(SEQ_NO,15)","1","1","0","0","0","0","0","0","0","3","2023-03-12 00:36:17.731","Common_Team"
"INT_L_ATS_STMT_1_0_T2","STMT_DESC","LEFT(STMT_DESC,50)","1","1","0","0","0","0","0","0","0","4","2023-03-12 00:36:17.731","Common_Team"
"INT_L_ATS_STMT_1_0_T2","CHANNEL","LEFT(CHANNEL,4)","1","1","0","0","0","0","0","0","0","5","2023-03-12 00:36:17.731","Common_Team"
"INT_L_ATS_STMT_1_0_T2","START_DT","","0","1","0","0","0","0","0","0","0","6","2023-03-12 00:36:17.731","Worada"
"INT_L_ATS_STMT_1_0_T2","END_DT","","0","1","0","0","0","0","0","0","0","7","2023-03-12 00:36:17.731","Worada"
"INT_L_ATS_STMT_1_0_T2","RECORD_DELETED_FLAG","","0","1","0","0","0","0","0","0","0","8","2023-03-12 00:36:17.731","Worada"
"INT_L_ATS_STMT_1_0_T2","CTL_ID","","0","1","0","0","0","0","0","0","0","9","2023-03-12 00:36:17.731","Worada"
"INT_L_ATS_STMT_1_0_T2","INS_PROC_NAME","","0","1","0","0","0","0","0","0","0","10","2023-03-12 00:36:17.731","Worada"
"INT_L_ATS_STMT_1_0_T2","INS_TXF_BATCHID","","0","1","0","0","0","0","0","0","0","11","2023-03-12 00:36:17.731","Worada"
"INT_L_ATS_STMT_1_0_T2","UPD_PROC_NAME","","0","1","0","0","0","0","0","0","0","12","2023-03-12 00:36:17.731","Worada"
"INT_L_ATS_STMT_1_0_T2","UPD_TXF_BATCHID","","0","1","0","0","0","0","0","0","0","13","2023-03-12 00:36:17.731","Worada"
