"INTERFACE_NAME","COL_NAME","EXPRESSION","EXE_DB","INSERT_FLAG","UPDATE_FLAG","KEY_UPD","UD1","UD2","UD3","UD4","UD5","COL_POSITION","LAST_UPDATE_DATE","LAST_UPDATE_USER"
"INT_L_ACR_STOCKS_CROPS","LENDING_VALUE","ACR_STOCKS_CROPS_1_0.LENDING_VALUE","0","1","0","0","0","0","0","0","0","1","2023-03-12 00:59:24.296","nuttsak.wong"
"INT_L_ACR_STOCKS_CROPS","MARKET_VALUE","ACR_STOCKS_CROPS_1_0.MARKET_VALUE","0","1","0","0","0","0","0","0","0","2","2023-03-12 00:59:24.296","nuttsak.wong"
"INT_L_ACR_STOCKS_CROPS","SALE_RECOMMENDED_LVR","ACR_STOCKS_CROPS_1_0.SALE_RECOMMENDED_LVR","0","1","0","0","0","0","0","0","0","3","2023-03-12 00:59:24.296","nuttsak.wong"
"INT_L_ACR_STOCKS_CROPS","ACTIVE_FLAG","LEFT(ACTIVE_FLAG,10)","1","1","0","0","0","0","0","0","0","4","2023-03-12 00:59:24.296","Common_Team"
"INT_L_ACR_STOCKS_CROPS","DOCUMENTATION_STATUS","LEFT(DOCUMENTATION_STATUS,100)","1","1","0","0","0","0","0","0","0","5","2023-03-12 00:59:24.296","Common_Team"
"INT_L_ACR_STOCKS_CROPS","ATTRIBUTES_MATURITY_DATE","(CASE WHEN COALESCE(ATTRIBUTES_MATURITY_DATE,'') = '' THEN timestamp'1000-01-03 00:00:00.000GMT+7' WHEN LENGTH(ATTRIBUTES_MATURITY_DATE) = 10 THEN to_timestamp(to_date(ATTRIBUTES_MATURITY_DATE,'yyyy-MM-dd')) WHEN LENGTH(ATTRIBUTES_MATURITY_DATE) >= 19 THEN to_timestamp(ATTRIBUTES_MATURITY_DATE) END)","1","1","0","0","0","0","0","0","0","6","2023-03-12 00:59:24.296","nuttsak.wong"
"INT_L_ACR_STOCKS_CROPS","REDUCES_EXP_FLAG","LEFT(REDUCES_EXP_FLAG,10)","1","1","0","0","0","0","0","0","0","7","2023-03-12 00:59:24.296","Common_Team"
"INT_L_ACR_STOCKS_CROPS","ASSET_OWNER_ID","LEFT(ASSET_OWNER_ID,38)","1","1","0","0","0","0","0","0","0","8","2023-03-12 00:59:24.296","Common_Team"
"INT_L_ACR_STOCKS_CROPS","COLLATERAL_ID","LEFT(COLLATERAL_ID,38)","1","1","0","0","1","0","0","0","0","9","2023-03-12 00:59:24.296","Common_Team"
"INT_L_ACR_STOCKS_CROPS","IDENTIFICATION_DESC","LEFT(IDENTIFICATION_DESC,510)","1","1","0","0","0","0","0","0","0","10","2023-03-12 00:59:24.296","Common_Team"
"INT_L_ACR_STOCKS_CROPS","CURRENCY_CODE","LEFT(CURRENCY_CODE,20)","1","1","0","0","0","0","0","0","0","11","2023-03-12 00:59:24.296","Common_Team"
"INT_L_ACR_STOCKS_CROPS","ADDRESS_NUMBER","LEFT(ADDRESS_NUMBER,260)","1","1","0","0","0","0","0","0","0","12","2023-03-12 00:59:24.296","Common_Team"
"INT_L_ACR_STOCKS_CROPS","AMPHUR","LEFT(AMPHUR,260)","1","1","0","0","0","0","0","0","0","13","2023-03-12 00:59:24.296","Common_Team"
"INT_L_ACR_STOCKS_CROPS","BUILDING_NAME","LEFT(BUILDING_NAME,260)","1","1","0","0","0","0","0","0","0","14","2023-03-12 00:59:24.296","Common_Team"
"INT_L_ACR_STOCKS_CROPS","COUNTRY","LEFT(COUNTRY,260)","1","1","0","0","0","0","0","0","0","15","2023-03-12 00:59:24.296","Common_Team"
"INT_L_ACR_STOCKS_CROPS","DISTRICT","LEFT(DISTRICT,260)","1","1","0","0","0","0","0","0","0","16","2023-03-12 00:59:24.296","Common_Team"
"INT_L_ACR_STOCKS_CROPS","FLOOR","LEFT(FLOOR,260)","1","1","0","0","0","0","0","0","0","17","2023-03-12 00:59:24.296","Common_Team"
"INT_L_ACR_STOCKS_CROPS","MOO","LEFT(MOO,260)","1","1","0","0","0","0","0","0","0","18","2023-03-12 00:59:24.296","Common_Team"
"INT_L_ACR_STOCKS_CROPS","POSTAL_CODE","LEFT(POSTAL_CODE,260)","1","1","0","0","0","0","0","0","0","19","2023-03-12 00:59:24.296","Common_Team"
"INT_L_ACR_STOCKS_CROPS","PROVINCE","LEFT(PROVINCE,260)","1","1","0","0","0","0","0","0","0","20","2023-03-12 00:59:24.296","Common_Team"
"INT_L_ACR_STOCKS_CROPS","SOI","LEFT(SOI,260)","1","1","0","0","0","0","0","0","0","21","2023-03-12 00:59:24.296","Common_Team"
"INT_L_ACR_STOCKS_CROPS","STREET","LEFT(STREET,200)","1","1","0","0","0","0","0","0","0","22","2023-03-12 00:59:24.296","Common_Team"
"INT_L_ACR_STOCKS_CROPS","UNIT","LEFT(UNIT,260)","1","1","0","0","0","0","0","0","0","23","2023-03-12 00:59:24.296","Common_Team"
"INT_L_ACR_STOCKS_CROPS","VILLAGE_NAME","LEFT(VILLAGE_NAME,260)","1","1","0","0","0","0","0","0","0","24","2023-03-12 00:59:24.296","Common_Team"
"INT_L_ACR_STOCKS_CROPS","ASSET_DETAILED_DESC","LEFT(ASSET_DETAILED_DESC,4000)","1","1","0","0","0","0","0","0","0","25","2023-03-12 00:59:24.296","Common_Team"
"INT_L_ACR_STOCKS_CROPS","ASSET_LIMITATION","LEFT(ASSET_LIMITATION,38)","1","1","0","0","0","0","0","0","0","26","2023-03-12 00:59:24.296","Common_Team"
"INT_L_ACR_STOCKS_CROPS","ASSET_SHORT_DESC","LEFT(ASSET_SHORT_DESC,255)","1","1","0","0","0","0","0","0","0","27","2023-03-12 00:59:24.296","Common_Team"
"INT_L_ACR_STOCKS_CROPS","ASSET_TYPE","LEFT(ASSET_TYPE,38)","1","1","0","0","0","0","0","0","0","28","2023-03-12 00:59:24.296","Common_Team"
"INT_L_ACR_STOCKS_CROPS","ASSET_THIRD_PARTY","ACR_STOCKS_CROPS_1_0.ASSET_THIRD_PARTY","0","1","0","0","0","0","0","0","0","29","2023-03-12 00:59:24.296","nuttsak.wong"
"INT_L_ACR_STOCKS_CROPS","ASSET_ALLOCATED_PERCENT","ACR_STOCKS_CROPS_1_0.ASSET_ALLOCATED_PERCENT","0","1","0","0","0","0","0","0","0","30","2023-03-12 00:59:24.296","nuttsak.wong"
"INT_L_ACR_STOCKS_CROPS","DATE_OF_VALUATION","(CASE WHEN COALESCE(DATE_OF_VALUATION,'') = '' THEN timestamp'1000-01-03 00:00:00.000GMT+7' WHEN LENGTH(DATE_OF_VALUATION) = 10 THEN to_timestamp(to_date(DATE_OF_VALUATION,'yyyy-MM-dd')) WHEN LENGTH(DATE_OF_VALUATION) >= 19 THEN to_timestamp(DATE_OF_VALUATION) END)","1","1","0","0","0","0","0","0","0","31","2023-03-12 00:59:24.296","nuttsak.wong"
"INT_L_ACR_STOCKS_CROPS","DISCOUNTED_AMOUNT","ACR_STOCKS_CROPS_1_0.DISCOUNTED_AMOUNT","0","1","0","0","0","0","0","0","0","32","2023-03-12 00:59:24.296","nuttsak.wong"
"INT_L_ACR_STOCKS_CROPS","FORCED_SALE_VALUE","ACR_STOCKS_CROPS_1_0.FORCED_SALE_VALUE","0","1","0","0","0","0","0","0","0","33","2023-03-12 00:59:24.296","nuttsak.wong"
"INT_L_ACR_STOCKS_CROPS","FORCED_SALE_VALUE_DATE","(CASE WHEN COALESCE(FORCED_SALE_VALUE_DATE,'') = '' THEN timestamp'1000-01-03 00:00:00.000GMT+7' WHEN LENGTH(FORCED_SALE_VALUE_DATE) = 10 THEN to_timestamp(to_date(FORCED_SALE_VALUE_DATE,'yyyy-MM-dd')) WHEN LENGTH(FORCED_SALE_VALUE_DATE) >= 19 THEN to_timestamp(FORCED_SALE_VALUE_DATE) END)","1","1","0","0","0","0","0","0","0","34","2023-03-12 00:59:24.296","nuttsak.wong"
"INT_L_ACR_STOCKS_CROPS","FOREIGN_EXCHANGE_RATE","ACR_STOCKS_CROPS_1_0.FOREIGN_EXCHANGE_RATE","0","1","0","0","0","0","0","0","0","35","2023-03-12 00:59:24.296","nuttsak.wong"
"INT_L_ACR_STOCKS_CROPS","PLEDGE_AMOUNT","ACR_STOCKS_CROPS_1_0.PLEDGE_AMOUNT","0","1","0","0","0","0","0","0","0","36","2023-03-12 00:59:24.296","nuttsak.wong"
"INT_L_ACR_STOCKS_CROPS","TOTAL_APPRAISED_VALUE","ACR_STOCKS_CROPS_1_0.TOTAL_APPRAISED_VALUE","0","1","0","0","0","0","0","0","0","37","2023-03-12 00:59:24.296","nuttsak.wong"
"INT_L_ACR_STOCKS_CROPS","VALUATION_NOTES","LEFT(VALUATION_NOTES,510)","1","1","0","0","0","0","0","0","0","38","2023-03-12 00:59:24.296","Common_Team"
"INT_L_ACR_STOCKS_CROPS","VALUATION_SOURCE","LEFT(VALUATION_SOURCE,38)","1","1","0","0","0","0","0","0","0","39","2023-03-12 00:59:24.296","Common_Team"
"INT_L_ACR_STOCKS_CROPS","VALUATION_TYPE","LEFT(VALUATION_TYPE,38)","1","1","0","0","0","0","0","0","0","40","2023-03-12 00:59:24.296","Common_Team"
"INT_L_ACR_STOCKS_CROPS","VALUER_ORGNAME","LEFT(VALUER_ORGNAME,38)","1","1","0","0","0","0","0","0","0","41","2023-03-12 00:59:24.296","Common_Team"
"INT_L_ACR_STOCKS_CROPS","ATTRIBUTES_STATUS","LEFT(ATTRIBUTES_STATUS,38)","1","1","0","0","0","0","0","0","0","42","2023-03-12 00:59:24.296","Common_Team"
"INT_L_ACR_STOCKS_CROPS","ATTRIBUTES_PERFECTION_STATUS","LEFT(ATTRIBUTES_PERFECTION_STATUS,200)","1","1","0","0","0","0","0","0","0","43","2023-03-12 00:59:24.296","Common_Team"
"INT_L_ACR_STOCKS_CROPS","COMMODITY_ASSET_TYPE","LEFT(COMMODITY_ASSET_TYPE,200)","1","1","0","0","0","0","0","0","0","44","2023-03-12 00:59:24.296","Common_Team"
"INT_L_ACR_STOCKS_CROPS","COMMODITY_BRANDING","LEFT(COMMODITY_BRANDING,200)","1","1","0","0","0","0","0","0","0","45","2023-03-12 00:59:24.296","Common_Team"
"INT_L_ACR_STOCKS_CROPS","COMMODITY_CODE","LEFT(COMMODITY_CODE,30)","1","1","0","0","0","0","0","0","0","46","2023-03-12 00:59:24.296","Common_Team"
"INT_L_ACR_STOCKS_CROPS","COMMODITY_QUANTITY","ACR_STOCKS_CROPS_1_0.COMMODITY_QUANTITY","0","1","0","0","0","0","0","0","0","47","2023-03-12 00:59:24.296","nuttsak.wong"
"INT_L_ACR_STOCKS_CROPS","COMMODITY_UNIT_PRICE","ACR_STOCKS_CROPS_1_0.COMMODITY_UNIT_PRICE","0","1","0","0","0","0","0","0","0","48","2023-03-12 00:59:24.296","nuttsak.wong"
"INT_L_ACR_STOCKS_CROPS","COMMODITY_UNIT_TYPE","LEFT(COMMODITY_UNIT_TYPE,38)","1","1","0","0","0","0","0","0","0","49","2023-03-12 00:59:24.296","Common_Team"
"INT_L_ACR_STOCKS_CROPS","COMMODITY_WH_RECEIPT_NUMBER","LEFT(COMMODITY_WH_RECEIPT_NUMBER,500)","1","1","0","0","0","0","0","0","0","50","2023-03-12 00:59:24.296","Common_Team"
"INT_L_ACR_STOCKS_CROPS","IDENTIFICATION_SUB_TYPE","LEFT(IDENTIFICATION_SUB_TYPE,38)","1","1","0","0","0","0","0","0","0","51","2023-03-12 00:59:24.296","Common_Team"
"INT_L_ACR_STOCKS_CROPS","NEXT_REVIEW_DATE","(CASE WHEN COALESCE(NEXT_REVIEW_DATE,'') = '' THEN timestamp'1000-01-03 00:00:00.000GMT+7' WHEN LENGTH(NEXT_REVIEW_DATE) = 10 THEN to_timestamp(to_date(NEXT_REVIEW_DATE,'yyyy-MM-dd')) WHEN LENGTH(NEXT_REVIEW_DATE) >= 19 THEN to_timestamp(NEXT_REVIEW_DATE) END)","1","1","0","0","0","0","0","0","0","52","2023-03-12 00:59:24.296","nuttsak.wong"
"INT_L_ACR_STOCKS_CROPS","REVIEW_DATE","(CASE WHEN COALESCE(REVIEW_DATE,'') = '' THEN timestamp'1000-01-03 00:00:00.000GMT+7' WHEN LENGTH(REVIEW_DATE) = 10 THEN to_timestamp(to_date(REVIEW_DATE,'yyyy-MM-dd')) WHEN LENGTH(REVIEW_DATE) >= 19 THEN to_timestamp(REVIEW_DATE) END)","1","1","0","0","0","0","0","0","0","53","2023-03-12 00:59:24.296","nuttsak.wong"
"INT_L_ACR_STOCKS_CROPS","REVIEW_FREQUENCY","LEFT(REVIEW_FREQUENCY,100)","1","1","0","0","0","0","0","0","0","54","2023-03-12 00:59:24.296","Common_Team"
"INT_L_ACR_STOCKS_CROPS","LENDER_NAME","LEFT(LENDER_NAME,260)","1","1","0","0","0","0","0","0","0","55","2023-03-12 00:59:24.296","Common_Team"
"INT_L_ACR_STOCKS_CROPS","PRIORITY_RANK","LEFT(PRIORITY_RANK,100)","1","1","0","0","0","0","0","0","0","56","2023-03-12 00:59:24.296","Common_Team"
"INT_L_ACR_STOCKS_CROPS","RANK_PLEDGE_AMT","ACR_STOCKS_CROPS_1_0.RANK_PLEDGE_AMT","0","1","0","0","0","0","0","0","0","57","2023-03-12 00:59:24.296","nuttsak.wong"
"INT_L_ACR_STOCKS_CROPS","VALUE_AMOUNT","ACR_STOCKS_CROPS_1_0.VALUE_AMOUNT","0","1","0","0","0","0","0","0","0","58","2023-03-12 00:59:24.296","nuttsak.wong"
"INT_L_ACR_STOCKS_CROPS","CURRENCY_AMOUNT","ACR_STOCKS_CROPS_1_0.CURRENCY_AMOUNT","0","1","0","0","0","0","0","0","0","59","2023-03-12 00:59:24.296","nuttsak.wong"
"INT_L_ACR_STOCKS_CROPS","APPROVAL_FX_RATE","ACR_STOCKS_CROPS_1_0.APPROVAL_FX_RATE","0","1","0","0","0","0","0","0","0","60","2023-03-12 00:59:24.296","nuttsak.wong"
"INT_L_ACR_STOCKS_CROPS","VALUATION_REF","LEFT(VALUATION_REF,20)","1","1","0","0","0","0","0","0","0","61","2023-03-12 00:59:24.296","Common_Team"
"INT_L_ACR_STOCKS_CROPS","DATE_OF_AVDOV_MODIFICATION","(CASE WHEN COALESCE(DATE_OF_AVDOV_MODIFICATION,'') = '' THEN timestamp'1000-01-03 00:00:00.000GMT+7' WHEN LENGTH(DATE_OF_AVDOV_MODIFICATION) = 10 THEN to_timestamp(to_date(DATE_OF_AVDOV_MODIFICATION,'yyyy-MM-dd')) WHEN LENGTH(DATE_OF_AVDOV_MODIFICATION) >= 19 THEN to_timestamp(DATE_OF_AVDOV_MODIFICATION) END)","1","1","0","0","0","0","0","0","0","62","2023-03-12 00:59:24.296","nuttsak.wong"
"INT_L_ACR_STOCKS_CROPS","CONSENT_ID","LEFT(CONSENT_ID,38)","1","1","0","0","0","0","0","0","0","63","2023-03-12 00:59:24.296","Common_Team"
"INT_L_ACR_STOCKS_CROPS","DATE_OF_MODIFICATION","(CASE WHEN COALESCE(DATE_OF_MODIFICATION,'') = '' THEN timestamp'1000-01-03 00:00:00.000GMT+7' WHEN LENGTH(DATE_OF_MODIFICATION) = 10 THEN to_timestamp(to_date(DATE_OF_MODIFICATION,'yyyy-MM-dd')) WHEN LENGTH(DATE_OF_MODIFICATION) >= 19 THEN to_timestamp(DATE_OF_MODIFICATION) END)","1","1","0","0","0","0","0","0","0","64","2023-03-12 00:59:24.296","nuttsak.wong"
"INT_L_ACR_STOCKS_CROPS","BK_PARTYASSET_070_001","Coalesce(trim(ACR_STOCKS_CROPS_1_0.COLLATERAL_ID),'')||'_070'","1","1","0","0","0","0","0","1","1","65","2023-03-12 00:59:24.296","Common_Team"
"INT_L_ACR_STOCKS_CROPS","START_DT","","0","1","0","0","0","0","0","0","0","66","2023-03-12 00:59:24.296","nuttsak.wong"
"INT_L_ACR_STOCKS_CROPS","END_DT","","0","1","0","0","0","0","0","0","0","67","2023-03-12 00:59:24.296","nuttsak.wong"
"INT_L_ACR_STOCKS_CROPS","RECORD_DELETED_FLAG","","0","1","0","0","0","0","0","0","0","68","2023-03-12 00:59:24.296","nuttsak.wong"
"INT_L_ACR_STOCKS_CROPS","CTL_ID","","0","1","0","0","0","0","0","0","0","69","2023-03-12 00:59:24.296","nuttsak.wong"
"INT_L_ACR_STOCKS_CROPS","INS_PROC_NAME","","0","1","0","0","0","0","0","0","0","70","2023-03-12 00:59:24.296","nuttsak.wong"
"INT_L_ACR_STOCKS_CROPS","INS_TXF_BATCHID","","0","1","0","0","0","0","0","0","0","71","2023-03-12 00:59:24.296","nuttsak.wong"
"INT_L_ACR_STOCKS_CROPS","UPD_PROC_NAME","","0","1","0","0","0","0","0","0","0","72","2023-03-12 00:59:24.296","nuttsak.wong"
"INT_L_ACR_STOCKS_CROPS","UPD_TXF_BATCHID","","0","1","0","0","0","0","0","0","0","73","2023-03-12 00:59:24.296","nuttsak.wong"
