"INTERFACE_NAME","COL_NAME","EXPRESSION","EXE_DB","INSERT_FLAG","UPDATE_FLAG","KEY_UPD","UD1","UD2","UD3","UD4","UD5","COL_POSITION","LAST_UPDATE_DATE","LAST_UPDATE_USER"
"INT_L_ICORE_EDW_APP_SUMMARY","SUMMARY_CODE","LEFT(SUMMARY_CODE,8)","1","1","1","1","1","0","0","0","0","1","2023-03-12 00:42:22.076","Common_Team"
"INT_L_ICORE_EDW_APP_SUMMARY","SUMMARY_TEXT","LEFT(SUMMARY_TEXT,64)","1","1","1","0","0","0","0","0","0","2","2023-03-12 00:42:22.076","Common_Team"
"INT_L_ICORE_EDW_APP_SUMMARY","SHORT_TEXT","LEFT(SHORT_TEXT,32)","1","1","1","0","0","0","0","0","0","3","2023-03-12 00:42:22.076","Common_Team"
"INT_L_ICORE_EDW_APP_SUMMARY","SUMMARY_CLASS","LEFT(SUMMARY_CLASS,64)","1","1","1","0","0","0","0","0","0","4","2023-03-12 00:42:22.076","Common_Team"
"INT_L_ICORE_EDW_APP_SUMMARY","DATA_CREATE_TIME","DATA_CREATE_TIME","1","1","1","0","0","0","0","0","0","5","2023-03-12 00:42:22.076","KST_SAWITREEJ"
"INT_L_ICORE_EDW_APP_SUMMARY","DATA_UPDATE_TIME","DATA_UPDATE_TIME","1","1","1","0","0","0","0","0","0","6","2023-03-12 00:42:22.076","KST_SAWITREEJ"
"INT_L_ICORE_EDW_APP_SUMMARY","DATA_CREATE_USER","LEFT(DATA_CREATE_USER,32)","1","1","1","0","0","0","0","0","0","7","2023-03-12 00:42:22.076","Common_Team"
"INT_L_ICORE_EDW_APP_SUMMARY","DATA_UPDATE_USER","LEFT(DATA_UPDATE_USER,32)","1","1","1","0","0","0","0","0","0","8","2023-03-12 00:42:22.076","Common_Team"
"INT_L_ICORE_EDW_APP_SUMMARY","DATA_VERSION","ICORE_APP_SUMMARY_1_0.DATA_VERSION","0","1","1","0","0","0","0","0","0","9","2023-03-12 00:42:22.076","KST_SAWITREEJ"
