"INTERFACE_NAME","COL_NAME","EXPRESSION","EXE_DB","INSERT_FLAG","UPDATE_FLAG","KEY_UPD","UD1","UD2","UD3","UD4","UD5","COL_POSITION","LAST_UPDATE_DATE","LAST_UPDATE_USER"
"INT_L_ICORE_EDW_LNA_LOAN","ORG_ID","LEFT(ORG_ID,10)","1","1","1","1","1","0","0","0","0","1","2023-03-12 02:18:55.639","Common_Team"
"INT_L_ICORE_EDW_LNA_LOAN","LOAN_NO","LEFT(LOAN_NO,50)","1","1","1","1","1","0","0","0","0","2","2023-03-12 02:18:55.639","Common_Team"
"INT_L_ICORE_EDW_LNA_LOAN","LIMIT_CODE","LEFT(LIMIT_CODE,50)","1","1","1","0","0","0","0","0","0","3","2023-03-12 02:18:55.639","Common_Team"
"INT_L_ICORE_EDW_LNA_LOAN","CCY_CODE","LEFT(CCY_CODE,3)","1","1","1","0","0","0","0","0","0","4","2023-03-12 02:18:55.639","Common_Team"
"INT_L_ICORE_EDW_LNA_LOAN","PROD_ID","LEFT(PROD_ID,20)","1","1","1","0","0","0","0","0","0","5","2023-03-12 02:18:55.639","Common_Team"
"INT_L_ICORE_EDW_LNA_LOAN","CUST_NO","LEFT(CUST_NO,30)","1","1","1","0","0","0","0","0","0","6","2023-03-12 02:18:55.639","Common_Team"
"INT_L_ICORE_EDW_LNA_LOAN","CUST_NAME","LEFT(CUST_NAME,100)","1","1","1","0","0","0","0","0","0","7","2023-03-12 02:18:55.639","Common_Team"
"INT_L_ICORE_EDW_LNA_LOAN","CONTRACT_NO","LEFT(CONTRACT_NO,50)","1","1","1","0","0","0","0","0","0","8","2023-03-12 02:18:55.639","Common_Team"
"INT_L_ICORE_EDW_LNA_LOAN","LOAN_CREATION_DATE","LOAN_CREATION_DATE","1","1","1","0","0","0","0","0","0","9","2023-03-12 02:18:55.639","HVT_BENJAPORNN"
"INT_L_ICORE_EDW_LNA_LOAN","START_INST_DATE","START_INST_DATE","1","1","1","0","0","0","0","0","0","10","2023-03-12 02:18:55.639","HVT_BENJAPORNN"
"INT_L_ICORE_EDW_LNA_LOAN","MATURITY_DATE","MATURITY_DATE","1","1","1","0","0","0","0","0","0","11","2023-03-12 02:18:55.639","HVT_BENJAPORNN"
"INT_L_ICORE_EDW_LNA_LOAN","ORIGINAL_MATURITY_DATE","ORIGINAL_MATURITY_DATE","1","1","1","0","0","0","0","0","0","12","2023-03-12 02:18:55.639","HVT_BENJAPORNN"
"INT_L_ICORE_EDW_LNA_LOAN","OPEN_BRANCH","LEFT(OPEN_BRANCH,10)","1","1","1","0","0","0","0","0","0","13","2023-03-12 02:18:55.639","Common_Team"
"INT_L_ICORE_EDW_LNA_LOAN","ACCT_BRANCH","LEFT(ACCT_BRANCH,10)","1","1","1","0","0","0","0","0","0","14","2023-03-12 02:18:55.639","Common_Team"
"INT_L_ICORE_EDW_LNA_LOAN","LOAN_TENOR","LEFT(LOAN_TENOR,8)","1","1","1","0","0","0","0","0","0","15","2023-03-12 02:18:55.639","Common_Team"
"INT_L_ICORE_EDW_LNA_LOAN","LOAN_TENOR_GL","ICORE_LNA_LOAN_1_0.LOAN_TENOR_GL","0","1","1","0","0","0","0","0","0","16","2023-03-12 02:18:55.639","HVT_BENJAPORNN"
"INT_L_ICORE_EDW_LNA_LOAN","TOT_PERIODS","ICORE_LNA_LOAN_1_0.TOT_PERIODS","0","1","1","0","0","0","0","0","0","17","2023-03-12 02:18:55.639","HVT_BENJAPORNN"
"INT_L_ICORE_EDW_LNA_LOAN","CURRENT_PERIOD_NO","ICORE_LNA_LOAN_1_0.CURRENT_PERIOD_NO","0","1","1","0","0","0","0","0","0","18","2023-03-12 02:18:55.639","HVT_BENJAPORNN"
"INT_L_ICORE_EDW_LNA_LOAN","LOAN_CLASSIFICATION","ICORE_LNA_LOAN_1_0.LOAN_CLASSIFICATION","0","1","1","0","0","0","0","0","0","19","2023-03-12 02:18:55.639","HVT_BENJAPORNN"
"INT_L_ICORE_EDW_LNA_LOAN","WROF_IND","LEFT(WROF_IND,1)","1","1","1","0","0","0","0","0","0","20","2023-03-12 02:18:55.639","Common_Team"
"INT_L_ICORE_EDW_LNA_LOAN","WROF_DATE","WROF_DATE","1","1","1","0","0","0","0","0","0","21","2023-03-12 02:18:55.639","HVT_BENJAPORNN"
"INT_L_ICORE_EDW_LNA_LOAN","LOAN_STATUS","LEFT(LOAN_STATUS,10)","1","1","1","0","0","0","0","0","0","22","2023-03-12 02:18:55.639","Common_Team"
"INT_L_ICORE_EDW_LNA_LOAN","CLOSE_ACCT_DATE","CLOSE_ACCT_DATE","1","1","1","0","0","0","0","0","0","23","2023-03-12 02:18:55.639","HVT_BENJAPORNN"
"INT_L_ICORE_EDW_LNA_LOAN","ACCOUNTING_ALIAS","LEFT(ACCOUNTING_ALIAS,32)","1","1","1","0","0","0","0","0","0","24","2023-03-12 02:18:55.639","Common_Team"
"INT_L_ICORE_EDW_LNA_LOAN","ORIGINAL_ACCOUNTING_ALIAS","LEFT(ORIGINAL_ACCOUNTING_ALIAS,32)","1","1","1","0","0","0","0","0","0","25","2023-03-12 02:18:55.639","Common_Team"
"INT_L_ICORE_EDW_LNA_LOAN","ALIAS_LAST_CHANGED_DATE","ALIAS_LAST_CHANGED_DATE","1","1","1","0","0","0","0","0","0","26","2023-03-12 02:18:55.639","HVT_BENJAPORNN"
"INT_L_ICORE_EDW_LNA_LOAN","LOAN_AMT","ICORE_LNA_LOAN_1_0.LOAN_AMT","0","1","1","0","0","0","0","0","0","27","2023-03-12 02:18:55.639","HVT_BENJAPORNN"
"INT_L_ICORE_EDW_LNA_LOAN","ALREADY_DRAWDOWN_AMT","ICORE_LNA_LOAN_1_0.ALREADY_DRAWDOWN_AMT","0","1","1","0","0","0","0","0","0","28","2023-03-12 02:18:55.639","HVT_BENJAPORNN"
"INT_L_ICORE_EDW_LNA_LOAN","AVAILABLE_DRAWDOWN_AMT","ICORE_LNA_LOAN_1_0.AVAILABLE_DRAWDOWN_AMT","0","1","1","0","0","0","0","0","0","29","2023-03-12 02:18:55.639","HVT_BENJAPORNN"
"INT_L_ICORE_EDW_LNA_LOAN","OUTSTANDING_PRCP","ICORE_LNA_LOAN_1_0.OUTSTANDING_PRCP","0","1","1","0","0","0","0","0","0","30","2023-03-12 02:18:55.639","HVT_BENJAPORNN"
"INT_L_ICORE_EDW_LNA_LOAN","DUE_PRCP","ICORE_LNA_LOAN_1_0.DUE_PRCP","0","1","1","0","0","0","0","0","0","31","2023-03-12 02:18:55.639","HVT_BENJAPORNN"
"INT_L_ICORE_EDW_LNA_LOAN","ADVANCE_INTEREST","ICORE_LNA_LOAN_1_0.ADVANCE_INTEREST","0","1","1","0","0","0","0","0","0","32","2023-03-12 02:18:55.639","HVT_BENJAPORNN"
"INT_L_ICORE_EDW_LNA_LOAN","BAL_UPDATE_DATE","BAL_UPDATE_DATE","1","1","1","0","0","0","0","0","0","33","2023-03-12 02:18:55.639","HVT_BENJAPORNN"
"INT_L_ICORE_EDW_LNA_LOAN","HASH_VALUE","ICORE_LNA_LOAN_1_0.HASH_VALUE","0","1","1","0","0","0","0","0","0","34","2023-03-12 02:18:55.639","HVT_BENJAPORNN"
"INT_L_ICORE_EDW_LNA_LOAN","ATTR_VALUE","LEFT(ATTR_VALUE,64)","1","1","1","0","0","0","0","0","0","35","2023-03-12 02:18:55.639","Common_Team"
"INT_L_ICORE_EDW_LNA_LOAN","LOAN_GL_TYPE","LEFT(LOAN_GL_TYPE,1)","1","1","1","0","0","0","0","0","0","36","2023-03-12 02:18:55.639","Common_Team"
"INT_L_ICORE_EDW_LNA_LOAN","NEW_CONTRACT_IND","LEFT(NEW_CONTRACT_IND,1)","1","1","1","0","0","0","0","0","0","37","2023-03-12 02:18:55.639","Common_Team"
"INT_L_ICORE_EDW_LNA_LOAN","SETTL_IND","LEFT(SETTL_IND,1)","1","1","1","0","0","0","0","0","0","38","2023-03-12 02:18:55.639","Common_Team"
"INT_L_ICORE_EDW_LNA_LOAN","SETTL_DATE","SETTL_DATE","1","1","1","0","0","0","0","0","0","39","2023-03-12 02:18:55.639","HVT_BENJAPORNN"
"INT_L_ICORE_EDW_LNA_LOAN","ORIGINAL_LOAN_NO","LEFT(ORIGINAL_LOAN_NO,500)","1","1","1","0","0","0","0","0","0","40","2023-03-12 02:18:55.639","Common_Team"
"INT_L_ICORE_EDW_LNA_LOAN","OVERDUE_IND","LEFT(OVERDUE_IND,1)","1","1","1","0","0","0","0","0","0","41","2023-03-12 02:18:55.639","Common_Team"
"INT_L_ICORE_EDW_LNA_LOAN","INIT_OLDI_AMT","ICORE_LNA_LOAN_1_0.INIT_OLDI_AMT","0","1","1","0","0","0","0","0","0","42","2023-03-12 02:18:55.639","HVT_BENJAPORNN"
"INT_L_ICORE_EDW_LNA_LOAN","INT_REVERSAL_IND","LEFT(INT_REVERSAL_IND,1)","1","1","1","0","0","0","0","0","0","43","2023-03-12 02:18:55.639","Common_Team"
"INT_L_ICORE_EDW_LNA_LOAN","ALREADY_REDUCE_COUNT","ICORE_LNA_LOAN_1_0.ALREADY_REDUCE_COUNT","0","1","1","0","0","0","0","0","0","44","2023-03-12 02:18:55.639","HVT_BENJAPORNN"
"INT_L_ICORE_EDW_LNA_LOAN","REVERSAL_TYPE","LEFT(REVERSAL_TYPE,1)","1","1","1","0","0","0","0","0","0","45","2023-03-12 02:18:55.639","Common_Team"
"INT_L_ICORE_EDW_LNA_LOAN","DATA_CREATE_TIME","DATA_CREATE_TIME","1","1","1","0","0","0","0","0","0","46","2023-03-12 02:18:55.639","HVT_BENJAPORNN"
"INT_L_ICORE_EDW_LNA_LOAN","DATA_UPDATE_TIME","DATA_UPDATE_TIME","1","1","1","0","0","0","0","0","0","47","2023-03-12 02:18:55.639","HVT_BENJAPORNN"
"INT_L_ICORE_EDW_LNA_LOAN","DATA_CREATE_USER","LEFT(DATA_CREATE_USER,32)","1","1","1","0","0","0","0","0","0","48","2023-03-12 02:18:55.639","Common_Team"
"INT_L_ICORE_EDW_LNA_LOAN","DATA_UPDATE_USER","LEFT(DATA_UPDATE_USER,32)","1","1","1","0","0","0","0","0","0","49","2023-03-12 02:18:55.639","Common_Team"
"INT_L_ICORE_EDW_LNA_LOAN","DATA_VERSION","ICORE_LNA_LOAN_1_0.DATA_VERSION","0","1","1","0","0","0","0","0","0","50","2023-03-12 02:18:55.639","HVT_BENJAPORNN"
"INT_L_ICORE_EDW_LNA_LOAN","MAIN_LOAN_NO","LEFT(MAIN_LOAN_NO,50)","1","1","1","0","0","0","0","0","0","51","2023-03-12 02:18:55.639","Common_Team"
"INT_L_ICORE_EDW_LNA_LOAN","SUPERVIS_REPORT_IND","LEFT(SUPERVIS_REPORT_IND,1)","1","1","1","0","0","0","0","0","0","52","2023-03-12 02:18:55.639","Common_Team"
"INT_L_ICORE_EDW_LNA_LOAN","PACK_ACCT_IND","LEFT(PACK_ACCT_IND,1)","1","1","1","0","0","0","0","0","0","53","2023-03-12 02:18:55.639","Common_Team"
"INT_L_ICORE_EDW_LNA_LOAN","PACK_ACCT_NO","LEFT(PACK_ACCT_NO,35)","1","1","1","0","0","0","0","0","0","54","2023-03-12 02:18:55.639","Common_Team"
"INT_L_ICORE_EDW_LNA_LOAN","BILL_PERIOD","LEFT(BILL_PERIOD,6)","1","1","1","0","0","0","0","0","0","55","2023-03-12 02:18:55.639","Common_Team"
