"INTERFACE_NAME","COL_NAME","EXPRESSION","EXE_DB","INSERT_FLAG","UPDATE_FLAG","KEY_UPD","UD1","UD2","UD3","UD4","UD5","COL_POSITION","LAST_UPDATE_DATE","LAST_UPDATE_USER"
"INT_L_ICORE_EDW_CFP_CUST_REL_TYPE","RELATION_CUST_TYPE","LEFT(RELATION_CUST_TYPE,3)","1","1","1","1","1","0","0","0","0","1","2023-03-12 03:40:15.953","Common_Team"
"INT_L_ICORE_EDW_CFP_CUST_REL_TYPE","DIRECT_RELATION_TYPE","LEFT(DIRECT_RELATION_TYPE,10)","1","1","1","1","1","0","0","0","0","2","2023-03-12 03:40:15.953","Common_Team"
"INT_L_ICORE_EDW_CFP_CUST_REL_TYPE","INVERSE_RELATION_TYPE","LEFT(INVERSE_RELATION_TYPE,10)","1","1","1","0","0","0","0","0","0","3","2023-03-12 03:40:15.953","Common_Team"
"INT_L_ICORE_EDW_CFP_CUST_REL_TYPE","REMARK","LEFT(REMARK,100)","1","1","1","0","0","0","0","0","0","4","2023-03-12 03:40:15.953","Common_Team"
"INT_L_ICORE_EDW_CFP_CUST_REL_TYPE","DATA_CREATE_TIME","DATA_CREATE_TIME","1","1","1","0","0","0","0","0","0","5","2023-03-12 03:40:15.953","INT_BENJAPONP"
"INT_L_ICORE_EDW_CFP_CUST_REL_TYPE","DATA_UPDATE_TIME","DATA_UPDATE_TIME","1","1","1","0","0","0","0","0","0","6","2023-03-12 03:40:15.953","INT_BENJAPONP"
"INT_L_ICORE_EDW_CFP_CUST_REL_TYPE","DATA_CREATE_USER","LEFT(DATA_CREATE_USER,32)","1","1","1","0","0","0","0","0","0","7","2023-03-12 03:40:15.953","Common_Team"
"INT_L_ICORE_EDW_CFP_CUST_REL_TYPE","DATA_UPDATE_USER","LEFT(DATA_UPDATE_USER,32)","1","1","1","0","0","0","0","0","0","8","2023-03-12 03:40:15.953","Common_Team"
"INT_L_ICORE_EDW_CFP_CUST_REL_TYPE","DATA_VERSION","ICORE_CFP_CUST_RELATION_TYPE_1_0.DATA_VERSION","0","1","1","0","0","0","0","0","0","9","2023-03-12 03:40:15.953","INT_BENJAPONP"
