"INTERFACE_NAME","COL_NAME","EXPRESSION","EXE_DB","INSERT_FLAG","UPDATE_FLAG","KEY_UPD","UD1","UD2","UD3","UD4","UD5","COL_POSITION","LAST_UPDATE_DATE","LAST_UPDATE_USER"
"INT_L_CSFMS_EDW_GLTRN_T1","JE_LINE_NUM","LEFT(JE_LINE_NUM,22)","1","1","0","0","0","0","0","0","0","1","2023-03-11 23:44:23.856","Common_Team"
"INT_L_CSFMS_EDW_GLTRN_T1","JE_HEADER_ID","CSFMS_GLTRN_1_0.JE_HEADER_ID","0","1","0","0","0","0","0","0","0","2","2023-03-11 23:44:23.856","nuttsak.wong"
"INT_L_CSFMS_EDW_GLTRN_T1","CODE_COMBINATION_ID","(lpad(trim(CODE_COMBINATION_ID),22,'0'))","1","1","0","0","0","0","0","0","0","3","2023-03-11 23:44:23.856","nuttsak.wong"
"INT_L_CSFMS_EDW_GLTRN_T1","SET_OF_BOOKS_ID","(lpad(trim(SET_OF_BOOKS_ID),22,'0'))","1","1","0","0","0","0","0","0","0","4","2023-03-11 23:44:23.856","nuttsak.wong"
"INT_L_CSFMS_EDW_GLTRN_T1","LAST_UPDATE_DATE","LEFT(LAST_UPDATE_DATE,10)","1","1","0","0","0","0","0","0","0","5","2023-03-11 23:44:23.856","Common_Team"
"INT_L_CSFMS_EDW_GLTRN_T1","PERIOD_NAME","LEFT(PERIOD_NAME,60)","1","1","0","0","0","0","0","0","0","6","2023-03-11 23:44:23.856","Common_Team"
"INT_L_CSFMS_EDW_GLTRN_T1","EFFECTIVE_DATE","LEFT(EFFECTIVE_DATE,10)","1","1","0","0","0","0","0","0","0","7","2023-03-11 23:44:23.856","Common_Team"
"INT_L_CSFMS_EDW_GLTRN_T1","CREATION_DATE","LEFT(CREATION_DATE,10)","1","1","0","0","0","0","0","0","0","8","2023-03-11 23:44:23.856","Common_Team"
"INT_L_CSFMS_EDW_GLTRN_T1","ENTERED_DR","CSFMS_GLTRN_1_0.ENTERED_DR","0","1","0","0","0","0","0","0","0","9","2023-03-11 23:44:23.856","nuttsak.wong"
"INT_L_CSFMS_EDW_GLTRN_T1","ENTERED_CR","CSFMS_GLTRN_1_0.ENTERED_CR","0","1","0","0","0","0","0","0","0","10","2023-03-11 23:44:23.856","nuttsak.wong"
"INT_L_CSFMS_EDW_GLTRN_T1","ACCOUNTED_DR","CSFMS_GLTRN_1_0.ACCOUNTED_DR","0","1","0","0","0","0","0","0","0","11","2023-03-11 23:44:23.856","nuttsak.wong"
"INT_L_CSFMS_EDW_GLTRN_T1","ACCOUNTED_CR","CSFMS_GLTRN_1_0.ACCOUNTED_CR","0","1","0","0","0","0","0","0","0","12","2023-03-11 23:44:23.856","nuttsak.wong"
"INT_L_CSFMS_EDW_GLTRN_T1","DESCRIPTION","LEFT(DESCRIPTION,960)","1","1","0","0","0","0","0","0","0","13","2023-03-11 23:44:23.856","Common_Team"
"INT_L_CSFMS_EDW_GLTRN_T1","REFERENCE1","LEFT(REFERENCE1,960)","1","1","0","0","0","0","0","0","0","14","2023-03-11 23:44:23.856","Common_Team"
"INT_L_CSFMS_EDW_GLTRN_T1","REFERENCE2","LEFT(REFERENCE2,960)","1","1","0","0","0","0","0","0","0","15","2023-03-11 23:44:23.856","Common_Team"
"INT_L_CSFMS_EDW_GLTRN_T1","REFERENCE3","LEFT(REFERENCE3,960)","1","1","0","0","0","0","0","0","0","16","2023-03-11 23:44:23.856","Common_Team"
"INT_L_CSFMS_EDW_GLTRN_T1","ATTRIBUTE1","LEFT(ATTRIBUTE1,600)","1","1","0","0","0","0","0","0","0","17","2023-03-11 23:44:23.856","Common_Team"
"INT_L_CSFMS_EDW_GLTRN_T1","ATTRIBUTE2","LEFT(ATTRIBUTE2,600)","1","1","0","0","0","0","0","0","0","18","2023-03-11 23:44:23.856","Common_Team"
"INT_L_CSFMS_EDW_GLTRN_T1","ATTRIBUTE3","LEFT(ATTRIBUTE3,600)","1","1","0","0","0","0","0","0","0","19","2023-03-11 23:44:23.856","Common_Team"
"INT_L_CSFMS_EDW_GLTRN_T1","BK_COA_254_001","(lpad(CODE_COMBINATION_ID,22,'0')||'_254')","1","1","0","0","0","0","0","1","1","20","2023-03-11 23:44:23.856","Common_Team"
"INT_L_CSFMS_EDW_GLTRN_T1","BK_SOB_255_001","(lpad(SET_OF_BOOKS_ID,22,'0')||'_255')","1","1","0","0","0","0","0","1","1","21","2023-03-11 23:44:23.856","Common_Team"
"INT_L_CSFMS_EDW_GLTRN_T1","START_DT","","0","1","0","0","0","0","0","0","0","22","2023-03-11 23:44:23.856","nuttsak.wong"
"INT_L_CSFMS_EDW_GLTRN_T1","END_DT","","0","1","0","0","0","0","0","0","0","23","2023-03-11 23:44:23.856","nuttsak.wong"
"INT_L_CSFMS_EDW_GLTRN_T1","RECORD_DELETED_FLAG","","0","1","0","0","0","0","0","0","0","24","2023-03-11 23:44:23.856","nuttsak.wong"
"INT_L_CSFMS_EDW_GLTRN_T1","CTL_ID","","0","1","0","0","0","0","0","0","0","25","2023-03-11 23:44:23.856","nuttsak.wong"
"INT_L_CSFMS_EDW_GLTRN_T1","INS_PROC_NAME","","0","1","0","0","0","0","0","0","0","26","2023-03-11 23:44:23.856","nuttsak.wong"
"INT_L_CSFMS_EDW_GLTRN_T1","INS_TXF_BATCHID","","0","1","0","0","0","0","0","0","0","27","2023-03-11 23:44:23.856","nuttsak.wong"
"INT_L_CSFMS_EDW_GLTRN_T1","UPD_PROC_NAME","","0","1","0","0","0","0","0","0","0","28","2023-03-11 23:44:23.856","nuttsak.wong"
"INT_L_CSFMS_EDW_GLTRN_T1","UPD_TXF_BATCHID","","0","1","0","0","0","0","0","0","0","29","2023-03-11 23:44:23.856","nuttsak.wong"
