"INTERFACE_NAME","COL_NAME","EXPRESSION","EXE_DB","INSERT_FLAG","UPDATE_FLAG","KEY_UPD","UD1","UD2","UD3","UD4","UD5","COL_POSITION","LAST_UPDATE_DATE","LAST_UPDATE_USER"
"INT_L_FLTC_EDW_CUST_MASTER","CR_ORG_NBR","LEFT(CR_ORG_NBR,3)","1","1","0","0","1","0","0","0","0","1","2023-03-12 02:38:24.975","Common_Team"
"INT_L_FLTC_EDW_CUST_MASTER","CR_ACCT_NBR","LEFT(CR_ACCT_NBR,16)","1","1","0","0","1","0","0","0","0","2","2023-03-12 02:38:24.975","Common_Team"
"INT_L_FLTC_EDW_CUST_MASTER","CR_NAME_1","LEFT(CR_NAME_1,30)","1","1","0","0","0","0","0","0","0","3","2023-03-12 02:38:24.975","Common_Team"
"INT_L_FLTC_EDW_CUST_MASTER","CR_NAME_2","LEFT(CR_NAME_2,60)","1","1","0","0","0","0","0","0","0","4","2023-03-12 02:38:24.975","Common_Team"
"INT_L_FLTC_EDW_CUST_MASTER","CR_STATUS","FLTC_CUSTOMER_MASTER_1_0.CR_STATUS","0","1","0","0","0","0","0","0","0","5","2023-03-12 02:38:24.975","hathaipat"
"INT_L_FLTC_EDW_CUST_MASTER","CR_CRLIMIT","FLTC_CUSTOMER_MASTER_1_0.CR_CRLIMIT","0","1","0","0","0","0","0","0","0","6","2023-03-12 02:38:24.975","hathaipat"
"INT_L_FLTC_EDW_CUST_MASTER","CR_BLOCK","LEFT(CR_BLOCK,1)","1","1","0","0","0","0","0","0","0","7","2023-03-12 02:38:24.975","Common_Team"
"INT_L_FLTC_EDW_CUST_MASTER","CR_BLOCK_DATE","to_date(FLTC_CUSTOMER_MASTER_1_0.CR_BLOCK_DATE, 'yyyy-MM-dd')","1","1","0","0","0","0","0","0","0","8","2023-03-12 02:38:24.975","hathaipat"
"INT_L_FLTC_EDW_CUST_MASTER","CR_MBR_SINCE","to_date(FLTC_CUSTOMER_MASTER_1_0.CR_MBR_SINCE, 'yyyy-MM-dd')","1","1","0","0","0","0","0","0","0","9","2023-03-12 02:38:24.975","hathaipat"
"INT_L_FLTC_EDW_CUST_MASTER","CR_ADDR_1","LEFT(CR_ADDR_1,60)","1","1","0","0","0","0","0","0","0","10","2023-03-12 02:38:24.975","Common_Team"
"INT_L_FLTC_EDW_CUST_MASTER","CR_ADDL_ADDR_1","LEFT(CR_ADDL_ADDR_1,30)","1","1","0","0","0","0","0","0","0","11","2023-03-12 02:38:24.975","Common_Team"
"INT_L_FLTC_EDW_CUST_MASTER","CR_ADDL_ADDR_2","LEFT(CR_ADDL_ADDR_2,30)","1","1","0","0","0","0","0","0","0","12","2023-03-12 02:38:24.975","Common_Team"
"INT_L_FLTC_EDW_CUST_MASTER","CR_ADDL_ADDR_3","LEFT(CR_ADDL_ADDR_3,30)","1","1","0","0","0","0","0","0","0","13","2023-03-12 02:38:24.975","Common_Team"
"INT_L_FLTC_EDW_CUST_MASTER","CR_CITY","LEFT(CR_CITY,28)","1","1","0","0","0","0","0","0","0","14","2023-03-12 02:38:24.975","Common_Team"
"INT_L_FLTC_EDW_CUST_MASTER","CR_STATE","LEFT(CR_STATE,2)","1","1","0","0","0","0","0","0","0","15","2023-03-12 02:38:24.975","Common_Team"
"INT_L_FLTC_EDW_CUST_MASTER","CR_ZIP_CODE","LEFT(CR_ZIP_CODE,9)","1","1","0","0","0","0","0","0","0","16","2023-03-12 02:38:24.975","Common_Team"
"INT_L_FLTC_EDW_CUST_MASTER","CR_REGION","LEFT(CR_REGION,20)","1","1","0","0","0","0","0","0","0","17","2023-03-12 02:38:24.975","Common_Team"
"INT_L_FLTC_EDW_CUST_MASTER","CR_HOME_PHONE","LEFT(CR_HOME_PHONE,18)","1","1","0","0","0","0","0","0","0","18","2023-03-12 02:38:24.975","Common_Team"
"INT_L_FLTC_EDW_CUST_MASTER","CR_HANDPHONE","LEFT(CR_HANDPHONE,18)","1","1","0","0","0","0","0","0","0","19","2023-03-12 02:38:24.975","Common_Team"
"INT_L_FLTC_EDW_CUST_MASTER","CR_EMAIL_ADDR","LEFT(CR_EMAIL_ADDR,50)","1","1","0","0","0","0","0","0","0","20","2023-03-12 02:38:24.975","Common_Team"
"INT_L_FLTC_EDW_CUST_MASTER","CR_CO_OWNER","LEFT(CR_CO_OWNER,30)","1","1","0","0","0","0","0","0","0","21","2023-03-12 02:38:24.975","Common_Team"
"INT_L_FLTC_EDW_CUST_MASTER","CR_IC","LEFT(CR_IC,25)","1","1","0","0","0","0","0","0","0","22","2023-03-12 02:38:24.975","Common_Team"
"INT_L_FLTC_EDW_CUST_MASTER","CR_MEMO_2","LEFT(CR_MEMO_2,55)","1","1","0","0","0","0","0","0","0","23","2023-03-12 02:38:24.975","Common_Team"
"INT_L_FLTC_EDW_CUST_MASTER","CR_CO_HOME_PHONE","LEFT(CR_CO_HOME_PHONE,18)","1","1","0","0","0","0","0","0","0","24","2023-03-12 02:38:24.975","Common_Team"
"INT_L_FLTC_EDW_CUST_MASTER","CR_EMPLOYER","LEFT(CR_EMPLOYER,30)","1","1","0","0","0","0","0","0","0","25","2023-03-12 02:38:24.975","Common_Team"
"INT_L_FLTC_EDW_CUST_MASTER","CR_OFFICE_PHONE","LEFT(CR_OFFICE_PHONE,18)","1","1","0","0","0","0","0","0","0","26","2023-03-12 02:38:24.975","Common_Team"
"INT_L_FLTC_EDW_CUST_MASTER","CR_CO_EMPLOYER","LEFT(CR_CO_EMPLOYER,50)","1","1","0","0","0","0","0","0","0","27","2023-03-12 02:38:24.975","Common_Team"
"INT_L_FLTC_EDW_CUST_MASTER","CR_CO_OFFICE_PHONE","LEFT(CR_CO_OFFICE_PHONE,18)","1","1","0","0","0","0","0","0","0","28","2023-03-12 02:38:24.975","Common_Team"
"INT_L_FLTC_EDW_CUST_MASTER","CR_TAX_ID_NMBR","LEFT(CR_TAX_ID_NMBR,15)","1","1","0","0","0","0","0","0","0","29","2023-03-12 02:38:24.975","Common_Team"
"INT_L_FLTC_EDW_CUST_MASTER","CR_EU_OCCPN_CODE","LEFT(CR_EU_OCCPN_CODE,2)","1","1","0","0","0","0","0","0","0","30","2023-03-12 02:38:24.975","Common_Team"
"INT_L_FLTC_EDW_CUST_MASTER","CR_SHORT_NAME","LEFT(CR_SHORT_NAME,15)","1","1","0","0","0","0","0","0","0","31","2023-03-12 02:38:24.975","Common_Team"
"INT_L_FLTC_EDW_CUST_MASTER","CR_SMSA","LEFT(CR_SMSA,4)","1","1","0","0","0","0","0","0","0","32","2023-03-12 02:38:24.975","Common_Team"
"INT_L_FLTC_EDW_CUST_MASTER","CR_CENSUS_TRACT","LEFT(CR_CENSUS_TRACT,7)","1","1","0","0","0","0","0","0","0","33","2023-03-12 02:38:24.975","Common_Team"
"INT_L_FLTC_EDW_CUST_MASTER","CR_TAX_ID_TYPE","LEFT(CR_TAX_ID_TYPE,1)","1","1","0","0","0","0","0","0","0","34","2023-03-12 02:38:24.975","Common_Team"
"INT_L_FLTC_EDW_CUST_MASTER","CR_CO_TAX_ID_TYPE","LEFT(CR_CO_TAX_ID_TYPE,1)","1","1","0","0","0","0","0","0","0","35","2023-03-12 02:38:24.975","Common_Team"
"INT_L_FLTC_EDW_CUST_MASTER","CR_CO_TAX_ID_NMBR","LEFT(CR_CO_TAX_ID_NMBR,15)","1","1","0","0","0","0","0","0","0","36","2023-03-12 02:38:24.975","Common_Team"
"INT_L_FLTC_EDW_CUST_MASTER","CR_DTE_BIRTH","to_date(FLTC_CUSTOMER_MASTER_1_0.CR_DTE_BIRTH, 'yyyy-MM-dd')","1","1","0","0","0","0","0","0","0","37","2023-03-12 02:38:24.975","hathaipat"
"INT_L_FLTC_EDW_CUST_MASTER","CR_CO_DTE_BIRTH","to_date(FLTC_CUSTOMER_MASTER_1_0.CR_CO_DTE_BIRTH , 'yyyyMMdd')","1","1","0","0","0","0","0","0","0","38","2023-03-12 02:38:24.975","hathaipat"
"INT_L_FLTC_EDW_CUST_MASTER","CR_DTE_LST_MAINT","to_date(FLTC_CUSTOMER_MASTER_1_0.CR_DTE_LST_MAINT, 'yyyy-MM-dd')","1","1","0","0","0","0","0","0","0","39","2023-03-12 02:38:24.975","hathaipat"
"INT_L_FLTC_EDW_CUST_MASTER","CR_OFF_PHONE_FLAG","FLTC_CUSTOMER_MASTER_1_0.CR_OFF_PHONE_FLAG","0","1","0","0","0","0","0","0","0","40","2023-03-12 02:38:24.975","hathaipat"
"INT_L_FLTC_EDW_CUST_MASTER","CR_CO_OFF_PHONE_FLAG","FLTC_CUSTOMER_MASTER_1_0.CR_CO_OFF_PHONE_FLAG","0","1","0","0","0","0","0","0","0","41","2023-03-12 02:38:24.975","hathaipat"
"INT_L_FLTC_EDW_CUST_MASTER","CR_INSTL_LINE","FLTC_CUSTOMER_MASTER_1_0.CR_INSTL_LINE","0","1","0","0","0","0","0","0","0","42","2023-03-12 02:38:24.975","hathaipat"
"INT_L_FLTC_EDW_CUST_MASTER","CR_CASH_LINE","FLTC_CUSTOMER_MASTER_1_0.CR_CASH_LINE","0","1","0","0","0","0","0","0","0","43","2023-03-12 02:38:24.975","hathaipat"
"INT_L_FLTC_EDW_CUST_MASTER","CR_AVAIL_CASH","FLTC_CUSTOMER_MASTER_1_0.CR_AVAIL_CASH","0","1","0","0","0","0","0","0","0","44","2023-03-12 02:38:24.975","hathaipat"
"INT_L_FLTC_EDW_CUST_MASTER","CR_FOREIGN_COUNTRY_IND","LEFT(CR_FOREIGN_COUNTRY_IND,1)","1","1","0","0","0","0","0","0","0","45","2023-03-12 02:38:24.975","Common_Team"
"INT_L_FLTC_EDW_CUST_MASTER","CR_BILLING_CYCLE","FLTC_CUSTOMER_MASTER_1_0.CR_BILLING_CYCLE","0","1","0","0","0","0","0","0","0","46","2023-03-12 02:38:24.975","hathaipat"
"INT_L_FLTC_EDW_CUST_MASTER","CR_AVAIL_CREDIT","FLTC_CUSTOMER_MASTER_1_0.CR_AVAIL_CREDIT","0","1","0","0","0","0","0","0","0","47","2023-03-12 02:38:24.975","hathaipat"
"INT_L_FLTC_EDW_CUST_MASTER","CR_CRT_LIABLE_FLAG","LEFT(CR_CRT_LIABLE_FLAG,1)","1","1","0","0","0","0","0","0","0","48","2023-03-12 02:38:24.975","Common_Team"
"INT_L_FLTC_EDW_CUST_MASTER","CR_ADDL_USAGE_1","LEFT(CR_ADDL_USAGE_1,1)","1","1","0","0","0","0","0","0","0","49","2023-03-12 02:38:24.975","Common_Team"
"INT_L_FLTC_EDW_CUST_MASTER","CR_ADDL_USAGE_2","LEFT(CR_ADDL_USAGE_2,1)","1","1","0","0","0","0","0","0","0","50","2023-03-12 02:38:24.975","Common_Team"
"INT_L_FLTC_EDW_CUST_MASTER","CR_ADDL_USAGE_3","LEFT(CR_ADDL_USAGE_3,1)","1","1","0","0","0","0","0","0","0","51","2023-03-12 02:38:24.975","Common_Team"
"INT_L_FLTC_EDW_CUST_MASTER","CR_ADDL_USAGE_4","LEFT(CR_ADDL_USAGE_4,1)","1","1","0","0","0","0","0","0","0","52","2023-03-12 02:38:24.975","Common_Team"
"INT_L_FLTC_EDW_CUST_MASTER","CR_ADDL_USAGE_5","LEFT(CR_ADDL_USAGE_5,1)","1","1","0","0","0","0","0","0","0","53","2023-03-12 02:38:24.975","Common_Team"
"INT_L_FLTC_EDW_CUST_MASTER","CR_ADDL_USAGE_6","LEFT(CR_ADDL_USAGE_6,1)","1","1","0","0","0","0","0","0","0","54","2023-03-12 02:38:24.975","Common_Team"
"INT_L_FLTC_EDW_CUST_MASTER","CR_ADDL_USAGE_7","LEFT(CR_ADDL_USAGE_7,1)","1","1","0","0","0","0","0","0","0","55","2023-03-12 02:38:24.975","Common_Team"
"INT_L_FLTC_EDW_CUST_MASTER","CR_ADDL_USAGE_8","LEFT(CR_ADDL_USAGE_8,1)","1","1","0","0","0","0","0","0","0","56","2023-03-12 02:38:24.975","Common_Team"
"INT_L_FLTC_EDW_CUST_MASTER","CR_ADDL_USAGE_9","LEFT(CR_ADDL_USAGE_9,1)","1","1","0","0","0","0","0","0","0","57","2023-03-12 02:38:24.975","Common_Team"
"INT_L_FLTC_EDW_CUST_MASTER","CR_ADDL_USAGE_10","LEFT(CR_ADDL_USAGE_10,1)","1","1","0","0","0","0","0","0","0","58","2023-03-12 02:38:24.975","Common_Team"
"INT_L_FLTC_EDW_CUST_MASTER","CR_ADDL_USAGE_11","LEFT(CR_ADDL_USAGE_11,1)","1","1","0","0","0","0","0","0","0","59","2023-03-12 02:38:24.975","Common_Team"
"INT_L_FLTC_EDW_CUST_MASTER","CR_ADDL_USAGE_12","LEFT(CR_ADDL_USAGE_12,1)","1","1","0","0","0","0","0","0","0","60","2023-03-12 02:38:24.975","Common_Team"
"INT_L_FLTC_EDW_CUST_MASTER","CR_GST_RELF_IND","LEFT(CR_GST_RELF_IND,1)","1","1","0","0","0","0","0","0","0","61","2023-03-12 02:38:24.975","Common_Team"
"INT_L_FLTC_EDW_CUST_MASTER","CR_FILLER_OVL","LEFT(CR_FILLER_OVL,13)","1","1","0","0","0","0","0","0","0","62","2023-03-12 02:38:24.975","Common_Team"
"INT_L_FLTC_EDW_CUST_MASTER","CR_ACCT_AUTH_ACTION","FLTC_CUSTOMER_MASTER_1_0.CR_ACCT_AUTH_ACTION","0","1","0","0","0","0","0","0","0","63","2023-03-12 02:38:24.975","hathaipat"
"INT_L_FLTC_EDW_CUST_MASTER","CR_EU_SURN","LEFT(CR_EU_SURN,30)","1","1","0","0","0","0","0","0","0","64","2023-03-12 02:38:24.975","Common_Team"
"INT_L_FLTC_EDW_CUST_MASTER","CR_EU_INITS","LEFT(CR_EU_INITS,5)","1","1","0","0","0","0","0","0","0","65","2023-03-12 02:38:24.975","Common_Team"
"INT_L_FLTC_EDW_CUST_MASTER","CR_EU_TITLE","LEFT(CR_EU_TITLE,5)","1","1","0","0","0","0","0","0","0","66","2023-03-12 02:38:24.975","Common_Team"
"INT_L_FLTC_EDW_CUST_MASTER","CR_EU_SEX","LEFT(CR_EU_SEX,1)","1","1","0","0","0","0","0","0","0","67","2023-03-12 02:38:24.975","Common_Team"
"INT_L_FLTC_EDW_CUST_MASTER","CR_EU_BEHAV_SCORE","FLTC_CUSTOMER_MASTER_1_0.CR_EU_BEHAV_SCORE","0","1","0","0","0","0","0","0","0","68","2023-03-12 02:38:24.975","hathaipat"
"INT_L_FLTC_EDW_CUST_MASTER","CR_EU_HOME_OWNER","FLTC_CUSTOMER_MASTER_1_0.CR_EU_HOME_OWNER","0","1","0","0","0","0","0","0","0","69","2023-03-12 02:38:24.975","hathaipat"
"INT_L_FLTC_EDW_CUST_MASTER","CR_EU_TYPE_OF_RES","LEFT(CR_EU_TYPE_OF_RES,2)","1","1","0","0","0","0","0","0","0","70","2023-03-12 02:38:24.975","Common_Team"
"INT_L_FLTC_EDW_CUST_MASTER","CR_EU_PER_OF_RES","LEFT(CR_EU_PER_OF_RES,4)","1","1","0","0","0","0","0","0","0","71","2023-03-12 02:38:24.975","Common_Team"
"INT_L_FLTC_EDW_CUST_MASTER","CR_EU_ACORN_CODE","LEFT(CR_EU_ACORN_CODE,4)","1","1","0","0","0","0","0","0","0","72","2023-03-12 02:38:24.975","Common_Team"
"INT_L_FLTC_EDW_CUST_MASTER","CR_EU_LEZ_CODE","LEFT(CR_EU_LEZ_CODE,4)","1","1","0","0","0","0","0","0","0","73","2023-03-12 02:38:24.975","Common_Team"
"INT_L_FLTC_EDW_CUST_MASTER","CR_EU_BANK_ACCT_IND","LEFT(CR_EU_BANK_ACCT_IND,2)","1","1","0","0","0","0","0","0","0","74","2023-03-12 02:38:24.975","Common_Team"
"INT_L_FLTC_EDW_CUST_MASTER","CR_EU_MARITAL_STATUS","FLTC_CUSTOMER_MASTER_1_0.CR_EU_MARITAL_STATUS","0","1","0","0","0","0","0","0","0","75","2023-03-12 02:38:24.975","hathaipat"
"INT_L_FLTC_EDW_CUST_MASTER","CR_EU_NBR_OF_DEPS","FLTC_CUSTOMER_MASTER_1_0.CR_EU_NBR_OF_DEPS","0","1","0","0","0","0","0","0","0","76","2023-03-12 02:38:24.975","hathaipat"
"INT_L_FLTC_EDW_CUST_MASTER","CR_EU_PER_OCCPN","LEFT(CR_EU_PER_OCCPN,4)","1","1","0","0","0","0","0","0","0","77","2023-03-12 02:38:24.975","Common_Team"
"INT_L_FLTC_EDW_CUST_MASTER","CR_EU_CUSTOMER_CLASS","LEFT(CR_EU_CUSTOMER_CLASS,2)","1","1","0","0","0","0","0","0","0","78","2023-03-12 02:38:24.975","Common_Team"
"INT_L_FLTC_EDW_CUST_MASTER","CR_EU_EMPLOYER_CODE","LEFT(CR_EU_EMPLOYER_CODE,4)","1","1","0","0","0","0","0","0","0","79","2023-03-12 02:38:24.975","Common_Team"
"INT_L_FLTC_EDW_CUST_MASTER","CR_EU_DIRECT_MAIL","FLTC_CUSTOMER_MASTER_1_0.CR_EU_DIRECT_MAIL","0","1","0","0","0","0","0","0","0","80","2023-03-12 02:38:24.975","hathaipat"
"INT_L_FLTC_EDW_CUST_MASTER","CR_EU_JNT_OWNERSHIP","LEFT(CR_EU_JNT_OWNERSHIP,1)","1","1","0","0","0","0","0","0","0","81","2023-03-12 02:38:24.975","Common_Team"
"INT_L_FLTC_EDW_CUST_MASTER","CR_EU_GUARANTOR","LEFT(CR_EU_GUARANTOR,1)","1","1","0","0","0","0","0","0","0","82","2023-03-12 02:38:24.975","Common_Team"
"INT_L_FLTC_EDW_CUST_MASTER","CR_CRLIMIT_PERM","FLTC_CUSTOMER_MASTER_1_0.CR_CRLIMIT_PERM","0","1","0","0","0","0","0","0","0","83","2023-03-12 02:38:24.975","hathaipat"
"INT_L_FLTC_EDW_CUST_MASTER","CR_CRLIMIT_TEMP","FLTC_CUSTOMER_MASTER_1_0.CR_CRLIMIT_TEMP","0","1","0","0","0","0","0","0","0","84","2023-03-12 02:38:24.975","hathaipat"
"INT_L_FLTC_EDW_CUST_MASTER","CR_CRLIMIT_TEMP_EFF_DTE","to_date(FLTC_CUSTOMER_MASTER_1_0.CR_CRLIMIT_TEMP_EFF_DTE , 'yyyyMMdd')","1","1","0","0","0","0","0","0","0","85","2023-03-12 02:38:24.975","hathaipat"
"INT_L_FLTC_EDW_CUST_MASTER","CR_CRLIMIT_TEMP_EXP_DTE","to_date(FLTC_CUSTOMER_MASTER_1_0.CR_CRLIMIT_TEMP_EXP_DTE , 'yyyyMMdd')","1","1","0","0","0","0","0","0","0","86","2023-03-12 02:38:24.975","hathaipat"
"INT_L_FLTC_EDW_CUST_MASTER","CR_AVAIL_INSTL","FLTC_CUSTOMER_MASTER_1_0.CR_AVAIL_INSTL","0","1","0","0","0","0","0","0","0","87","2023-03-12 02:38:24.975","hathaipat"
"INT_L_FLTC_EDW_CUST_MASTER","CR_SECURITY_QN","LEFT(CR_SECURITY_QN,30)","1","1","0","0","0","0","0","0","0","88","2023-03-12 02:38:24.975","Common_Team"
"INT_L_FLTC_EDW_CUST_MASTER","CR_INCOME","FLTC_CUSTOMER_MASTER_1_0.CR_INCOME","0","1","0","0","0","0","0","0","0","89","2023-03-12 02:38:24.975","hathaipat"
"INT_L_FLTC_EDW_CUST_MASTER","CR_LAST_IC","LEFT(CR_LAST_IC,25)","1","1","0","0","0","0","0","0","0","90","2023-03-12 02:38:24.975","Common_Team"
"INT_L_FLTC_EDW_CUST_MASTER","CR_CUST_GROUP","LEFT(CR_CUST_GROUP,5)","1","1","0","0","0","0","0","0","0","91","2023-03-12 02:38:24.975","Common_Team"
"INT_L_FLTC_EDW_CUST_MASTER","CR_CUST_GROUP_F","FLTC_CUSTOMER_MASTER_1_0.CR_CUST_GROUP_F","0","1","0","0","0","0","0","0","0","92","2023-03-12 02:38:24.975","hathaipat"
"INT_L_FLTC_EDW_CUST_MASTER","CR_CUST_CLASS","LEFT(CR_CUST_CLASS,5)","1","1","0","0","0","0","0","0","0","93","2023-03-12 02:38:24.975","Common_Team"
"INT_L_FLTC_EDW_CUST_MASTER","CR_CUST_CLASS_F","FLTC_CUSTOMER_MASTER_1_0.CR_CUST_CLASS_F","0","1","0","0","0","0","0","0","0","94","2023-03-12 02:38:24.975","hathaipat"
"INT_L_FLTC_EDW_CUST_MASTER","CR_A_SCORE","LEFT(CR_A_SCORE,5)","1","1","0","0","0","0","0","0","0","95","2023-03-12 02:38:24.975","Common_Team"
"INT_L_FLTC_EDW_CUST_MASTER","CR_B_SCORE","LEFT(CR_B_SCORE,5)","1","1","0","0","0","0","0","0","0","96","2023-03-12 02:38:24.975","Common_Team"
"INT_L_FLTC_EDW_CUST_MASTER","CR_C_SCORE","LEFT(CR_C_SCORE,5)","1","1","0","0","0","0","0","0","0","97","2023-03-12 02:38:24.975","Common_Team"
"INT_L_FLTC_EDW_CUST_MASTER","CR_U_SCORE_1","LEFT(CR_U_SCORE_1,5)","1","1","0","0","0","0","0","0","0","98","2023-03-12 02:38:24.975","Common_Team"
"INT_L_FLTC_EDW_CUST_MASTER","CR_U_SCORE_2","LEFT(CR_U_SCORE_2,5)","1","1","0","0","0","0","0","0","0","99","2023-03-12 02:38:24.975","Common_Team"
"INT_L_FLTC_EDW_CUST_MASTER","CR_DTE_LST_CYCLE","to_date(FLTC_CUSTOMER_MASTER_1_0.CR_DTE_LST_CYCLE, 'yyyy-MM-dd')","1","1","0","0","0","0","0","0","0","100","2023-03-12 02:38:24.975","hathaipat"
"INT_L_FLTC_EDW_CUST_MASTER","CR_CLM_TBL","LEFT(CR_CLM_TBL,5)","1","1","0","0","0","0","0","0","0","101","2023-03-12 02:38:24.975","Common_Team"
"INT_L_FLTC_EDW_CUST_MASTER","CR_CLM_PRI","LEFT(CR_CLM_PRI,3)","1","1","0","0","0","0","0","0","0","102","2023-03-12 02:38:24.975","Common_Team"
"INT_L_FLTC_EDW_CUST_MASTER","CR_CLM_EXP_F","LEFT(CR_CLM_EXP_F,1)","1","1","0","0","0","0","0","0","0","103","2023-03-12 02:38:24.975","Common_Team"
"INT_L_FLTC_EDW_CUST_MASTER","CR_CLM_EXP_DT","LEFT(CR_CLM_EXP_DT,8)","1","1","0","0","0","0","0","0","0","104","2023-03-12 02:38:24.975","Common_Team"
"INT_L_FLTC_EDW_CUST_MASTER","CR_P_CLM_TBL","LEFT(CR_P_CLM_TBL,5)","1","1","0","0","0","0","0","0","0","105","2023-03-12 02:38:24.975","Common_Team"
"INT_L_FLTC_EDW_CUST_MASTER","CR_P_CLM_PRI","LEFT(CR_P_CLM_PRI,3)","1","1","0","0","0","0","0","0","0","106","2023-03-12 02:38:24.975","Common_Team"
"INT_L_FLTC_EDW_CUST_MASTER","CR_P_CLM_EXP_F","LEFT(CR_P_CLM_EXP_F,1)","1","1","0","0","0","0","0","0","0","107","2023-03-12 02:38:24.975","Common_Team"
"INT_L_FLTC_EDW_CUST_MASTER","CR_P_CLM_EXP_DT","to_date(FLTC_CUSTOMER_MASTER_1_0.CR_P_CLM_EXP_DT , 'yyyyMMdd')","1","1","0","0","0","0","0","0","0","108","2023-03-12 02:38:24.975","hathaipat"
"INT_L_FLTC_EDW_CUST_MASTER","CR_ALT_BLOCK","LEFT(CR_ALT_BLOCK,1)","1","1","0","0","0","0","0","0","0","109","2023-03-12 02:38:24.975","Common_Team"
"INT_L_FLTC_EDW_CUST_MASTER","CR_ALT_BLOCK_DATE","to_date(FLTC_CUSTOMER_MASTER_1_0.CR_ALT_BLOCK_DATE , 'yyyyMMdd')","1","1","0","0","0","0","0","0","0","110","2023-03-12 02:38:24.975","hathaipat"
"INT_L_FLTC_EDW_CUST_MASTER","CR_FLEET_INCOME","FLTC_CUSTOMER_MASTER_1_0.CR_FLEET_INCOME","0","1","0","0","0","0","0","0","0","111","2023-03-12 02:38:24.975","hathaipat"
"INT_L_FLTC_EDW_CUST_MASTER","CR_ADDL_CITY","LEFT(CR_ADDL_CITY,30)","1","1","0","0","0","0","0","0","0","112","2023-03-12 02:38:24.975","Common_Team"
"INT_L_FLTC_EDW_CUST_MASTER","CR_ADDL_EXP_DTE","to_date(FLTC_CUSTOMER_MASTER_1_0.CR_ADDL_EXP_DTE , 'yyyyMMdd')","1","1","0","0","0","0","0","0","0","113","2023-03-12 02:38:24.975","hathaipat"
"INT_L_FLTC_EDW_CUST_MASTER","CR_ADDL_ZIP","LEFT(CR_ADDL_ZIP,23)","1","1","0","0","0","0","0","0","0","114","2023-03-12 02:38:24.975","Common_Team"
"INT_L_FLTC_EDW_CUST_MASTER","CR_MEMO_1","LEFT(CR_MEMO_1,55)","1","1","0","0","0","0","0","0","0","115","2023-03-12 02:38:24.975","Common_Team"
"INT_L_FLTC_EDW_CUST_MASTER","CR_CONTACT_NAME_2","LEFT(CR_CONTACT_NAME_2,30)","1","1","0","0","0","0","0","0","0","116","2023-03-12 02:38:24.975","Common_Team"
"INT_L_FLTC_EDW_CUST_MASTER","CR_CONTACT_PHONE_2","LEFT(CR_CONTACT_PHONE_2,18)","1","1","0","0","0","0","0","0","0","117","2023-03-12 02:38:24.975","Common_Team"
"INT_L_FLTC_EDW_CUST_MASTER","CR_CONTACT_NAME_3","LEFT(CR_CONTACT_NAME_3,30)","1","1","0","0","0","0","0","0","0","118","2023-03-12 02:38:24.975","Common_Team"
"INT_L_FLTC_EDW_CUST_MASTER","CR_CONTACT_PHONE_3","LEFT(CR_CONTACT_PHONE_3,18)","1","1","0","0","0","0","0","0","0","119","2023-03-12 02:38:24.975","Common_Team"
"INT_L_FLTC_EDW_CUST_MASTER","CR_ALLO_LIMIT","FLTC_CUSTOMER_MASTER_1_0.CR_ALLO_LIMIT","0","1","0","0","0","0","0","0","0","120","2023-03-12 02:38:24.975","hathaipat"
"INT_L_FLTC_EDW_CUST_MASTER","CR_REM_ALLO_LIMIT","FLTC_CUSTOMER_MASTER_1_0.CR_REM_ALLO_LIMIT","0","1","0","0","0","0","0","0","0","121","2023-03-12 02:38:24.975","hathaipat"
"INT_L_FLTC_EDW_CUST_MASTER","CR_CUST_TYPE","LEFT(CR_CUST_TYPE,1)","1","1","0","0","0","0","0","0","0","122","2023-03-12 02:38:24.975","Common_Team"
"INT_L_FLTC_EDW_CUST_MASTER","CR_DDB_ACCT","LEFT(CR_DDB_ACCT,25)","1","1","0","0","0","0","0","0","0","123","2023-03-12 02:38:24.975","Common_Team"
"INT_L_FLTC_EDW_CUST_MASTER","CR_DDB_REF_01","LEFT(CR_DDB_REF_01,20)","1","1","0","0","0","0","0","0","0","124","2023-03-12 02:38:24.975","Common_Team"
"INT_L_FLTC_EDW_CUST_MASTER","CR_DDB_REF_02","LEFT(CR_DDB_REF_02,20)","1","1","0","0","0","0","0","0","0","125","2023-03-12 02:38:24.975","Common_Team"
"INT_L_FLTC_EDW_CUST_MASTER","CR_SCB_DDB_IND","LEFT(CR_SCB_DDB_IND,1)","1","1","0","0","0","0","0","0","0","126","2023-03-12 02:38:24.975","Common_Team"
"INT_L_FLTC_EDW_CUST_MASTER","START_DT","","0","1","0","0","0","0","0","0","0","127","2023-03-12 02:38:24.975","hathaipat"
"INT_L_FLTC_EDW_CUST_MASTER","END_DT","","0","1","0","0","0","0","0","0","0","128","2023-03-12 02:38:24.975","hathaipat"
"INT_L_FLTC_EDW_CUST_MASTER","RECORD_DELETED_FLAG","","0","1","0","0","0","0","0","0","0","129","2023-03-12 02:38:24.975","hathaipat"
"INT_L_FLTC_EDW_CUST_MASTER","CTL_ID","","0","1","0","0","0","0","0","0","0","130","2023-03-12 02:38:24.975","hathaipat"
"INT_L_FLTC_EDW_CUST_MASTER","INS_PROC_NAME","","0","1","0","0","0","0","0","0","0","131","2023-03-12 02:38:24.975","hathaipat"
"INT_L_FLTC_EDW_CUST_MASTER","INS_TXF_BATCHID","","0","1","0","0","0","0","0","0","0","132","2023-03-12 02:38:24.975","hathaipat"
"INT_L_FLTC_EDW_CUST_MASTER","UPD_PROC_NAME","","0","1","0","0","0","0","0","0","0","133","2023-03-12 02:38:24.975","hathaipat"
"INT_L_FLTC_EDW_CUST_MASTER","UPD_TXF_BATCHID","","0","1","0","0","0","0","0","0","0","134","2023-03-12 02:38:24.975","hathaipat"
"INT_L_FLTC_EDW_CUST_MASTER","BK_PARTY_268_001","COALESCE(TRIM(FLTC_CUSTOMER_MASTER_1_0.CR_ORG_NBR),'')||'_'||COALESCE(TRIM(FLTC_CUSTOMER_MASTER_1_0.CR_ACCT_NBR),'')||'_268'","1","1","0","0","0","0","0","1","1","135","2023-03-12 02:38:24.975","Common_Team"
"INT_L_FLTC_EDW_CUST_MASTER","BK_LOCATOR_091_001","COALESCE(TRIM(FLTC_CUSTOMER_MASTER_1_0.CR_ADDR_1),'')||'_'||'_'||'_'||'_'||'_'||'_'||'_'||COALESCE(TRIM(FLTC_CUSTOMER_MASTER_1_0.CR_CITY),'')||COALESCE(TRIM(FLTC_CUSTOMER_MASTER_1_0.CR_ZIP_CODE),'')||COALESCE(TRIM(FLTC_CUSTOMER_MASTER_1_0.CR_STATE),'')||'_091'","1","1","0","0","0","0","0","1","1","136","2023-03-12 02:38:24.975","Common_Team"
"INT_L_FLTC_EDW_CUST_MASTER","BK_LOCATOR_092_001","COALESCE(TRIM(FLTC_CUSTOMER_MASTER_1_0.CR_HOME_PHONE),'')||'_092'","1","1","0","0","0","0","0","1","1","137","2023-03-12 02:38:24.975","Common_Team"
"INT_L_FLTC_EDW_CUST_MASTER","BK_LOCATOR_092_002","COALESCE(TRIM(FLTC_CUSTOMER_MASTER_1_0.CR_MEMO_1 ),'')||'_092'","1","1","0","0","0","0","0","1","1","138","2023-03-12 02:38:24.975","Common_Team"
