"INTERFACE_NAME","COL_NAME","EXPRESSION","EXE_DB","INSERT_FLAG","UPDATE_FLAG","KEY_UPD","UD1","UD2","UD3","UD4","UD5","COL_POSITION","LAST_UPDATE_DATE","LAST_UPDATE_USER"
"INT_L_AM_EDW_AMINFO","AMINFO_TYPE","AM_AMINFO_1_0.AMINFO_TYPE","0","1","1","1","1","0","0","0","1","1","2023-03-12 03:22:35.839","Common_Team"
"INT_L_AM_EDW_AMINFO","AMINFO_CONTROL","AM_AMINFO_1_0.AMINFO_CONTROL","0","1","1","1","1","0","0","0","1","2","2023-03-12 03:22:35.839","Common_Team"
"INT_L_AM_EDW_AMINFO","AMINFO_CODE","LEFT(AMINFO_CODE, 3)","1","1","1","1","1","0","0","0","1","3","2023-03-12 03:22:35.839","Common_Team"
"INT_L_AM_EDW_AMINFO","AMINFO_DESC_TH","AM_AMINFO_1_0.AMINFO_DESC_TH","0","1","1","0","0","0","0","0","0","4","2023-03-12 03:22:35.839","Phase2"
"INT_L_AM_EDW_AMINFO","AMINFO_DESC_EN","AM_AMINFO_1_0.AMINFO_DESC_EN","0","1","1","0","0","0","0","0","0","5","2023-03-12 03:22:35.839","Phase2"
"INT_L_AM_EDW_AMINFO","AMINFO_START_DT","AM_AMINFO_1_0.AMINFO_START_DT","0","1","1","0","0","0","0","0","0","6","2023-03-12 03:22:35.839","Phase2"
"INT_L_AM_EDW_AMINFO","AMINFO_REMARK","AM_AMINFO_1_0.AMINFO_REMARK","0","1","1","0","0","0","0","0","0","7","2023-03-12 03:22:35.839","Phase2"
"INT_L_AM_EDW_AMINFO","AMINFO_LU_DT","AM_AMINFO_1_0.AMINFO_LU_DT","0","1","1","0","0","0","0","0","0","8","2023-03-12 03:22:35.839","Phase2"
