"INTERFACE_NAME","COL_NAME","EXPRESSION","EXE_DB","INSERT_FLAG","UPDATE_FLAG","KEY_UPD","UD1","UD2","UD3","UD4","UD5","COL_POSITION","LAST_UPDATE_DATE","LAST_UPDATE_USER"
"INT_L_AM_PRNOT_2_0","AMDWHHD_HDR_CTL1","LEFT(AMDWHHD_HDR_CTL1,2)","1","1","0","0","0","0","0","0","1","1","2023-03-12 00:36:03.416","Common_Team"
"INT_L_AM_PRNOT_2_0","AMDWHHD_HDR_CTL2","LEFT(AMDWHHD_HDR_CTL2,3)","1","1","0","0","0","0","0","0","0","2","2023-03-12 00:36:03.416","Common_Team"
"INT_L_AM_PRNOT_2_0","AMDWHHD_HDR_CTL3","LEFT(AMDWHHD_HDR_CTL3,3)","1","1","0","0","0","0","0","0","0","3","2023-03-12 00:36:03.416","Common_Team"
"INT_L_AM_PRNOT_2_0","AMDWHHD_HDR_CTL4","LEFT(AMDWHHD_HDR_CTL4,4)","1","1","0","0","0","0","0","0","0","4","2023-03-12 00:36:03.416","Common_Team"
"INT_L_AM_PRNOT_2_0","AMDWHHD_HDR_ACCT_NUM","LEFT(AMDWHHD_HDR_ACCT_NUM,14)","1","1","0","0","0","0","0","0","0","5","2023-03-12 00:36:03.416","Common_Team"
"INT_L_AM_PRNOT_2_0","AMDWHHD_HDR_SCB_ACCT_NUM","LEFT(AMDWHHD_HDR_SCB_ACCT_NUM,11)","1","1","0","0","0","0","0","0","0","6","2023-03-12 00:36:03.416","Common_Team"
"INT_L_AM_PRNOT_2_0","AMDWHHD_HDR_DOCUMENT_NUM","LEFT(AMDWHHD_HDR_DOCUMENT_NUM,15)","1","1","0","0","0","0","0","0","0","7","2023-03-12 00:36:03.416","Common_Team"
"INT_L_AM_PRNOT_2_0","AMDWHHD_NUM_ARRAY_MEMBERS","LEFT(AMDWHHD_NUM_ARRAY_MEMBERS,2)","1","1","0","0","0","0","0","0","0","8","2023-03-12 00:36:03.416","Common_Team"
"INT_L_AM_PRNOT_2_0","AMDWHHD_HDR_PROC_TYPE","LEFT(AMDWHHD_HDR_PROC_TYPE,2)","1","1","0","0","0","0","0","0","0","9","2023-03-12 00:36:03.416","Common_Team"
"INT_L_AM_PRNOT_2_0","AMDWHHD_HDR_ACCT_PROD","LEFT(AMDWHHD_HDR_ACCT_PROD,4)","1","1","0","0","0","0","0","0","0","10","2023-03-12 00:36:03.416","Common_Team"
"INT_L_AM_PRNOT_2_0","AMDWHHD_HDR_LAYOUT_TYPE","LEFT(AMDWHHD_HDR_LAYOUT_TYPE,8)","1","1","0","0","0","0","0","0","0","11","2023-03-12 00:36:03.416","Common_Team"
"INT_L_AM_PRNOT_2_0","AMDWHHD_HD_EXTRACT_DATE","LEFT(AMDWHHD_HD_EXTRACT_DATE,8)","1","1","0","0","0","0","0","0","0","12","2023-03-12 00:36:03.416","Common_Team"
"INT_L_AM_PRNOT_2_0","PRN_CTL1","LEFT(PRN_CTL1,4)","1","1","0","0","0","0","0","0","0","13","2023-03-12 00:36:03.416","Common_Team"
"INT_L_AM_PRNOT_2_0","PRN_CTL2","LEFT(PRN_CTL2,4)","1","1","0","0","0","0","0","0","0","14","2023-03-12 00:36:03.416","Common_Team"
"INT_L_AM_PRNOT_2_0","PRN_CTL3","LEFT(PRN_CTL3,4)","1","1","0","0","0","0","0","0","0","15","2023-03-12 00:36:03.416","Common_Team"
"INT_L_AM_PRNOT_2_0","PRN_CTL4","LEFT(PRN_CTL4,4)","1","1","0","0","0","0","0","0","0","16","2023-03-12 00:36:03.416","Common_Team"
"INT_L_AM_PRNOT_2_0","PRN_AM_ACCT_NO","LEFT(PRN_AM_ACCT_NO,14)","1","1","0","0","0","0","0","0","0","17","2023-03-12 00:36:03.416","Common_Team"
"INT_L_AM_PRNOT_2_0","PRN_NOTE_NO","LEFT(PRN_NOTE_NO,6)","1","1","0","0","0","0","0","0","0","18","2023-03-12 00:36:03.416","Common_Team"
"INT_L_AM_PRNOT_2_0","PRN_PRIMARY_APPL","LEFT(PRN_PRIMARY_APPL,2)","1","1","0","0","0","0","0","0","0","19","2023-03-12 00:36:03.416","Common_Team"
"INT_L_AM_PRNOT_2_0","PRN_REC_ID","LEFT(PRN_REC_ID,1)","1","1","0","0","0","0","0","0","0","20","2023-03-12 00:36:03.416","Common_Team"
"INT_L_AM_PRNOT_2_0","PRN_NOTE_FORM","LEFT(PRN_NOTE_FORM,1)","1","1","0","0","0","0","0","0","0","21","2023-03-12 00:36:03.416","Common_Team"
"INT_L_AM_PRNOT_2_0","PRN_NOTE_TYPE","LEFT(PRN_NOTE_TYPE,3)","1","1","0","0","0","0","0","0","0","22","2023-03-12 00:36:03.416","Common_Team"
"INT_L_AM_PRNOT_2_0","PRN_GL_CODE","LEFT(PRN_GL_CODE,2)","1","1","0","0","0","0","0","0","0","23","2023-03-12 00:36:03.416","Common_Team"
"INT_L_AM_PRNOT_2_0","PRN_PRIM_FLAG","LEFT(PRN_PRIM_FLAG,1)","1","1","0","0","0","0","0","0","0","24","2023-03-12 00:36:03.416","Common_Team"
"INT_L_AM_PRNOT_2_0","PRN_FEE_FLAG","LEFT(PRN_FEE_FLAG,1)","1","1","0","0","0","0","0","0","0","25","2023-03-12 00:36:03.416","Common_Team"
"INT_L_AM_PRNOT_2_0","PRN_ST_CHNG_FLAG","LEFT(PRN_ST_CHNG_FLAG,1)","1","1","0","0","0","0","0","0","0","26","2023-03-12 00:36:03.416","Common_Team"
"INT_L_AM_PRNOT_2_0","PRN_STATUS","LEFT(PRN_STATUS,1)","1","1","0","0","0","0","0","0","0","27","2023-03-12 00:36:03.416","Common_Team"
"INT_L_AM_PRNOT_2_0","PRN_PREV_STATUS","LEFT(PRN_PREV_STATUS,1)","1","1","0","0","0","0","0","0","0","28","2023-03-12 00:36:03.416","Common_Team"
"INT_L_AM_PRNOT_2_0","PRN_ST_CHNG_DATE","LEFT(PRN_ST_CHNG_DATE,8)","1","1","0","0","0","0","0","0","0","29","2023-03-12 00:36:03.416","Common_Team"
"INT_L_AM_PRNOT_2_0","PRN_CORR_CUST_NO","LEFT(PRN_CORR_CUST_NO,10)","1","1","0","0","0","0","0","0","0","30","2023-03-12 00:36:03.416","Common_Team"
"INT_L_AM_PRNOT_2_0","PRN_CORR_APPL_CODE","LEFT(PRN_CORR_APPL_CODE,2)","1","1","0","0","0","0","0","0","0","31","2023-03-12 00:36:03.416","Common_Team"
"INT_L_AM_PRNOT_2_0","PRN_CORR_AM_CTL1","LEFT(PRN_CORR_AM_CTL1,2)","1","1","0","0","0","0","0","0","0","32","2023-03-12 00:36:03.416","Common_Team"
"INT_L_AM_PRNOT_2_0","PRN_CORR_AM_CTL2","LEFT(PRN_CORR_AM_CTL2,3)","1","1","0","0","0","0","0","0","0","33","2023-03-12 00:36:03.416","Common_Team"
"INT_L_AM_PRNOT_2_0","PRN_CORR_AM_CTL3","LEFT(PRN_CORR_AM_CTL3,3)","1","1","0","0","0","0","0","0","0","34","2023-03-12 00:36:03.416","Common_Team"
"INT_L_AM_PRNOT_2_0","PRN_CORR_AM_CTL4","LEFT(PRN_CORR_AM_CTL4,4)","1","1","0","0","0","0","0","0","0","35","2023-03-12 00:36:03.416","Common_Team"
"INT_L_AM_PRNOT_2_0","PRN_CORR_AM_NOTE_NO","LEFT(PRN_CORR_AM_NOTE_NO,14)","1","1","0","0","0","0","0","0","0","36","2023-03-12 00:36:03.416","Common_Team"
"INT_L_AM_PRNOT_2_0","PRN_NOTE_LOC","LEFT(PRN_NOTE_LOC,1)","1","1","0","0","0","0","0","0","0","37","2023-03-12 00:36:03.416","Common_Team"
"INT_L_AM_PRNOT_2_0","PRN_BRANCH_LOCATION","LEFT(PRN_BRANCH_LOCATION,3)","1","1","0","0","0","0","0","0","0","38","2023-03-12 00:36:03.416","Common_Team"
"INT_L_AM_PRNOT_2_0","PRN_BRANCH_COLLECT","LEFT(PRN_BRANCH_COLLECT,3)","1","1","0","0","0","0","0","0","0","39","2023-03-12 00:36:03.416","Common_Team"
"INT_L_AM_PRNOT_2_0","PRN_PROTESTABLE","LEFT(PRN_PROTESTABLE,1)","1","1","0","0","0","0","0","0","0","40","2023-03-12 00:36:03.416","Common_Team"
"INT_L_AM_PRNOT_2_0","PRN_PROT_NOTE_SENT","LEFT(PRN_PROT_NOTE_SENT,1)","1","1","0","0","0","0","0","0","0","41","2023-03-12 00:36:03.416","Common_Team"
"INT_L_AM_PRNOT_2_0","PRN_ENTRY_DATE","LEFT(PRN_ENTRY_DATE,8)","1","1","0","0","0","0","0","0","0","42","2023-03-12 00:36:03.416","Common_Team"
"INT_L_AM_PRNOT_2_0","PRN_MATURITY_DATE","LEFT(PRN_MATURITY_DATE,8)","1","1","0","0","0","0","0","0","0","43","2023-03-12 00:36:03.416","Common_Team"
"INT_L_AM_PRNOT_2_0","PRN_PRIN_ORIG","AM_PRNOT_2_0.PRN_PRIN_ORIG","0","1","0","0","0","0","0","0","0","44","2023-03-12 00:36:03.416","worada"
"INT_L_AM_PRNOT_2_0","PRN_PRIN_COLL","AM_PRNOT_2_0.PRN_PRIN_COLL","0","1","0","0","0","0","0","0","0","45","2023-03-12 00:36:03.416","worada"
"INT_L_AM_PRNOT_2_0","PRN_PRIN_CURR","AM_PRNOT_2_0.PRN_PRIN_CURR","0","1","0","0","0","0","0","0","0","46","2023-03-12 00:36:03.416","worada"
"INT_L_AM_PRNOT_2_0","PRN_PROTEST_FEES","AM_PRNOT_2_0.PRN_PROTEST_FEES","0","1","0","0","0","0","0","0","0","47","2023-03-12 00:36:03.416","worada"
"INT_L_AM_PRNOT_2_0","PRN_PROTEST_EXP","AM_PRNOT_2_0.PRN_PROTEST_EXP","0","1","0","0","0","0","0","0","0","48","2023-03-12 00:36:03.416","worada"
"INT_L_AM_PRNOT_2_0","PRN_CORR_PROT_FEES","AM_PRNOT_2_0.PRN_CORR_PROT_FEES","0","1","0","0","0","0","0","0","0","49","2023-03-12 00:36:03.416","worada"
"INT_L_AM_PRNOT_2_0","PRN_RECORD_FEES","AM_PRNOT_2_0.PRN_RECORD_FEES","0","1","0","0","0","0","0","0","0","50","2023-03-12 00:36:03.416","worada"
"INT_L_AM_PRNOT_2_0","PRN_OTHER_FEES","AM_PRNOT_2_0.PRN_OTHER_FEES","0","1","0","0","0","0","0","0","0","51","2023-03-12 00:36:03.416","worada"
"INT_L_AM_PRNOT_2_0","PRN_COLL_COMM_FEE","AM_PRNOT_2_0.PRN_COLL_COMM_FEE","0","1","0","0","0","0","0","0","0","52","2023-03-12 00:36:03.416","worada"
"INT_L_AM_PRNOT_2_0","PRN_CORR_COLL_COMM_FEE","AM_PRNOT_2_0.PRN_CORR_COLL_COMM_FEE","0","1","0","0","0","0","0","0","0","53","2023-03-12 00:36:03.416","worada"
"INT_L_AM_PRNOT_2_0","PRN_RETURN_FEE","AM_PRNOT_2_0.PRN_RETURN_FEE","0","1","0","0","0","0","0","0","0","54","2023-03-12 00:36:03.416","worada"
"INT_L_AM_PRNOT_2_0","PRN_CORR_RETURN_FEE","AM_PRNOT_2_0.PRN_CORR_RETURN_FEE","0","1","0","0","0","0","0","0","0","55","2023-03-12 00:36:03.416","worada"
"INT_L_AM_PRNOT_2_0","PRN_TAX_COLLECTED","AM_PRNOT_2_0.PRN_TAX_COLLECTED","0","1","0","0","0","0","0","0","0","56","2023-03-12 00:36:03.416","worada"
"INT_L_AM_PRNOT_2_0","PRN_NO_DRAWEES","LEFT(PRN_NO_DRAWEES,1)","1","1","0","0","0","0","0","0","0","57","2023-03-12 00:36:03.416","Common_Team"
"INT_L_AM_PRNOT_2_0","PRN_NAME_ADDRESS1","LEFT(PRN_NAME_ADDRESS1,158)","1","1","0","0","0","0","0","0","0","58","2023-03-12 00:36:03.416","Common_Team"
"INT_L_AM_PRNOT_2_0","PRN_NAME_ADDRESS2","LEFT(PRN_NAME_ADDRESS2,158)","1","1","0","0","0","0","0","0","0","59","2023-03-12 00:36:03.416","Common_Team"
"INT_L_AM_PRNOT_2_0","PRN_FAC_DOC_NUMB","LEFT(PRN_FAC_DOC_NUMB,15)","1","1","0","0","0","0","0","0","0","60","2023-03-12 00:36:03.416","Common_Team"
"INT_L_AM_PRNOT_2_0","PRN_FAC_DOC_AMT","AM_PRNOT_2_0.PRN_FAC_DOC_AMT","0","1","0","0","0","0","0","0","0","61","2023-03-12 00:36:03.416","worada"
"INT_L_AM_PRNOT_2_0","PRN_FAC_PERCENT","AM_PRNOT_2_0.PRN_FAC_PERCENT","0","1","0","0","0","0","0","0","0","62","2023-03-12 00:36:03.416","worada"
"INT_L_AM_PRNOT_2_0","PRN_UPFRONT_RATE_PRT","AM_PRNOT_2_0.PRN_UPFRONT_RATE_PRT","0","1","0","0","0","0","0","0","0","63","2023-03-12 00:36:03.416","worada"
"INT_L_AM_PRNOT_2_0","PRN_UPFRONT_ORIG","AM_PRNOT_2_0.PRN_UPFRONT_ORIG","0","1","0","0","0","0","0","0","0","64","2023-03-12 00:36:03.416","worada"
"INT_L_AM_PRNOT_2_0","PRN_UPFRONT_CURR","AM_PRNOT_2_0.PRN_UPFRONT_CURR","0","1","0","0","0","0","0","0","0","65","2023-03-12 00:36:03.416","worada"
"INT_L_AM_PRNOT_2_0","PRN_UPFRONT_DATE","LEFT(PRN_UPFRONT_DATE,8)","1","1","0","0","0","0","0","0","0","66","2023-03-12 00:36:03.416","Common_Team"
"INT_L_AM_PRNOT_2_0","PRN_COLL_FEE_RATE_PRT","AM_PRNOT_2_0.PRN_COLL_FEE_RATE_PRT","0","1","0","0","0","0","0","0","0","67","2023-03-12 00:36:03.416","worada"
"INT_L_AM_PRNOT_2_0","PRN_COLL_FEE_ORIG","AM_PRNOT_2_0.PRN_COLL_FEE_ORIG","0","1","0","0","0","0","0","0","0","68","2023-03-12 00:36:03.416","worada"
"INT_L_AM_PRNOT_2_0","PRN_COLL_FEE_CURR","AM_PRNOT_2_0.PRN_COLL_FEE_CURR","0","1","0","0","0","0","0","0","0","69","2023-03-12 00:36:03.416","worada"
"INT_L_AM_PRNOT_2_0","PRN_COLLECT_FEE_DATE","LEFT(PRN_COLLECT_FEE_DATE,8)","1","1","0","0","0","0","0","0","0","70","2023-03-12 00:36:03.416","Common_Team"
"INT_L_AM_PRNOT_2_0","PRN_MGMT_RATE_PRT","AM_PRNOT_2_0.PRN_MGMT_RATE_PRT","0","1","0","0","0","0","0","0","0","71","2023-03-12 00:36:03.416","worada"
"INT_L_AM_PRNOT_2_0","PRN_MGMT_ORIG","AM_PRNOT_2_0.PRN_MGMT_ORIG","0","1","0","0","0","0","0","0","0","72","2023-03-12 00:36:03.416","worada"
"INT_L_AM_PRNOT_2_0","PRN_MGMT_CURR","AM_PRNOT_2_0.PRN_MGMT_CURR","0","1","0","0","0","0","0","0","0","73","2023-03-12 00:36:03.416","worada"
"INT_L_AM_PRNOT_2_0","PRN_MGMT_DATE","LEFT(PRN_MGMT_DATE,8)","1","1","0","0","0","0","0","0","0","74","2023-03-12 00:36:03.416","Common_Team"
"INT_L_AM_PRNOT_2_0","PRN_INVOICE_TYPE","LEFT(PRN_INVOICE_TYPE,1)","1","1","0","0","0","0","0","0","0","75","2023-03-12 00:36:03.416","Common_Team"
"INT_L_AM_PRNOT_2_0","PRN_RECEIVE_COND","LEFT(PRN_RECEIVE_COND,1)","1","1","0","0","0","0","0","0","0","76","2023-03-12 00:36:03.416","Common_Team"
"INT_L_AM_PRNOT_2_0","PRN_CREDIT_TERM","LEFT(PRN_CREDIT_TERM,5)","1","1","0","0","0","0","0","0","0","77","2023-03-12 00:36:03.416","Common_Team"
"INT_L_AM_PRNOT_2_0","PRN_BILLING_DATE","LEFT(PRN_BILLING_DATE,8)","1","1","0","0","0","0","0","0","0","78","2023-03-12 00:36:03.416","Common_Team"
"INT_L_AM_PRNOT_2_0","PRN_SERVICE_TAX","AM_PRNOT_2_0.PRN_SERVICE_TAX","0","1","0","0","0","0","0","0","0","79","2023-03-12 00:36:03.416","worada"
"INT_L_AM_PRNOT_2_0","PRN_EXTEND_DATE","LEFT(PRN_EXTEND_DATE,8)","1","1","0","0","0","0","0","0","0","80","2023-03-12 00:36:03.416","Common_Team"
"INT_L_AM_PRNOT_2_0","PRN_INVOICE_DATE","LEFT(PRN_INVOICE_DATE,8)","1","1","0","0","0","0","0","0","0","81","2023-03-12 00:36:03.416","Common_Team"
"INT_L_AM_PRNOT_2_0","PRN_REASON_CD","LEFT(PRN_REASON_CD,2)","1","1","0","0","0","0","0","0","0","82","2023-03-12 00:36:03.416","Common_Team"
"INT_L_AM_PRNOT_2_0","PRN_NAME_ADDRESS4","LEFT(PRN_NAME_ADDRESS4,158)","1","1","0","0","0","0","0","0","0","83","2023-03-12 00:36:03.416","Common_Team"
"INT_L_AM_PRNOT_2_0","PRN_DATE_LAST_MAINT","LEFT(PRN_DATE_LAST_MAINT,8)","1","1","0","0","0","0","0","0","0","84","2023-03-12 00:36:03.416","Common_Team"
"INT_L_AM_PRNOT_2_0","PRN_TIME_LAST_MAINT","LEFT(PRN_TIME_LAST_MAINT,6)","1","1","0","0","0","0","0","0","0","85","2023-03-12 00:36:03.416","Common_Team"
"INT_L_AM_PRNOT_2_0","PRN_EMPL_LAST_MAINT","LEFT(PRN_EMPL_LAST_MAINT,8)","1","1","0","0","0","0","0","0","0","86","2023-03-12 00:36:03.416","Common_Team"
"INT_L_AM_PRNOT_2_0","PRN_TERM_LAST_MAINT","LEFT(PRN_TERM_LAST_MAINT,4)","1","1","0","0","0","0","0","0","0","87","2023-03-12 00:36:03.416","Common_Team"
"INT_L_AM_PRNOT_2_0","PRN_REF_BANK_BRANCH","LEFT(PRN_REF_BANK_BRANCH,9)","1","1","0","0","0","0","0","0","0","88","2023-03-12 00:36:03.416","Common_Team"
"INT_L_AM_PRNOT_2_0","PRN_REF_ACCT","LEFT(PRN_REF_ACCT,10)","1","1","0","0","0","0","0","0","0","89","2023-03-12 00:36:03.416","Common_Team"
"INT_L_AM_PRNOT_2_0","PRN_REF_CHECK","LEFT(PRN_REF_CHECK,7)","1","1","0","0","0","0","0","0","0","90","2023-03-12 00:36:03.416","Common_Team"
"INT_L_AM_PRNOT_2_0","PRN_BD_LBD_IBP_FLAG","LEFT(PRN_BD_LBD_IBP_FLAG,1)","1","1","0","0","0","0","0","0","0","91","2023-03-12 00:36:03.416","Common_Team"
"INT_L_AM_PRNOT_2_0","PRN_BD_CHECK_ISSUER_NUM","LEFT(PRN_BD_CHECK_ISSUER_NUM,10)","1","1","0","0","0","0","0","0","0","92","2023-03-12 00:36:03.416","Common_Team"
"INT_L_AM_PRNOT_2_0","PRN_BD_AUTO_PAY_FLAG","LEFT(PRN_BD_AUTO_PAY_FLAG,1)","1","1","0","0","0","0","0","0","0","93","2023-03-12 00:36:03.416","Common_Team"
"INT_L_AM_PRNOT_2_0","PRN_BD_RETURN_CODE","LEFT(PRN_BD_RETURN_CODE,2)","1","1","0","0","0","0","0","0","0","94","2023-03-12 00:36:03.416","Common_Team"
"INT_L_AM_PRNOT_2_0","PRN_BD_NOTE_DATE","LEFT(PRN_BD_NOTE_DATE,8)","1","1","0","0","0","0","0","0","0","95","2023-03-12 00:36:03.416","Common_Team"
"INT_L_AM_PRNOT_2_0","PRN_BD_SHORTNAME","LEFT(PRN_BD_SHORTNAME,13)","1","1","0","0","0","0","0","0","0","96","2023-03-12 00:36:03.416","Common_Team"
"INT_L_AM_PRNOT_2_0","PRN_BD_INT_RATE","AM_PRNOT_2_0.PRN_BD_INT_RATE","0","1","0","0","0","0","0","0","0","97","2023-03-12 00:36:03.416","worada"
"INT_L_AM_PRNOT_2_0","PRN_BD_YEAR_ACCRUAL_BASIS","LEFT(PRN_BD_YEAR_ACCRUAL_BASIS,1)","1","1","0","0","0","0","0","0","0","98","2023-03-12 00:36:03.416","Common_Team"
"INT_L_AM_PRNOT_2_0","PRN_BD_NET_PROCEEDS","AM_PRNOT_2_0.PRN_BD_NET_PROCEEDS","0","1","0","0","0","0","0","0","0","99","2023-03-12 00:36:03.416","worada"
"INT_L_AM_PRNOT_2_0","PRN_BD_ORIG_TERM","LEFT(PRN_BD_ORIG_TERM,5)","1","1","0","0","0","0","0","0","0","100","2023-03-12 00:36:03.416","Common_Team"
"INT_L_AM_PRNOT_2_0","PRN_BD_REM_TERM","LEFT(PRN_BD_REM_TERM,5)","1","1","0","0","0","0","0","0","0","101","2023-03-12 00:36:03.416","Common_Team"
"INT_L_AM_PRNOT_2_0","PRN_BD_LT_CHG_FRACT_ADJ","AM_PRNOT_2_0.PRN_BD_LT_CHG_FRACT_ADJ","0","1","0","0","0","0","0","0","0","102","2023-03-12 00:36:03.416","worada"
"INT_L_AM_PRNOT_2_0","PRN_BD_INT_ORIG_UNEARNED","AM_PRNOT_2_0.PRN_BD_INT_ORIG_UNEARNED","0","1","0","0","0","0","0","0","0","103","2023-03-12 00:36:03.416","worada"
"INT_L_AM_PRNOT_2_0","PRN_BD_INT_EARNED_AMT","AM_PRNOT_2_0.PRN_BD_INT_EARNED_AMT","0","1","0","0","0","0","0","0","0","104","2023-03-12 00:36:03.416","worada"
"INT_L_AM_PRNOT_2_0","PRN_BD_LST_LTC_ACCR_DATE","LEFT(PRN_BD_LST_LTC_ACCR_DATE,8)","1","1","0","0","0","0","0","0","0","105","2023-03-12 00:36:03.416","Common_Team"
"INT_L_AM_PRNOT_2_0","PRN_BD_PRIN_COLL_FLG","LEFT(PRN_BD_PRIN_COLL_FLG,1)","1","1","0","0","0","0","0","0","0","106","2023-03-12 00:36:03.416","Common_Team"
"INT_L_AM_PRNOT_2_0","PRN_BD_PRIN_COLL_REV_FLG","LEFT(PRN_BD_PRIN_COLL_REV_FLG,1)","1","1","0","0","0","0","0","0","0","107","2023-03-12 00:36:03.416","Common_Team"
"INT_L_AM_PRNOT_2_0","PRN_BD_PRIN_COLL_TODAY","AM_PRNOT_2_0.PRN_BD_PRIN_COLL_TODAY","0","1","0","0","0","0","0","0","0","108","2023-03-12 00:36:03.416","worada"
"INT_L_AM_PRNOT_2_0","PRN_BD_PRIN_COLL_DATE","LEFT(PRN_BD_PRIN_COLL_DATE,8)","1","1","0","0","0","0","0","0","0","109","2023-03-12 00:36:03.416","Common_Team"
"INT_L_AM_PRNOT_2_0","PRN_BD_LAST_INT_ACCRUE_DATE","LEFT(PRN_BD_LAST_INT_ACCRUE_DATE,8)","1","1","0","0","0","0","0","0","0","110","2023-03-12 00:36:03.416","Common_Team"
"INT_L_AM_PRNOT_2_0","PRN_BD_LAST_INT_ACCRUE_AMT","AM_PRNOT_2_0.PRN_BD_LAST_INT_ACCRUE_AMT","0","1","0","0","0","0","0","0","0","111","2023-03-12 00:36:03.416","worada"
"INT_L_AM_PRNOT_2_0","PRN_BD_RETURN_DATE","LEFT(PRN_BD_RETURN_DATE,8)","1","1","0","0","0","0","0","0","0","112","2023-03-12 00:36:03.416","Common_Team"
"INT_L_AM_PRNOT_2_0","PRN_BD_LT_CHG_STOP_ACCRUAL","LEFT(PRN_BD_LT_CHG_STOP_ACCRUAL,1)","1","1","0","0","0","0","0","0","0","113","2023-03-12 00:36:03.416","Common_Team"
"INT_L_AM_PRNOT_2_0","PRN_BD_LT_CHG_ACCRUE","AM_PRNOT_2_0.PRN_BD_LT_CHG_ACCRUE","0","1","0","0","0","0","0","0","0","114","2023-03-12 00:36:03.416","worada"
"INT_L_AM_PRNOT_2_0","PRN_BD_LT_CHG_COLL_FLG","LEFT(PRN_BD_LT_CHG_COLL_FLG,1)","1","1","0","0","0","0","0","0","0","115","2023-03-12 00:36:03.416","Common_Team"
"INT_L_AM_PRNOT_2_0","PRN_BD_LT_CHG_COLL_REV_FLAG","LEFT(PRN_BD_LT_CHG_COLL_REV_FLAG,1)","1","1","0","0","0","0","0","0","0","116","2023-03-12 00:36:03.416","Common_Team"
"INT_L_AM_PRNOT_2_0","PRN_BD_LT_CHG_COLL_TODAY","AM_PRNOT_2_0.PRN_BD_LT_CHG_COLL_TODAY","0","1","0","0","0","0","0","0","0","117","2023-03-12 00:36:03.416","worada"
"INT_L_AM_PRNOT_2_0","PRN_BD_LT_CHG_COLL_TOTAL","AM_PRNOT_2_0.PRN_BD_LT_CHG_COLL_TOTAL","0","1","0","0","0","0","0","0","0","118","2023-03-12 00:36:03.416","worada"
"INT_L_AM_PRNOT_2_0","PRN_BD_LT_CHG_COLL_DATE","LEFT(PRN_BD_LT_CHG_COLL_DATE,8)","1","1","0","0","0","0","0","0","0","119","2023-03-12 00:36:03.416","Common_Team"
"INT_L_AM_PRNOT_2_0","PRN_BD_LT_CHG_WAIVE_FLG","LEFT(PRN_BD_LT_CHG_WAIVE_FLG,1)","1","1","0","0","0","0","0","0","0","120","2023-03-12 00:36:03.416","Common_Team"
"INT_L_AM_PRNOT_2_0","PRN_BD_LT_CHG_WAIVE_REV_FLG","LEFT(PRN_BD_LT_CHG_WAIVE_REV_FLG,1)","1","1","0","0","0","0","0","0","0","121","2023-03-12 00:36:03.416","Common_Team"
"INT_L_AM_PRNOT_2_0","PRN_BD_LT_CHG_WAIVE_TODAY","AM_PRNOT_2_0.PRN_BD_LT_CHG_WAIVE_TODAY","0","1","0","0","0","0","0","0","0","122","2023-03-12 00:36:03.416","worada"
"INT_L_AM_PRNOT_2_0","PRN_BD_LT_CHG_WAIVE_TOTAL","AM_PRNOT_2_0.PRN_BD_LT_CHG_WAIVE_TOTAL","0","1","0","0","0","0","0","0","0","123","2023-03-12 00:36:03.416","worada"
"INT_L_AM_PRNOT_2_0","PRN_BD_LT_CHG_WAIVE_DATE","LEFT(PRN_BD_LT_CHG_WAIVE_DATE,8)","1","1","0","0","0","0","0","0","0","124","2023-03-12 00:36:03.416","Common_Team"
"INT_L_AM_PRNOT_2_0","PRN_BD_REBATE_FLG","LEFT(PRN_BD_REBATE_FLG,1)","1","1","0","0","0","0","0","0","0","125","2023-03-12 00:36:03.416","Common_Team"
"INT_L_AM_PRNOT_2_0","PRN_BD_REBATE_AMT","AM_PRNOT_2_0.PRN_BD_REBATE_AMT","0","1","0","0","0","0","0","0","0","126","2023-03-12 00:36:03.416","worada"
"INT_L_AM_PRNOT_2_0","PRN_BD_REBATE_DATE","LEFT(PRN_BD_REBATE_DATE,8)","1","1","0","0","0","0","0","0","0","127","2023-03-12 00:36:03.416","Common_Team"
"INT_L_AM_PRNOT_2_0","PRN_BD_DUE_DATE","LEFT(PRN_BD_DUE_DATE,8)","1","1","0","0","0","0","0","0","0","128","2023-03-12 00:36:03.416","Common_Team"
"INT_L_AM_PRNOT_2_0","PRN_BD_CLOSED_DATE","LEFT(PRN_BD_CLOSED_DATE,8)","1","1","0","0","0","0","0","0","0","129","2023-03-12 00:36:03.416","Common_Team"
"INT_L_AM_PRNOT_2_0","PRN_BD_CURRENCY","LEFT(PRN_BD_CURRENCY,3)","1","1","0","0","0","0","0","0","0","130","2023-03-12 00:36:03.416","Common_Team"
"INT_L_AM_PRNOT_2_0","PRN_BD_MAX_TRAN","LEFT(PRN_BD_MAX_TRAN,2)","1","1","0","0","0","0","0","0","0","131","2023-03-12 00:36:03.416","Common_Team"
"INT_L_AM_PRNOT_2_0","PRN_BD_SUBM_TRAN","LEFT(PRN_BD_SUBM_TRAN,2)","1","1","0","0","0","0","0","0","0","132","2023-03-12 00:36:03.416","Common_Team"
"INT_L_AM_PRNOT_2_0","PRN_BD_TRAN_AMOUNT_1","AM_PRNOT_2_0.PRN_BD_TRAN_AMOUNT_1","0","1","0","0","0","0","0","0","0","133","2023-03-12 00:36:03.416","worada"
"INT_L_AM_PRNOT_2_0","PRN_BD_TRAN_COD_1","LEFT(PRN_BD_TRAN_COD_1,3)","1","1","0","0","0","0","0","0","0","134","2023-03-12 00:36:03.416","Common_Team"
"INT_L_AM_PRNOT_2_0","PRN_BD_TRAN_EFF_DATE_1","LEFT(PRN_BD_TRAN_EFF_DATE_1,8)","1","1","0","0","0","0","0","0","0","135","2023-03-12 00:36:03.416","Common_Team"
"INT_L_AM_PRNOT_2_0","PRN_BD_TRAN_REBATE_FLAG_1","LEFT(PRN_BD_TRAN_REBATE_FLAG_1,1)","1","1","0","0","0","0","0","0","0","136","2023-03-12 00:36:03.416","Common_Team"
"INT_L_AM_PRNOT_2_0","PRN_BD_TRAN_REBATE_AMT_1","AM_PRNOT_2_0.PRN_BD_TRAN_REBATE_AMT_1","0","1","0","0","0","0","0","0","0","137","2023-03-12 00:36:03.416","worada"
"INT_L_AM_PRNOT_2_0","PRN_BD_TRAN_FEE_AMT_1","AM_PRNOT_2_0.PRN_BD_TRAN_FEE_AMT_1","0","1","0","0","0","0","0","0","0","138","2023-03-12 00:36:03.416","worada"
"INT_L_AM_PRNOT_2_0","PRN_BD_TRAN_FEE_STAT_1","LEFT(PRN_BD_TRAN_FEE_STAT_1,1)","1","1","0","0","0","0","0","0","0","139","2023-03-12 00:36:03.416","Common_Team"
"INT_L_AM_PRNOT_2_0","PRN_BD_TRAN_FEE_TYPE_1","LEFT(PRN_BD_TRAN_FEE_TYPE_1,3)","1","1","0","0","0","0","0","0","0","140","2023-03-12 00:36:03.416","Common_Team"
"INT_L_AM_PRNOT_2_0","PRN_BD_TRAN_AMOUNT_2","AM_PRNOT_2_0.PRN_BD_TRAN_AMOUNT_2","0","1","0","0","0","0","0","0","0","141","2023-03-12 00:36:03.416","worada"
"INT_L_AM_PRNOT_2_0","PRN_BD_TRAN_COD_2","LEFT(PRN_BD_TRAN_COD_2,3)","1","1","0","0","0","0","0","0","0","142","2023-03-12 00:36:03.416","Common_Team"
"INT_L_AM_PRNOT_2_0","PRN_BD_TRAN_REBATE_FLAG_2","LEFT(PRN_BD_TRAN_REBATE_FLAG_2,1)","1","1","0","0","0","0","0","0","0","143","2023-03-12 00:36:03.416","Common_Team"
"INT_L_AM_PRNOT_2_0","PRN_BD_TRAN_REBATE_AMT_2","AM_PRNOT_2_0.PRN_BD_TRAN_REBATE_AMT_2","0","1","0","0","0","0","0","0","0","144","2023-03-12 00:36:03.416","worada"
"INT_L_AM_PRNOT_2_0","PRN_BD_TRAN_FEE_AMT_2","AM_PRNOT_2_0.PRN_BD_TRAN_FEE_AMT_2","0","1","0","0","0","0","0","0","0","145","2023-03-12 00:36:03.416","worada"
"INT_L_AM_PRNOT_2_0","PRN_BD_TRAN_FEE_STAT_2","LEFT(PRN_BD_TRAN_FEE_STAT_2,1)","1","1","0","0","0","0","0","0","0","146","2023-03-12 00:36:03.416","Common_Team"
"INT_L_AM_PRNOT_2_0","PRN_BD_TRAN_FEE_TYPE_2","LEFT(PRN_BD_TRAN_FEE_TYPE_2,3)","1","1","0","0","0","0","0","0","0","147","2023-03-12 00:36:03.416","Common_Team"
"INT_L_AM_PRNOT_2_0","PRN_BD_TRAN_AMOUNT_3","AM_PRNOT_2_0.PRN_BD_TRAN_AMOUNT_3","0","1","0","0","0","0","0","0","0","148","2023-03-12 00:36:03.416","worada"
"INT_L_AM_PRNOT_2_0","PRN_BD_TRAN_COD_3","LEFT(PRN_BD_TRAN_COD_3,3)","1","1","0","0","0","0","0","0","0","149","2023-03-12 00:36:03.416","Common_Team"
"INT_L_AM_PRNOT_2_0","PRN_BD_TRAN_EFF_DATE_3","LEFT(PRN_BD_TRAN_EFF_DATE_3,8)","1","1","0","0","0","0","0","0","0","150","2023-03-12 00:36:03.416","Common_Team"
"INT_L_AM_PRNOT_2_0","PRN_BD_TRAN_REBATE_FLAG_3","LEFT(PRN_BD_TRAN_REBATE_FLAG_3,1)","1","1","0","0","0","0","0","0","0","151","2023-03-12 00:36:03.416","Common_Team"
"INT_L_AM_PRNOT_2_0","PRN_BD_TRAN_REBATE_AMT_3","AM_PRNOT_2_0.PRN_BD_TRAN_REBATE_AMT_3","0","1","0","0","0","0","0","0","0","152","2023-03-12 00:36:03.416","worada"
"INT_L_AM_PRNOT_2_0","PRN_BD_TRAN_FEE_AMT_3","AM_PRNOT_2_0.PRN_BD_TRAN_FEE_AMT_3","0","1","0","0","0","0","0","0","0","153","2023-03-12 00:36:03.416","worada"
"INT_L_AM_PRNOT_2_0","PRN_BD_TRAN_FEE_STAT_3","LEFT(PRN_BD_TRAN_FEE_STAT_3,1)","1","1","0","0","0","0","0","0","0","154","2023-03-12 00:36:03.416","Common_Team"
"INT_L_AM_PRNOT_2_0","PRN_BD_TRAN_FEE_TYPE_3","LEFT(PRN_BD_TRAN_FEE_TYPE_3,3)","1","1","0","0","0","0","0","0","0","155","2023-03-12 00:36:03.416","Common_Team"
"INT_L_AM_PRNOT_2_0","PRN_BD_TRAN_AMOUNT_4","AM_PRNOT_2_0.PRN_BD_TRAN_AMOUNT_4","0","1","0","0","0","0","0","0","0","156","2023-03-12 00:36:03.416","worada"
"INT_L_AM_PRNOT_2_0","PRN_BD_TRAN_COD_4","LEFT(PRN_BD_TRAN_COD_4,3)","1","1","0","0","0","0","0","0","0","157","2023-03-12 00:36:03.416","Common_Team"
"INT_L_AM_PRNOT_2_0","PRN_BD_TRAN_EFF_DATE_4","LEFT(PRN_BD_TRAN_EFF_DATE_4,8)","1","1","0","0","0","0","0","0","0","158","2023-03-12 00:36:03.416","Common_Team"
"INT_L_AM_PRNOT_2_0","PRN_BD_TRAN_REBATE_FLAG_4","LEFT(PRN_BD_TRAN_REBATE_FLAG_4,1)","1","1","0","0","0","0","0","0","0","159","2023-03-12 00:36:03.416","Common_Team"
"INT_L_AM_PRNOT_2_0","PRN_BD_TRAN_REBATE_AMT_4","AM_PRNOT_2_0.PRN_BD_TRAN_REBATE_AMT_4","0","1","0","0","0","0","0","0","0","160","2023-03-12 00:36:03.416","worada"
"INT_L_AM_PRNOT_2_0","PRN_BD_TRAN_FEE_AMT_4","AM_PRNOT_2_0.PRN_BD_TRAN_FEE_AMT_4","0","1","0","0","0","0","0","0","0","161","2023-03-12 00:36:03.416","worada"
"INT_L_AM_PRNOT_2_0","PRN_BD_TRAN_FEE_STAT_4","LEFT(PRN_BD_TRAN_FEE_STAT_4,1)","1","1","0","0","0","0","0","0","0","162","2023-03-12 00:36:03.416","Common_Team"
"INT_L_AM_PRNOT_2_0","PRN_BD_TRAN_FEE_TYPE_4","LEFT(PRN_BD_TRAN_FEE_TYPE_4,3)","1","1","0","0","0","0","0","0","0","163","2023-03-12 00:36:03.416","Common_Team"
"INT_L_AM_PRNOT_2_0","PRN_BD_TRAN_AMOUNT_5","AM_PRNOT_2_0.PRN_BD_TRAN_AMOUNT_5","0","1","0","0","0","0","0","0","0","164","2023-03-12 00:36:03.416","worada"
"INT_L_AM_PRNOT_2_0","PRN_BD_TRAN_COD_5","LEFT(PRN_BD_TRAN_COD_5,3)","1","1","0","0","0","0","0","0","0","165","2023-03-12 00:36:03.416","Common_Team"
"INT_L_AM_PRNOT_2_0","PRN_BD_TRAN_EFF_DATE_5","LEFT(PRN_BD_TRAN_EFF_DATE_5,8)","1","1","0","0","0","0","0","0","0","166","2023-03-12 00:36:03.416","Common_Team"
"INT_L_AM_PRNOT_2_0","PRN_BD_TRAN_REBATE_FLAG_5","LEFT(PRN_BD_TRAN_REBATE_FLAG_5,1)","1","1","0","0","0","0","0","0","0","167","2023-03-12 00:36:03.416","Common_Team"
"INT_L_AM_PRNOT_2_0","PRN_BD_TRAN_REBATE_AMT_5","AM_PRNOT_2_0.PRN_BD_TRAN_REBATE_AMT_5","0","1","0","0","0","0","0","0","0","168","2023-03-12 00:36:03.416","worada"
"INT_L_AM_PRNOT_2_0","PRN_BD_TRAN_FEE_AMT_5","AM_PRNOT_2_0.PRN_BD_TRAN_FEE_AMT_5","0","1","0","0","0","0","0","0","0","169","2023-03-12 00:36:03.416","worada"
"INT_L_AM_PRNOT_2_0","PRN_BD_TRAN_FEE_STAT_5","LEFT(PRN_BD_TRAN_FEE_STAT_5,1)","1","1","0","0","0","0","0","0","0","170","2023-03-12 00:36:03.416","Common_Team"
"INT_L_AM_PRNOT_2_0","PRN_BD_TRAN_FEE_TYPE_5","LEFT(PRN_BD_TRAN_FEE_TYPE_5,3)","1","1","0","0","0","0","0","0","0","171","2023-03-12 00:36:03.416","Common_Team"
"INT_L_AM_PRNOT_2_0","PRN_BD_TRAN_AMOUNT_6","AM_PRNOT_2_0.PRN_BD_TRAN_AMOUNT_6","0","1","0","0","0","0","0","0","0","172","2023-03-12 00:36:03.416","worada"
"INT_L_AM_PRNOT_2_0","PRN_BD_TRAN_COD_6","LEFT(PRN_BD_TRAN_COD_6,3)","1","1","0","0","0","0","0","0","0","173","2023-03-12 00:36:03.416","Common_Team"
"INT_L_AM_PRNOT_2_0","PRN_BD_TRAN_EFF_DATE_6","LEFT(PRN_BD_TRAN_EFF_DATE_6,8)","1","1","0","0","0","0","0","0","0","174","2023-03-12 00:36:03.416","Common_Team"
"INT_L_AM_PRNOT_2_0","PRN_BD_TRAN_REBATE_FLAG_6","LEFT(PRN_BD_TRAN_REBATE_FLAG_6,1)","1","1","0","0","0","0","0","0","0","175","2023-03-12 00:36:03.416","Common_Team"
"INT_L_AM_PRNOT_2_0","PRN_BD_TRAN_REBATE_AMT_6","AM_PRNOT_2_0.PRN_BD_TRAN_REBATE_AMT_6","0","1","0","0","0","0","0","0","0","176","2023-03-12 00:36:03.416","worada"
"INT_L_AM_PRNOT_2_0","PRN_BD_TRAN_FEE_AMT_6","AM_PRNOT_2_0.PRN_BD_TRAN_FEE_AMT_6","0","1","0","0","0","0","0","0","0","177","2023-03-12 00:36:03.416","worada"
"INT_L_AM_PRNOT_2_0","PRN_BD_TRAN_FEE_STAT_6","LEFT(PRN_BD_TRAN_FEE_STAT_6,1)","1","1","0","0","0","0","0","0","0","178","2023-03-12 00:36:03.416","Common_Team"
"INT_L_AM_PRNOT_2_0","PRN_BD_TRAN_FEE_TYPE_6","LEFT(PRN_BD_TRAN_FEE_TYPE_6,3)","1","1","0","0","0","0","0","0","0","179","2023-03-12 00:36:03.416","Common_Team"
"INT_L_AM_PRNOT_2_0","PRN_BD_TRAN_AMOUNT_7","AM_PRNOT_2_0.PRN_BD_TRAN_AMOUNT_7","0","1","0","0","0","0","0","0","0","180","2023-03-12 00:36:03.416","worada"
"INT_L_AM_PRNOT_2_0","PRN_BD_TRAN_COD_7","LEFT(PRN_BD_TRAN_COD_7,3)","1","1","0","0","0","0","0","0","0","181","2023-03-12 00:36:03.416","Common_Team"
"INT_L_AM_PRNOT_2_0","PRN_BD_TRAN_EFF_DATE_7","LEFT(PRN_BD_TRAN_EFF_DATE_7,8)","1","1","0","0","0","0","0","0","0","182","2023-03-12 00:36:03.416","Common_Team"
"INT_L_AM_PRNOT_2_0","PRN_BD_TRAN_REBATE_FLAG_7","LEFT(PRN_BD_TRAN_REBATE_FLAG_7,1)","1","1","0","0","0","0","0","0","0","183","2023-03-12 00:36:03.416","Common_Team"
"INT_L_AM_PRNOT_2_0","PRN_BD_TRAN_REBATE_AMT_7","AM_PRNOT_2_0.PRN_BD_TRAN_REBATE_AMT_7","0","1","0","0","0","0","0","0","0","184","2023-03-12 00:36:03.416","worada"
"INT_L_AM_PRNOT_2_0","PRN_BD_TRAN_FEE_AMT_7","AM_PRNOT_2_0.PRN_BD_TRAN_FEE_AMT_7","0","1","0","0","0","0","0","0","0","185","2023-03-12 00:36:03.416","worada"
"INT_L_AM_PRNOT_2_0","PRN_BD_TRAN_FEE_STAT_7","LEFT(PRN_BD_TRAN_FEE_STAT_7,1)","1","1","0","0","0","0","0","0","0","186","2023-03-12 00:36:03.416","Common_Team"
"INT_L_AM_PRNOT_2_0","PRN_BD_TRAN_FEE_TYPE_7","LEFT(PRN_BD_TRAN_FEE_TYPE_7,3)","1","1","0","0","0","0","0","0","0","187","2023-03-12 00:36:03.416","Common_Team"
"INT_L_AM_PRNOT_2_0","PRN_BD_TRAN_AMOUNT_8","AM_PRNOT_2_0.PRN_BD_TRAN_AMOUNT_8","0","1","0","0","0","0","0","0","0","188","2023-03-12 00:36:03.416","worada"
"INT_L_AM_PRNOT_2_0","PRN_BD_TRAN_COD_8","RIGHT('000'||TRIM(PRN_BD_TRAN_COD_8), 3)","1","1","0","0","0","0","0","0","0","189","2023-03-12 00:36:03.416","worada"
"INT_L_AM_PRNOT_2_0","PRN_BD_TRAN_EFF_DATE_8","LEFT(PRN_BD_TRAN_EFF_DATE_8,8)","1","1","0","0","0","0","0","0","0","190","2023-03-12 00:36:03.416","Common_Team"
"INT_L_AM_PRNOT_2_0","PRN_BD_TRAN_REBATE_FLAG_8","LEFT(PRN_BD_TRAN_REBATE_FLAG_8,1)","1","1","0","0","0","0","0","0","0","191","2023-03-12 00:36:03.416","Common_Team"
"INT_L_AM_PRNOT_2_0","PRN_BD_TRAN_REBATE_AMT_8","AM_PRNOT_2_0.PRN_BD_TRAN_REBATE_AMT_8","0","1","0","0","0","0","0","0","0","192","2023-03-12 00:36:03.416","worada"
"INT_L_AM_PRNOT_2_0","PRN_BD_TRAN_FEE_AMT_8","AM_PRNOT_2_0.PRN_BD_TRAN_FEE_AMT_8","0","1","0","0","0","0","0","0","0","193","2023-03-12 00:36:03.416","worada"
"INT_L_AM_PRNOT_2_0","PRN_BD_TRAN_FEE_STAT_8","LEFT(PRN_BD_TRAN_FEE_STAT_8,1)","1","1","0","0","0","0","0","0","0","194","2023-03-12 00:36:03.416","Common_Team"
"INT_L_AM_PRNOT_2_0","PRN_BD_TRAN_FEE_TYPE_8","LEFT(PRN_BD_TRAN_FEE_TYPE_8,3)","1","1","0","0","0","0","0","0","0","195","2023-03-12 00:36:03.416","Common_Team"
"INT_L_AM_PRNOT_2_0","PRN_BD_TRAN_AMOUNT_9","AM_PRNOT_2_0.PRN_BD_TRAN_AMOUNT_9","0","1","0","0","0","0","0","0","0","196","2023-03-12 00:36:03.416","worada"
"INT_L_AM_PRNOT_2_0","PRN_BD_TRAN_COD_9","LEFT(PRN_BD_TRAN_COD_9,3)","1","1","0","0","0","0","0","0","0","197","2023-03-12 00:36:03.416","Common_Team"
"INT_L_AM_PRNOT_2_0","PRN_BD_TRAN_EFF_DATE_9","LEFT(PRN_BD_TRAN_EFF_DATE_9,8)","1","1","0","0","0","0","0","0","0","198","2023-03-12 00:36:03.416","Common_Team"
"INT_L_AM_PRNOT_2_0","PRN_BD_TRAN_REBATE_FLAG_9","LEFT(PRN_BD_TRAN_REBATE_FLAG_9,1)","1","1","0","0","0","0","0","0","0","199","2023-03-12 00:36:03.416","Common_Team"
"INT_L_AM_PRNOT_2_0","PRN_BD_TRAN_REBATE_AMT_9","AM_PRNOT_2_0.PRN_BD_TRAN_REBATE_AMT_9","0","1","0","0","0","0","0","0","0","200","2023-03-12 00:36:03.416","worada"
"INT_L_AM_PRNOT_2_0","PRN_BD_TRAN_FEE_AMT_9","AM_PRNOT_2_0.PRN_BD_TRAN_FEE_AMT_9","0","1","0","0","0","0","0","0","0","201","2023-03-12 00:36:03.416","worada"
"INT_L_AM_PRNOT_2_0","PRN_BD_TRAN_FEE_STAT_9","LEFT(PRN_BD_TRAN_FEE_STAT_9,1)","1","1","0","0","0","0","0","0","0","202","2023-03-12 00:36:03.416","Common_Team"
"INT_L_AM_PRNOT_2_0","PRN_BD_TRAN_FEE_TYPE_9","LEFT(PRN_BD_TRAN_FEE_TYPE_9,3)","1","1","0","0","0","0","0","0","0","203","2023-03-12 00:36:03.416","Common_Team"
"INT_L_AM_PRNOT_2_0","PRN_BD_TRAN_AMOUNT_10","AM_PRNOT_2_0.PRN_BD_TRAN_AMOUNT_10","0","1","0","0","0","0","0","0","0","204","2023-03-12 00:36:03.416","worada"
"INT_L_AM_PRNOT_2_0","PRN_BD_TRAN_COD_10","LEFT(PRN_BD_TRAN_COD_10,3)","1","1","0","0","0","0","0","0","0","205","2023-03-12 00:36:03.416","Common_Team"
"INT_L_AM_PRNOT_2_0","PRN_BD_TRAN_EFF_DATE_10","LEFT(PRN_BD_TRAN_EFF_DATE_10,8)","1","1","0","0","0","0","0","0","0","206","2023-03-12 00:36:03.416","Common_Team"
"INT_L_AM_PRNOT_2_0","PRN_BD_TRAN_REBATE_FLAG_10","LEFT(PRN_BD_TRAN_REBATE_FLAG_10,1)","1","1","0","0","0","0","0","0","0","207","2023-03-12 00:36:03.416","Common_Team"
"INT_L_AM_PRNOT_2_0","PRN_BD_TRAN_REBATE_AMT_10","AM_PRNOT_2_0.PRN_BD_TRAN_REBATE_AMT_10","0","1","0","0","0","0","0","0","0","208","2023-03-12 00:36:03.416","worada"
"INT_L_AM_PRNOT_2_0","PRN_BD_TRAN_FEE_AMT_10","AM_PRNOT_2_0.PRN_BD_TRAN_FEE_AMT_10","0","1","0","0","0","0","0","0","0","209","2023-03-12 00:36:03.416","worada"
"INT_L_AM_PRNOT_2_0","PRN_BD_TRAN_FEE_STAT_10","LEFT(PRN_BD_TRAN_FEE_STAT_10,1)","1","1","0","0","0","0","0","0","0","210","2023-03-12 00:36:03.416","Common_Team"
"INT_L_AM_PRNOT_2_0","PRN_BD_TRAN_FEE_TYPE_10","LEFT(PRN_BD_TRAN_FEE_TYPE_10,3)","1","1","0","0","0","0","0","0","0","211","2023-03-12 00:36:03.416","Common_Team"
"INT_L_AM_PRNOT_2_0","PRN_BD_LAST_LT_CHG_TRN_AMT","AM_PRNOT_2_0.PRN_BD_LAST_LT_CHG_TRN_AMT","0","1","0","0","0","0","0","0","0","212","2023-03-12 00:36:03.416","worada"
"INT_L_AM_PRNOT_2_0","PRN_BD_LAST_LT_CHG_WAV_AMT","AM_PRNOT_2_0.PRN_BD_LAST_LT_CHG_WAV_AMT","0","1","0","0","0","0","0","0","0","213","2023-03-12 00:36:03.416","worada"
"INT_L_AM_PRNOT_2_0","PRN_BD_INT_UNEARNED_AMT","AM_PRNOT_2_0.PRN_BD_INT_UNEARNED_AMT","0","1","0","0","0","0","0","0","0","214","2023-03-12 00:36:03.416","worada"
"INT_L_AM_PRNOT_2_0","PRN_BD_MONTH_ACCRUAL_BASIS","LEFT(PRN_BD_MONTH_ACCRUAL_BASIS,1)","1","1","0","0","0","0","0","0","0","215","2023-03-12 00:36:03.416","Common_Team"
"INT_L_AM_PRNOT_2_0","PRN_BD_LAST_PRIN_COLL_AMT","AM_PRNOT_2_0.PRN_BD_LAST_PRIN_COLL_AMT","0","1","0","0","0","0","0","0","0","216","2023-03-12 00:36:03.416","worada"
"INT_L_AM_PRNOT_2_0","PRN_BD_RETURN_TIMES","LEFT(PRN_BD_RETURN_TIMES,3)","1","1","0","0","0","0","0","0","0","217","2023-03-12 00:36:03.416","Common_Team"
"INT_L_AM_PRNOT_2_0","PRN_CORR_ACCT_FLAG","LEFT(PRN_CORR_ACCT_FLAG,1)","1","1","0","0","0","0","0","0","0","218","2023-03-12 00:36:03.416","Common_Team"
"INT_L_AM_PRNOT_2_0","PRN_RETURN_TODAY_FLAG","LEFT(PRN_RETURN_TODAY_FLAG,1)","1","1","0","0","0","0","0","0","0","219","2023-03-12 00:36:03.416","Common_Team"
"INT_L_AM_PRNOT_2_0","PRN_RETURN_FLAG","LEFT(PRN_RETURN_FLAG,1)","1","1","0","0","0","0","0","0","0","220","2023-03-12 00:36:03.416","Common_Team"
"INT_L_AM_PRNOT_2_0","PRN_BD_NET_PROCEEDS_CALC","LEFT(PRN_BD_NET_PROCEEDS_CALC,1)","1","1","0","0","0","0","0","0","0","221","2023-03-12 00:36:03.416","Common_Team"
"INT_L_AM_PRNOT_2_0","PRN_BD_LTC_ADJ_FLAG","LEFT(PRN_BD_LTC_ADJ_FLAG,1)","1","1","0","0","0","0","0","0","0","222","2023-03-12 00:36:03.416","Common_Team"
"INT_L_AM_PRNOT_2_0","PRN_BD_LTC_INTRL_ADJ_AMT","AM_PRNOT_2_0.PRN_BD_LTC_INTRL_ADJ_AMT","0","1","0","0","0","0","0","0","0","223","2023-03-12 00:36:03.416","worada"
"INT_L_AM_PRNOT_2_0","PRN_RTE_TO_CUST_TODAY_FLG","LEFT(PRN_RTE_TO_CUST_TODAY_FLG,1)","1","1","0","0","0","0","0","0","0","224","2023-03-12 00:36:03.416","Common_Team"
"INT_L_AM_PRNOT_2_0","PRN_RETURN_CUST_FLAG","LEFT(PRN_RETURN_CUST_FLAG,1)","1","1","0","0","0","0","0","0","0","225","2023-03-12 00:36:03.416","Common_Team"
"INT_L_AM_PRNOT_2_0","PRN_RTE_TO_CUST_RSN_CD","LEFT(PRN_RTE_TO_CUST_RSN_CD,2)","1","1","0","0","0","0","0","0","0","226","2023-03-12 00:36:03.416","Common_Team"
"INT_L_AM_PRNOT_2_0","PRN_PD_MVMT_FLAG_CURR","LEFT(PRN_PD_MVMT_FLAG_CURR,1)","1","1","0","0","0","0","0","0","0","227","2023-03-12 00:36:03.416","Common_Team"
"INT_L_AM_PRNOT_2_0","PRN_PD_MVMT_FLAG_PREV","LEFT(PRN_PD_MVMT_FLAG_PREV,1)","1","1","0","0","0","0","0","0","0","228","2023-03-12 00:36:03.416","Common_Team"
"INT_L_AM_PRNOT_2_0","PRN_PD_MVMT_PRIN_PREV","AM_PRNOT_2_0.PRN_PD_MVMT_PRIN_PREV","0","1","0","0","0","0","0","0","0","229","2023-03-12 00:36:03.416","worada"
"INT_L_AM_PRNOT_2_0","PRN_BD_COM_CHG_STOP_ACCRUAL","LEFT(PRN_BD_COM_CHG_STOP_ACCRUAL,1)","1","1","0","0","0","0","0","0","0","230","2023-03-12 00:36:03.416","Common_Team"
"INT_L_AM_PRNOT_2_0","PRN_BD_COM_CHG_ACCRUE","AM_PRNOT_2_0.PRN_BD_COM_CHG_ACCRUE","0","1","0","0","0","0","0","0","0","231","2023-03-12 00:36:03.416","worada"
"INT_L_AM_PRNOT_2_0","PRN_BD_COM_CHG_COLL_FLG","LEFT(PRN_BD_COM_CHG_COLL_FLG,1)","1","1","0","0","0","0","0","0","0","232","2023-03-12 00:36:03.416","Common_Team"
"INT_L_AM_PRNOT_2_0","PRN_BD_COM_CHG_COLL_REV_FLAG","LEFT(PRN_BD_COM_CHG_COLL_REV_FLAG,1)","1","1","0","0","0","0","0","0","0","233","2023-03-12 00:36:03.416","Common_Team"
"INT_L_AM_PRNOT_2_0","PRN_BD_COM_CHG_COLL_TODAY","AM_PRNOT_2_0.PRN_BD_COM_CHG_COLL_TODAY","0","1","0","0","0","0","0","0","0","234","2023-03-12 00:36:03.416","worada"
"INT_L_AM_PRNOT_2_0","PRN_BD_COM_CHG_COLL_TOTAL","AM_PRNOT_2_0.PRN_BD_COM_CHG_COLL_TOTAL","0","1","0","0","0","0","0","0","0","235","2023-03-12 00:36:03.416","worada"
"INT_L_AM_PRNOT_2_0","PRN_BD_COM_CHG_COLL_DATE","LEFT(PRN_BD_COM_CHG_COLL_DATE,8)","1","1","0","0","0","0","0","0","0","236","2023-03-12 00:36:03.416","Common_Team"
"INT_L_AM_PRNOT_2_0","PRN_BD_COM_CHG_WAIVE_FLG","LEFT(PRN_BD_COM_CHG_WAIVE_FLG,1)","1","1","0","0","0","0","0","0","0","237","2023-03-12 00:36:03.416","Common_Team"
"INT_L_AM_PRNOT_2_0","PRN_BD_COM_CHG_WAIVE_REV_FLG","LEFT(PRN_BD_COM_CHG_WAIVE_REV_FLG,1)","1","1","0","0","0","0","0","0","0","238","2023-03-12 00:36:03.416","Common_Team"
"INT_L_AM_PRNOT_2_0","PRN_BD_COM_CHG_WAIVE_TODAY","AM_PRNOT_2_0.PRN_BD_COM_CHG_WAIVE_TODAY","0","1","0","0","0","0","0","0","0","239","2023-03-12 00:36:03.416","worada"
"INT_L_AM_PRNOT_2_0","PRN_BD_COM_CHG_WAIVE_TOTAL","AM_PRNOT_2_0.PRN_BD_COM_CHG_WAIVE_TOTAL","0","1","0","0","0","0","0","0","0","240","2023-03-12 00:36:03.416","worada"
"INT_L_AM_PRNOT_2_0","PRN_BD_COM_CHG_WAIVE_DATE","LEFT(PRN_BD_COM_CHG_WAIVE_DATE,8)","1","1","0","0","0","0","0","0","0","241","2023-03-12 00:36:03.416","Common_Team"
"INT_L_AM_PRNOT_2_0","PRN_BD_COM_CHG_FRACT_ADJ","AM_PRNOT_2_0.PRN_BD_COM_CHG_FRACT_ADJ","0","1","0","0","0","0","0","0","0","242","2023-03-12 00:36:03.416","worada"
"INT_L_AM_PRNOT_2_0","PRN_BD_LST_COM_ACCR_DATE","LEFT(PRN_BD_LST_COM_ACCR_DATE,8)","1","1","0","0","0","0","0","0","0","243","2023-03-12 00:36:03.416","Common_Team"
"INT_L_AM_PRNOT_2_0","PRN_BD_COM_ADJ_FLAG","LEFT(PRN_BD_COM_ADJ_FLAG,1)","1","1","0","0","0","0","0","0","0","244","2023-03-12 00:36:03.416","Common_Team"
"INT_L_AM_PRNOT_2_0","PRN_BD_COM_INTRL_ADJ_AMT","AM_PRNOT_2_0.PRN_BD_COM_INTRL_ADJ_AMT","0","1","0","0","0","0","0","0","0","245","2023-03-12 00:36:03.416","worada"
"INT_L_AM_PRNOT_2_0","PRN_BD_LAST_COM_CHG_TR_AMT","AM_PRNOT_2_0.PRN_BD_LAST_COM_CHG_TR_AMT","0","1","0","0","0","0","0","0","0","246","2023-03-12 00:36:03.416","worada"
"INT_L_AM_PRNOT_2_0","PRN_BD_LAST_COM_CHG_WV_AMT","AM_PRNOT_2_0.PRN_BD_LAST_COM_CHG_WV_AMT","0","1","0","0","0","0","0","0","0","247","2023-03-12 00:36:03.416","worada"
"INT_L_AM_PRNOT_2_0","PRN_MVMT_COUNT_1","LEFT(PRN_MVMT_COUNT_1,9)","1","1","0","0","0","0","0","0","0","248","2023-03-12 00:36:03.416","Common_Team"
"INT_L_AM_PRNOT_2_0","PRN_MVMT_AMT_1","AM_PRNOT_2_0.PRN_MVMT_AMT_1","0","1","0","0","0","0","0","0","0","249","2023-03-12 00:36:03.416","worada"
"INT_L_AM_PRNOT_2_0","PRN_MVMT_COUNT_2","LEFT(PRN_MVMT_COUNT_2,9)","1","1","0","0","0","0","0","0","0","250","2023-03-12 00:36:03.416","Common_Team"
"INT_L_AM_PRNOT_2_0","PRN_MVMT_AMT_2","AM_PRNOT_2_0.PRN_MVMT_AMT_2","0","1","0","0","0","0","0","0","0","251","2023-03-12 00:36:03.416","worada"
"INT_L_AM_PRNOT_2_0","PRN_MVMT_COUNT_3","LEFT(PRN_MVMT_COUNT_3,9)","1","1","0","0","0","0","0","0","0","252","2023-03-12 00:36:03.416","Common_Team"
"INT_L_AM_PRNOT_2_0","PRN_MVMT_AMT_3","AM_PRNOT_2_0.PRN_MVMT_AMT_3","0","1","0","0","0","0","0","0","0","253","2023-03-12 00:36:03.416","worada"
"INT_L_AM_PRNOT_2_0","PRN_MVMT_COUNT_4","LEFT(PRN_MVMT_COUNT_4,9)","1","1","0","0","0","0","0","0","0","254","2023-03-12 00:36:03.416","Common_Team"
"INT_L_AM_PRNOT_2_0","PRN_MVMT_AMT_4","AM_PRNOT_2_0.PRN_MVMT_AMT_4","0","1","0","0","0","0","0","0","0","255","2023-03-12 00:36:03.416","worada"
"INT_L_AM_PRNOT_2_0","PRN_MVMT_COUNT_5","LEFT(PRN_MVMT_COUNT_5,9)","1","1","0","0","0","0","0","0","0","256","2023-03-12 00:36:03.416","Common_Team"
"INT_L_AM_PRNOT_2_0","PRN_MVMT_AMT_5","AM_PRNOT_2_0.PRN_MVMT_AMT_5","0","1","0","0","0","0","0","0","0","257","2023-03-12 00:36:03.416","worada"
"INT_L_AM_PRNOT_2_0","PRN_REN_PRIN_ORIG_1","AM_PRNOT_2_0.PRN_REN_PRIN_ORIG_1","0","1","0","0","0","0","0","0","0","258","2023-03-12 00:36:03.416","worada"
"INT_L_AM_PRNOT_2_0","PRN_REN_PRIN_ORIG_2","AM_PRNOT_2_0.PRN_REN_PRIN_ORIG_2","0","1","0","0","0","0","0","0","0","259","2023-03-12 00:36:03.416","worada"
"INT_L_AM_PRNOT_2_0","PRN_REN_PRIN_ORIG_3","AM_PRNOT_2_0.PRN_REN_PRIN_ORIG_3","0","1","0","0","0","0","0","0","0","260","2023-03-12 00:36:03.416","worada"
"INT_L_AM_PRNOT_2_0","PRN_REN_PRIN_ORIG_4","AM_PRNOT_2_0.PRN_REN_PRIN_ORIG_4","0","1","0","0","0","0","0","0","0","261","2023-03-12 00:36:03.416","worada"
"INT_L_AM_PRNOT_2_0","PRN_RENEWED_TIMES","LEFT(PRN_RENEWED_TIMES,3)","1","1","0","0","0","0","0","0","0","262","2023-03-12 00:36:03.416","Common_Team"
"INT_L_AM_PRNOT_2_0","PRN_SAVE_PRIN_ORIG","AM_PRNOT_2_0.PRN_SAVE_PRIN_ORIG","0","1","0","0","0","0","0","0","0","263","2023-03-12 00:36:03.416","worada"
"INT_L_AM_PRNOT_2_0","PRN_TOT_INT_EARNED","AM_PRNOT_2_0.PRN_TOT_INT_EARNED","0","1","0","0","0","0","0","0","0","264","2023-03-12 00:36:03.416","worada"
"INT_L_AM_PRNOT_2_0","PRN_PROTEST_PROC_DAYS","LEFT(PRN_PROTEST_PROC_DAYS,3)","1","1","0","0","0","0","0","0","0","265","2023-03-12 00:36:03.416","Common_Team"
"INT_L_AM_PRNOT_2_0","PRN_PREV_UNEARNED_INT","AM_PRNOT_2_0.PRN_PREV_UNEARNED_INT","0","1","0","0","0","0","0","0","0","266","2023-03-12 00:36:03.416","worada"
"INT_L_AM_PRNOT_2_0","PRN_RBA","LEFT(PRN_RBA,4)","1","1","0","0","0","0","0","0","0","267","2023-03-12 00:36:03.416","Common_Team"
"INT_L_AM_PRNOT_2_0","PRN_GRPN","LEFT(PRN_GRPN,2)","1","1","0","0","0","0","0","0","0","268","2023-03-12 00:36:03.416","Common_Team"
"INT_L_AM_PRNOT_2_0","PRN_PREV_PENALTY_INT","AM_PRNOT_2_0.PRN_PREV_PENALTY_INT","0","1","0","0","0","0","0","0","0","269","2023-03-12 00:36:03.416","worada"
"INT_L_AM_PRNOT_2_0","PRN_PREV_COMP_INT","AM_PRNOT_2_0.PRN_PREV_COMP_INT","0","1","0","0","0","0","0","0","0","270","2023-03-12 00:36:03.416","worada"
"INT_L_AM_PRNOT_2_0","PRN_PEN_INT_FEE_TYPE","LEFT(PRN_PEN_INT_FEE_TYPE,3)","1","1","0","0","0","0","0","0","0","271","2023-03-12 00:36:03.416","Common_Team"
"INT_L_AM_PRNOT_2_0","PRN_COMPEN_INT_FEE_TYPE","LEFT(PRN_COMPEN_INT_FEE_TYPE,3)","1","1","0","0","0","0","0","0","0","272","2023-03-12 00:36:03.416","Common_Team"
"INT_L_AM_PRNOT_2_0","PRN_RECORDING_FEE_TYPE","LEFT(PRN_RECORDING_FEE_TYPE,3)","1","1","0","0","0","0","0","0","0","273","2023-03-12 00:36:03.416","Common_Team"
"INT_L_AM_PRNOT_2_0","PRN_COLL_COMM_FEE_TYPE","LEFT(PRN_COLL_COMM_FEE_TYPE,3)","1","1","0","0","0","0","0","0","0","274","2023-03-12 00:36:03.416","Common_Team"
"INT_L_AM_PRNOT_2_0","PRN_PROTEST_FEE_TYPE","LEFT(PRN_PROTEST_FEE_TYPE,3)","1","1","0","0","0","0","0","0","0","275","2023-03-12 00:36:03.416","Common_Team"
"INT_L_AM_PRNOT_2_0","PRN_RETRN_COMM_FEE_TYPE","LEFT(PRN_RETRN_COMM_FEE_TYPE,3)","1","1","0","0","0","0","0","0","0","276","2023-03-12 00:36:03.416","Common_Team"
"INT_L_AM_PRNOT_2_0","PRN_OTHER_FEE_TYPE","LEFT(PRN_OTHER_FEE_TYPE,3)","1","1","0","0","0","0","0","0","0","277","2023-03-12 00:36:03.416","Common_Team"
"INT_L_AM_PRNOT_2_0","PRN_PROT_FEE_DUE","AM_PRNOT_2_0.PRN_PROT_FEE_DUE","0","1","0","0","0","0","0","0","0","278","2023-03-12 00:36:03.416","worada"
"INT_L_AM_PRNOT_2_0","PRN_PROT_FEE_LAST_PMT_DATE","LEFT(PRN_PROT_FEE_LAST_PMT_DATE,8)","1","1","0","0","0","0","0","0","0","279","2023-03-12 00:36:03.416","Common_Team"
"INT_L_AM_PRNOT_2_0","PRN_PROT_FEE_LAST_WAIVED","AM_PRNOT_2_0.PRN_PROT_FEE_LAST_WAIVED","0","1","0","0","0","0","0","0","0","280","2023-03-12 00:36:03.416","worada"
"INT_L_AM_PRNOT_2_0","PRN_PROT_FEE_LAST_WAIVED_DATE","LEFT(PRN_PROT_FEE_LAST_WAIVED_DATE,8)","1","1","0","0","0","0","0","0","0","281","2023-03-12 00:36:03.416","Common_Team"
"INT_L_AM_PRNOT_2_0","PRN_PROT_FEE_PAID","LEFT(PRN_PROT_FEE_PAID,1)","1","1","0","0","0","0","0","0","0","282","2023-03-12 00:36:03.416","Common_Team"
"INT_L_AM_PRNOT_2_0","PRN_PROT_FEE_PAID_ITD","AM_PRNOT_2_0.PRN_PROT_FEE_PAID_ITD","0","1","0","0","0","0","0","0","0","283","2023-03-12 00:36:03.416","worada"
"INT_L_AM_PRNOT_2_0","PRN_PROT_FEE_REVERSED","LEFT(PRN_PROT_FEE_REVERSED,1)","1","1","0","0","0","0","0","0","0","284","2023-03-12 00:36:03.416","Common_Team"
"INT_L_AM_PRNOT_2_0","PRN_PROT_FEE_WAIVE_REVERSED","LEFT(PRN_PROT_FEE_WAIVE_REVERSED,1)","1","1","0","0","0","0","0","0","0","285","2023-03-12 00:36:03.416","Common_Team"
"INT_L_AM_PRNOT_2_0","PRN_PROT_FEE_WAIVED","LEFT(PRN_PROT_FEE_WAIVED,1)","1","1","0","0","0","0","0","0","0","286","2023-03-12 00:36:03.416","Common_Team"
"INT_L_AM_PRNOT_2_0","PRN_PROT_FEE_WAIVED_ITD","AM_PRNOT_2_0.PRN_PROT_FEE_WAIVED_ITD","0","1","0","0","0","0","0","0","0","287","2023-03-12 00:36:03.416","worada"
"INT_L_AM_PRNOT_2_0","PRN_RETN_FEE_DUE","AM_PRNOT_2_0.PRN_RETN_FEE_DUE","0","1","0","0","0","0","0","0","0","288","2023-03-12 00:36:03.416","worada"
"INT_L_AM_PRNOT_2_0","PRN_RETN_FEE_LAST_ASSESSED","AM_PRNOT_2_0.PRN_RETN_FEE_LAST_ASSESSED","0","1","0","0","0","0","0","0","0","289","2023-03-12 00:36:03.416","worada"
"INT_L_AM_PRNOT_2_0","PRN_RETN_FEE_LAST_PMT_DATE","LEFT(PRN_RETN_FEE_LAST_PMT_DATE,8)","1","1","0","0","0","0","0","0","0","290","2023-03-12 00:36:03.416","Common_Team"
"INT_L_AM_PRNOT_2_0","PRN_RETN_FEE_LAST_WAIVED","AM_PRNOT_2_0.PRN_RETN_FEE_LAST_WAIVED","0","1","0","0","0","0","0","0","0","291","2023-03-12 00:36:03.416","worada"
"INT_L_AM_PRNOT_2_0","PRN_RETN_FEE_LAST_WAIVED_DATE","LEFT(PRN_RETN_FEE_LAST_WAIVED_DATE,8)","1","1","0","0","0","0","0","0","0","292","2023-03-12 00:36:03.416","Common_Team"
"INT_L_AM_PRNOT_2_0","PRN_RETN_FEE_PAID","LEFT(PRN_RETN_FEE_PAID,1)","1","1","0","0","0","0","0","0","0","293","2023-03-12 00:36:03.416","Common_Team"
"INT_L_AM_PRNOT_2_0","PRN_RETN_FEE_PAID_ITD","AM_PRNOT_2_0.PRN_RETN_FEE_PAID_ITD","0","1","0","0","0","0","0","0","0","294","2023-03-12 00:36:03.416","worada"
"INT_L_AM_PRNOT_2_0","PRN_RETN_FEE_REVERSED","LEFT(PRN_RETN_FEE_REVERSED,1)","1","1","0","0","0","0","0","0","0","295","2023-03-12 00:36:03.416","Common_Team"
"INT_L_AM_PRNOT_2_0","PRN_RETN_FEE_WAIVE_REVERSED","LEFT(PRN_RETN_FEE_WAIVE_REVERSED,1)","1","1","0","0","0","0","0","0","0","296","2023-03-12 00:36:03.416","Common_Team"
"INT_L_AM_PRNOT_2_0","PRN_RETN_FEE_WAIVED","LEFT(PRN_RETN_FEE_WAIVED,1)","1","1","0","0","0","0","0","0","0","297","2023-03-12 00:36:03.416","Common_Team"
"INT_L_AM_PRNOT_2_0","PRN_RETN_FEE_WAIVED_ITD","AM_PRNOT_2_0.PRN_RETN_FEE_WAIVED_ITD","0","1","0","0","0","0","0","0","0","298","2023-03-12 00:36:03.416","worada"
"INT_L_AM_PRNOT_2_0","PRN_MATURITY_DATE_COMP_FLAG","LEFT(PRN_MATURITY_DATE_COMP_FLAG,1)","1","1","0","0","0","0","0","0","0","299","2023-03-12 00:36:03.416","Common_Team"
"INT_L_AM_PRNOT_2_0","PRN_PAYMENT_STATUS","LEFT(PRN_PAYMENT_STATUS,1)","1","1","0","0","0","0","0","0","0","300","2023-03-12 00:36:03.416","Common_Team"
"INT_L_AM_PRNOT_2_0","START_DT","","0","1","0","0","0","0","0","0","0","301","2023-03-12 00:36:03.416","worada"
"INT_L_AM_PRNOT_2_0","END_DT","","0","1","0","0","0","0","0","0","0","302","2023-03-12 00:36:03.416","worada"
"INT_L_AM_PRNOT_2_0","RECORD_DELETED_FLAG","","0","1","0","0","0","0","0","0","0","303","2023-03-12 00:36:03.416","worada"
"INT_L_AM_PRNOT_2_0","CTL_ID","","0","1","0","0","0","0","0","0","0","304","2023-03-12 00:36:03.416","worada"
"INT_L_AM_PRNOT_2_0","INS_PROC_NAME","","0","1","0","0","0","0","0","0","0","305","2023-03-12 00:36:03.416","worada"
"INT_L_AM_PRNOT_2_0","INS_TXF_BATCHID","","0","1","0","0","0","0","0","0","0","306","2023-03-12 00:36:03.416","worada"
"INT_L_AM_PRNOT_2_0","UPD_PROC_NAME","","0","1","0","0","0","0","0","0","0","307","2023-03-12 00:36:03.416","worada"
"INT_L_AM_PRNOT_2_0","UPD_TXF_BATCHID","","0","1","0","0","0","0","0","0","0","308","2023-03-12 00:36:03.416","worada"
