"INTERFACE_NAME","COL_NAME","EXPRESSION","EXE_DB","INSERT_FLAG","UPDATE_FLAG","KEY_UPD","UD1","UD2","UD3","UD4","UD5","COL_POSITION","LAST_UPDATE_DATE","LAST_UPDATE_USER"
"INT_L_CFE_EDW_BC_TXN_T1","REF_NO","LEFT(REF_NO,16)","1","1","0","0","0","0","0","0","0","1","2023-03-12 04:21:29.636","Common_Team"
"INT_L_CFE_EDW_BC_TXN_T1","REF_STAT","LEFT(REF_STAT,1)","1","1","0","0","0","0","0","0","0","2","2023-03-12 04:21:29.636","Common_Team"
"INT_L_CFE_EDW_BC_TXN_T1","ENTRY_DATE","(COALESCE(to_date(SUBSTR(ENTRY_DATE,1,10),'yyyy-MM-dd'),to_date('1000-01-03')))","1","1","0","0","0","0","0","0","0","3","2023-03-12 04:21:29.636","nuttsak.wong"
"INT_L_CFE_EDW_BC_TXN_T1","ENTRY_TIME","(COALESCE(to_timestamp(SUBSTR(ENTRY_TIME,1,8)),to_timestamp('00:00:00')))","1","1","0","0","0","0","0","0","0","4","2023-03-12 04:21:29.636","nuttsak.wong"
"INT_L_CFE_EDW_BC_TXN_T1","APPV_DATE","(CASE WHEN (to_date(SUBSTR(APPV_DATE,1,10),'yyyy-MM-dd')) IN ('0001-01-01','1543-01-01','0000-01-01','1400-01-01','1400-01-02') THEN '1000-01-03' ELSE COALESCE((to_date(SUBSTR(APPV_DATE,1,10),'yyyy-MM-dd')),to_date('1000-01-03')) END)","1","1","0","0","0","0","0","0","0","5","2023-03-12 04:21:29.636","Supitchaya"
"INT_L_CFE_EDW_BC_TXN_T1","APPV_TIME","(COALESCE(to_timestamp(SUBSTR(APPV_TIME,1,8)),to_timestamp('00:00:00')))","1","1","0","0","0","0","0","0","0","6","2023-03-12 04:21:29.636","nuttsak.wong"
"INT_L_CFE_EDW_BC_TXN_T1","CORRECT_DATE","(CASE WHEN (to_date(SUBSTR(CORRECT_DATE,1,10),'yyyy-MM-dd')) IN ('0001-01-01','1543-01-01','0000-01-01','1400-01-01','1400-01-02') THEN '1000-01-03' ELSE COALESCE((to_date(SUBSTR(CORRECT_DATE,1,10),'yyyy-MM-dd')),to_date('1000-01-03')) END)","1","1","0","0","0","0","0","0","0","7","2023-03-12 04:21:29.636","Supitchaya"
"INT_L_CFE_EDW_BC_TXN_T1","CORRECT_TIME","(COALESCE(to_timestamp(SUBSTR(CORRECT_TIME,1,8)),to_timestamp('00:00:00')))","1","1","0","0","0","0","0","0","0","8","2023-03-12 04:21:29.636","nuttsak.wong"
"INT_L_CFE_EDW_BC_TXN_T1","PROD_TYPE","LEFT(PROD_TYPE,4)","1","1","0","0","0","0","0","0","0","9","2023-03-12 04:21:29.636","Common_Team"
"INT_L_CFE_EDW_BC_TXN_T1","ENTRY_ID","LEFT(ENTRY_ID,5)","1","1","0","0","0","0","0","0","0","10","2023-03-12 04:21:29.636","Common_Team"
"INT_L_CFE_EDW_BC_TXN_T1","APPV_ID","LEFT(APPV_ID,5)","1","1","0","0","0","0","0","0","0","11","2023-03-12 04:21:29.636","Common_Team"
"INT_L_CFE_EDW_BC_TXN_T1","CORRECT_ID","LEFT(CORRECT_ID,5)","1","1","0","0","0","0","0","0","0","12","2023-03-12 04:21:29.636","Common_Team"
"INT_L_CFE_EDW_BC_TXN_T1","CUST_ID","LEFT(CUST_ID,10)","1","1","0","0","0","0","0","0","0","13","2023-03-12 04:21:29.636","Common_Team"
"INT_L_CFE_EDW_BC_TXN_T1","NAME1","LEFT(NAME1,35)","1","1","0","0","0","0","0","0","0","14","2023-03-12 04:21:29.636","Common_Team"
"INT_L_CFE_EDW_BC_TXN_T1","NAME2","LEFT(NAME2,35)","1","1","0","0","0","0","0","0","0","15","2023-03-12 04:21:29.636","Common_Team"
"INT_L_CFE_EDW_BC_TXN_T1","ADDR1","LEFT(ADDR1,35)","1","1","0","0","0","0","0","0","0","16","2023-03-12 04:21:29.636","Common_Team"
"INT_L_CFE_EDW_BC_TXN_T1","ADDR2","LEFT(ADDR2,35)","1","1","0","0","0","0","0","0","0","17","2023-03-12 04:21:29.636","Common_Team"
"INT_L_CFE_EDW_BC_TXN_T1","NATION","LEFT(NATION,15)","1","1","0","0","0","0","0","0","0","18","2023-03-12 04:21:29.636","Common_Team"
"INT_L_CFE_EDW_BC_TXN_T1","ID_NO","LEFT(ID_NO,20)","1","1","0","0","0","0","0","0","0","19","2023-03-12 04:21:29.636","Common_Team"
"INT_L_CFE_EDW_BC_TXN_T1","TEL_NO","LEFT(TEL_NO,20)","1","1","0","0","0","0","0","0","0","20","2023-03-12 04:21:29.636","Common_Team"
"INT_L_CFE_EDW_BC_TXN_T1","FAX_NO","LEFT(FAX_NO,20)","1","1","0","0","0","0","0","0","0","21","2023-03-12 04:21:29.636","Common_Team"
"INT_L_CFE_EDW_BC_TXN_T1","CUR_CODE","LEFT(CUR_CODE,3)","1","1","0","0","0","0","0","0","0","22","2023-03-12 04:21:29.636","Common_Team"
"INT_L_CFE_EDW_BC_TXN_T1","CUR_RATE","CFE_BC_TXN_1_0.CUR_RATE","0","1","0","0","0","0","0","0","0","23","2023-03-12 04:21:29.636","nuttsak.wong"
"INT_L_CFE_EDW_BC_TXN_T1","AC_NO","LEFT(AC_NO,17)","1","1","0","0","0","0","0","0","0","24","2023-03-12 04:21:29.636","Common_Team"
"INT_L_CFE_EDW_BC_TXN_T1","BRN_NO","LEFT(BRN_NO,5)","1","1","0","0","0","0","0","0","0","25","2023-03-12 04:21:29.636","Common_Team"
"INT_L_CFE_EDW_BC_TXN_T1","DRW_BY","LEFT(DRW_BY,35)","1","1","0","0","0","0","0","0","0","26","2023-03-12 04:21:29.636","Common_Team"
"INT_L_CFE_EDW_BC_TXN_T1","DRW_ON","LEFT(DRW_ON,35)","1","1","0","0","0","0","0","0","0","27","2023-03-12 04:21:29.636","Common_Team"
"INT_L_CFE_EDW_BC_TXN_T1","BC_DATED","(COALESCE(to_date(SUBSTR(BC_DATED,1,10),'yyyy-MM-dd'),to_date('1000-01-03')))","1","1","0","0","0","0","0","0","0","28","2023-03-12 04:21:29.636","nuttsak.wong"
"INT_L_CFE_EDW_BC_TXN_T1","CHQ_NO","LEFT(CHQ_NO,18)","1","1","0","0","0","0","0","0","0","29","2023-03-12 04:21:29.636","Common_Team"
"INT_L_CFE_EDW_BC_TXN_T1","CUST_OBJ","LEFT(CUST_OBJ,6)","1","1","0","0","0","0","0","0","0","30","2023-03-12 04:21:29.636","Common_Team"
"INT_L_CFE_EDW_BC_TXN_T1","PAID_CD","LEFT(PAID_CD,2)","1","1","0","0","0","0","0","0","0","31","2023-03-12 04:21:29.636","Common_Team"
"INT_L_CFE_EDW_BC_TXN_T1","FT_CODE","LEFT(FT_CODE,3)","1","1","0","0","0","0","0","0","0","32","2023-03-12 04:21:29.636","Common_Team"
"INT_L_CFE_EDW_BC_TXN_T1","FT_NO","LEFT(FT_NO,14)","1","1","0","0","0","0","0","0","0","33","2023-03-12 04:21:29.636","Common_Team"
"INT_L_CFE_EDW_BC_TXN_T1","BC_NO","LEFT(BC_NO,6)","1","1","0","0","0","0","0","0","0","34","2023-03-12 04:21:29.636","Common_Team"
"INT_L_CFE_EDW_BC_TXN_T1","BC_STAMP_AMT","CFE_BC_TXN_1_0.BC_STAMP_AMT","0","1","0","0","0","0","0","0","0","35","2023-03-12 04:21:29.636","nuttsak.wong"
"INT_L_CFE_EDW_BC_TXN_T1","BC_STAMP_FLAG","LEFT(BC_STAMP_FLAG,1)","1","1","0","0","0","0","0","0","0","36","2023-03-12 04:21:29.636","Common_Team"
"INT_L_CFE_EDW_BC_TXN_T1","BC_COMM_AMT","CFE_BC_TXN_1_0.BC_COMM_AMT","0","1","0","0","0","0","0","0","0","37","2023-03-12 04:21:29.636","nuttsak.wong"
"INT_L_CFE_EDW_BC_TXN_T1","BC_COMM_FLAG","LEFT(BC_COMM_FLAG,1)","1","1","0","0","0","0","0","0","0","38","2023-03-12 04:21:29.636","Common_Team"
"INT_L_CFE_EDW_BC_TXN_T1","BC_AMT","CFE_BC_TXN_1_0.BC_AMT","0","1","0","0","0","0","0","0","0","39","2023-03-12 04:21:29.636","nuttsak.wong"
"INT_L_CFE_EDW_BC_TXN_T1","MSG_TO_HO","LEFT(MSG_TO_HO,35)","1","1","0","0","0","0","0","0","0","40","2023-03-12 04:21:29.636","Common_Team"
"INT_L_CFE_EDW_BC_TXN_T1","START_DT","","0","1","0","0","0","0","0","0","0","41","2023-03-12 04:21:29.636","nuttsak.wong"
"INT_L_CFE_EDW_BC_TXN_T1","END_DT","","0","1","0","0","0","0","0","0","0","42","2023-03-12 04:21:29.636","nuttsak.wong"
"INT_L_CFE_EDW_BC_TXN_T1","RECORD_DELETED_FLAG","","0","1","0","0","0","0","0","0","0","43","2023-03-12 04:21:29.636","nuttsak.wong"
"INT_L_CFE_EDW_BC_TXN_T1","CTL_ID","","0","1","0","0","0","0","0","0","0","44","2023-03-12 04:21:29.636","nuttsak.wong"
"INT_L_CFE_EDW_BC_TXN_T1","INS_PROC_NAME","","0","1","0","0","0","0","0","0","0","45","2023-03-12 04:21:29.636","nuttsak.wong"
"INT_L_CFE_EDW_BC_TXN_T1","INS_TXF_BATCHID","","0","1","0","0","0","0","0","0","0","46","2023-03-12 04:21:29.636","nuttsak.wong"
"INT_L_CFE_EDW_BC_TXN_T1","UPD_PROC_NAME","","0","1","0","0","0","0","0","0","0","47","2023-03-12 04:21:29.636","nuttsak.wong"
"INT_L_CFE_EDW_BC_TXN_T1","UPD_TXF_BATCHID","","0","1","0","0","0","0","0","0","0","48","2023-03-12 04:21:29.636","nuttsak.wong"
"INT_L_CFE_EDW_BC_TXN_T1","BK_PARTY_119_001","(COALESCE(TRIM(CUST_ID),'') || '_' ||'119')","1","1","0","0","0","0","0","1","1","49","2023-03-12 04:21:29.636","Common_Team"
