"INTERFACE_NAME","COL_NAME","EXPRESSION","EXE_DB","INSERT_FLAG","UPDATE_FLAG","KEY_UPD","UD1","UD2","UD3","UD4","UD5","COL_POSITION","LAST_UPDATE_DATE","LAST_UPDATE_USER"
"INT_L_B2MTX_PCOEC_H_1_0","PCOLE_REC_TYPE","LEFT(PCOLE_REC_TYPE,1)","1","1","0","0","0","0","0","0","0","2","2023-03-11 23:25:09.876","Common_Team"
"INT_L_B2MTX_PCOEC_H_1_0","PCOLE_CORP","LEFT(PCOLE_CORP,2)","1","1","0","0","0","0","0","0","0","3","2023-03-11 23:25:09.876","Common_Team"
"INT_L_B2MTX_PCOEC_H_1_0","PCOLE_BATCH_NUMBER","lpad(PCOLE_BATCH_NUMBER, 5, '0')","1","1","0","0","0","0","0","0","0","4","2023-03-11 23:25:09.876","hathaipat"
"INT_L_B2MTX_PCOEC_H_1_0","PCOLE_SEQUENCE","lpad(PCOLE_SEQUENCE, 3, '0')","1","1","0","0","0","0","0","0","0","5","2023-03-11 23:25:09.876","hathaipat"
"INT_L_B2MTX_PCOEC_H_1_0","PCOLE_HDR_DEPARTMENT","LEFT(PCOLE_HDR_DEPARTMENT,2)","1","1","0","0","0","0","0","0","0","6","2023-03-11 23:25:09.876","Common_Team"
"INT_L_B2MTX_PCOEC_H_1_0","PCOLE_HDR_BOX_NBR","B2MTX_PCOEC_H_1_0.PCOLE_HDR_BOX_NBR","0","1","0","0","0","0","0","0","0","7","2023-03-11 23:25:09.876","hathaipat"
"INT_L_B2MTX_PCOEC_H_1_0","PCOLE_HDR_TRAN_CODE","LEFT(PCOLE_HDR_TRAN_CODE,2)","1","1","0","0","0","0","0","0","0","8","2023-03-11 23:25:09.876","Common_Team"
"INT_L_B2MTX_PCOEC_H_1_0","PCOLE_HDR_OPENED_DATE","LEFT(PCOLE_HDR_OPENED_DATE,9)","1","1","0","0","0","0","0","0","0","9","2023-03-11 23:25:09.876","Common_Team"
"INT_L_B2MTX_PCOEC_H_1_0","FILLER_1","LEFT(FILLER_1,1)","1","1","0","0","0","0","0","0","0","10","2023-03-11 23:25:09.876","Common_Team"
"INT_L_B2MTX_PCOEC_H_1_0","PCOLE_HDR_TRAN_DATE","LEFT(PCOLE_HDR_TRAN_DATE,9)","1","1","0","0","0","0","0","0","0","11","2023-03-11 23:25:09.876","Common_Team"
"INT_L_B2MTX_PCOEC_H_1_0","FILLER_2","LEFT(FILLER_2,1)","1","1","0","0","0","0","0","0","0","12","2023-03-11 23:25:09.876","Common_Team"
"INT_L_B2MTX_PCOEC_H_1_0","PCOLE_HDR_STATUS","LEFT(PCOLE_HDR_STATUS,1)","1","1","0","0","0","0","0","0","0","13","2023-03-11 23:25:09.876","Common_Team"
"INT_L_B2MTX_PCOEC_H_1_0","PCOLE_HDR_CURR_SEQ","B2MTX_PCOEC_H_1_0.PCOLE_HDR_CURR_SEQ","0","1","0","0","0","0","0","0","0","14","2023-03-11 23:25:09.876","hathaipat"
"INT_L_B2MTX_PCOEC_H_1_0","PCOLE_HDR_MERCH_ID","LEFT(PCOLE_HDR_MERCH_ID,18)","1","1","0","0","0","0","0","0","0","15","2023-03-11 23:25:09.876","Common_Team"
"INT_L_B2MTX_PCOEC_H_1_0","PCOLE_HDR_MERCH_STATUS","LEFT(PCOLE_HDR_MERCH_STATUS,1)","1","1","0","0","0","0","0","0","0","16","2023-03-11 23:25:09.876","Common_Team"
"INT_L_B2MTX_PCOEC_H_1_0","PCOLE_HDR_CURRENCY_CODE","LEFT(PCOLE_HDR_CURRENCY_CODE,3)","1","1","0","0","0","0","0","0","0","17","2023-03-11 23:25:09.876","Common_Team"
"INT_L_B2MTX_PCOEC_H_1_0","PCOLE_HDR_XCHG_RATE","LEFT(PCOLE_HDR_XCHG_RATE,9)","1","1","0","0","0","0","0","0","0","18","2023-03-11 23:25:09.876","Common_Team"
"INT_L_B2MTX_PCOEC_H_1_0","PCOLE_HDR_PREV_STATUS","LEFT(PCOLE_HDR_PREV_STATUS,1)","1","1","0","0","0","0","0","0","0","19","2023-03-11 23:25:09.876","Common_Team"
"INT_L_B2MTX_PCOEC_H_1_0","PCOLE_HDR_OPER_OPEN","LEFT(PCOLE_HDR_OPER_OPEN,8)","1","1","0","0","0","0","0","0","0","20","2023-03-11 23:25:09.876","Common_Team"
"INT_L_B2MTX_PCOEC_H_1_0","PCOLE_HDR_OPER_LAST_UPD","LEFT(PCOLE_HDR_OPER_LAST_UPD,8)","1","1","0","0","0","0","0","0","0","21","2023-03-11 23:25:09.876","Common_Team"
"INT_L_B2MTX_PCOEC_H_1_0","PCOLE_HDR_TERM","LEFT(PCOLE_HDR_TERM,4)","1","1","0","0","0","0","0","0","0","22","2023-03-11 23:25:09.876","Common_Team"
"INT_L_B2MTX_PCOEC_H_1_0","PCOLE_HDR_CNTL_ITEMS","B2MTX_PCOEC_H_1_0.PCOLE_HDR_CNTL_ITEMS","0","1","0","0","0","0","0","0","0","23","2023-03-11 23:25:09.876","hathaipat"
"INT_L_B2MTX_PCOEC_H_1_0","PCOLE_HDR_CNTL_AMOUNT","LEFT(PCOLE_HDR_CNTL_AMOUNT,16)","1","1","0","0","0","0","0","0","0","24","2023-03-11 23:25:09.876","Common_Team"
"INT_L_B2MTX_PCOEC_H_1_0","PCOLE_HDR_ORIG_ITEMS","B2MTX_PCOEC_H_1_0.PCOLE_HDR_ORIG_ITEMS","0","1","0","0","0","0","0","0","0","25","2023-03-11 23:25:09.876","hathaipat"
"INT_L_B2MTX_PCOEC_H_1_0","PCOLE_HDR_ORIG_AMOUNT","LEFT(PCOLE_HDR_ORIG_AMOUNT,16)","1","1","0","0","0","0","0","0","0","26","2023-03-11 23:25:09.876","Common_Team"
"INT_L_B2MTX_PCOEC_H_1_0","PCOLE_HDR_APPRV_ITEMS","B2MTX_PCOEC_H_1_0.PCOLE_HDR_APPRV_ITEMS","0","1","0","0","0","0","0","0","0","27","2023-03-11 23:25:09.876","hathaipat"
"INT_L_B2MTX_PCOEC_H_1_0","PCOLE_HDR_APPRV_AMOUNT","LEFT(PCOLE_HDR_APPRV_AMOUNT,16)","1","1","0","0","0","0","0","0","0","28","2023-03-11 23:25:09.876","Common_Team"
"INT_L_B2MTX_PCOEC_H_1_0","PCOLE_BANK_NUMBER","LEFT(PCOLE_BANK_NUMBER,16)","1","1","0","0","0","0","0","0","0","29","2023-03-11 23:25:09.876","Common_Team"
"INT_L_B2MTX_PCOEC_H_1_0","PCOLE_HDR_MC_IRD","LEFT(PCOLE_HDR_MC_IRD,2)","1","1","0","0","0","0","0","0","0","30","2023-03-11 23:25:09.876","Common_Team"
"INT_L_B2MTX_PCOEC_H_1_0","FILLER_3","LEFT(FILLER_3,44)","1","1","0","0","0","0","0","0","0","31","2023-03-11 23:25:09.876","Common_Team"
"INT_L_B2MTX_PCOEC_H_1_0","START_DT","","0","1","0","0","0","0","0","0","0","32","2023-03-11 23:25:09.876","hathaipat"
"INT_L_B2MTX_PCOEC_H_1_0","END_DT","","0","1","0","0","0","0","0","0","0","33","2023-03-11 23:25:09.876","hathaipat"
"INT_L_B2MTX_PCOEC_H_1_0","RECORD_DELETED_FLAG","","0","1","0","0","0","0","0","0","0","34","2023-03-11 23:25:09.876","hathaipat"
"INT_L_B2MTX_PCOEC_H_1_0","CTL_ID","","0","1","0","0","0","0","0","0","0","35","2023-03-11 23:25:09.876","hathaipat"
"INT_L_B2MTX_PCOEC_H_1_0","INS_PROC_NAME","","0","1","0","0","0","0","0","0","0","36","2023-03-11 23:25:09.876","hathaipat"
"INT_L_B2MTX_PCOEC_H_1_0","INS_TXF_BATCHID","","0","1","0","0","0","0","0","0","0","37","2023-03-11 23:25:09.876","hathaipat"
"INT_L_B2MTX_PCOEC_H_1_0","UPD_PROC_NAME","","0","1","0","0","0","0","0","0","0","38","2023-03-11 23:25:09.876","hathaipat"
"INT_L_B2MTX_PCOEC_H_1_0","UPD_TXF_BATCHID","","0","1","0","0","0","0","0","0","0","39","2023-03-11 23:25:09.876","hathaipat"
