"INTERFACE_NAME","COL_NAME","EXPRESSION","EXE_DB","INSERT_FLAG","UPDATE_FLAG","KEY_UPD","UD1","UD2","UD3","UD4","UD5","COL_POSITION","LAST_UPDATE_DATE","LAST_UPDATE_USER"
"INT_L_ICORE_EDW_CFP_KYC_RISK_RATING","KYC_RISK_RATING","LEFT(KYC_RISK_RATING,10)","1","1","1","1","1","0","0","0","0","1","2023-03-12 00:56:48.383","Common_Team"
"INT_L_ICORE_EDW_CFP_KYC_RISK_RATING","KYC_RISK_RATING_DESC","LEFT(KYC_RISK_RATING_DESC,100)","1","1","1","0","0","0","0","0","0","2","2023-03-12 00:56:48.383","Common_Team"
"INT_L_ICORE_EDW_CFP_KYC_RISK_RATING","KYC_REVIEW_FREQ","LEFT(KYC_REVIEW_FREQ,8)","1","1","1","0","0","0","0","0","0","3","2023-03-12 00:56:48.383","Common_Team"
"INT_L_ICORE_EDW_CFP_KYC_RISK_RATING","REMARK","LEFT(REMARK,100)","1","1","1","0","0","0","0","0","0","4","2023-03-12 00:56:48.383","Common_Team"
"INT_L_ICORE_EDW_CFP_KYC_RISK_RATING","DATA_CREATE_TIME","DATA_CREATE_TIME","1","1","1","0","0","0","0","0","0","5","2023-03-12 00:56:48.383","INT_BENJAPONP"
"INT_L_ICORE_EDW_CFP_KYC_RISK_RATING","DATA_UPDATE_TIME","DATA_UPDATE_TIME","1","1","1","0","0","0","0","0","0","6","2023-03-12 00:56:48.383","INT_BENJAPONP"
"INT_L_ICORE_EDW_CFP_KYC_RISK_RATING","DATA_CREATE_USER","LEFT(DATA_CREATE_USER,32)","1","1","1","0","0","0","0","0","0","7","2023-03-12 00:56:48.383","Common_Team"
"INT_L_ICORE_EDW_CFP_KYC_RISK_RATING","DATA_UPDATE_USER","LEFT(DATA_UPDATE_USER,32)","1","1","1","0","0","0","0","0","0","8","2023-03-12 00:56:48.383","Common_Team"
"INT_L_ICORE_EDW_CFP_KYC_RISK_RATING","DATA_VERSION","ICORE_CFP_KYC_RISK_RATING_1_0.DATA_VERSION","0","1","1","0","0","0","0","0","0","9","2023-03-12 00:56:48.383","INT_BENJAPONP"
