"INTERFACE_NAME","COL_NAME","EXPRESSION","EXE_DB","INSERT_FLAG","UPDATE_FLAG","KEY_UPD","UD1","UD2","UD3","UD4","UD5","COL_POSITION","LAST_UPDATE_DATE","LAST_UPDATE_USER"
"INT_L_FES_EDW_EVENT_T1","EVENT_CODE","FES_EVENT_1_0.EVENT_CODE","0","1","1","0","0","0","0","0","0","2","2023-03-11 23:42:43.218","hathaipat"
"INT_L_FES_EDW_EVENT_T1","USER_ID","COALESCE(FES_EVENT_1_0.USER_ID,'')","1","1","1","0","0","0","0","0","0","3","2023-03-11 23:42:43.218","hathaipat"
"INT_L_FES_EDW_EVENT_T1","TIMESTAMP1","CASE WHEN COALESCE(FES_EVENT_1_0.TIMESTAMP1,'') = '' THEN '1000-01-03 00:00:00.000' ELSE CAST(CAST(SUBSTR(FES_EVENT_1_0.TIMESTAMP1,1,4)||'-'||SUBSTR(FES_EVENT_1_0.TIMESTAMP1,6,2)||'-'||SUBSTR(FES_EVENT_1_0.TIMESTAMP1,9,2)||' '||SUBSTR(FES_EVENT_1_0.TIMESTAMP1,12,2)||':'||SUBSTR(FES_EVENT_1_0.TIMESTAMP1,15,2)||':'||SUBSTR(FES_EVENT_1_0.TIMESTAMP1,18,2)||'.'||SUBSTR(FES_EVENT_1_0.TIMESTAMP1,21,3) AS TIMESTAMP) AS VARCHAR(23)) END","0","1","1","0","0","0","0","0","0","4","2023-03-11 23:42:43.218","hathaipat"
"INT_L_FES_EDW_EVENT_T1","FES_DATE","to_date(SUBSTR(CAST(FES_EVENT_1_0.TIMESTAMP1 AS VARCHAR(26)),1,10),  'yyyy-MM-dd')","0","1","1","0","0","0","0","0","0","5","2023-03-11 23:42:43.218","hathaipat"
"INT_L_FES_EDW_EVENT_T1","MOBILE_NO","FES_EVENT_1_0.MOBILE_NO","0","1","1","0","0","0","0","0","0","6","2023-03-11 23:42:43.218","hathaipat"
"INT_L_FES_EDW_EVENT_T1","CHANNEL","FES_EVENT_1_0.CHANNEL","0","1","1","0","0","0","0","0","0","7","2023-03-11 23:42:43.218","hathaipat"
"INT_L_FES_EDW_EVENT_T1","IP","FES_EVENT_1_0.IP","0","1","1","0","0","0","0","0","0","8","2023-03-11 23:42:43.218","hathaipat"
"INT_L_FES_EDW_EVENT_T1","OS","FES_EVENT_1_0.OS","0","1","1","0","0","0","0","0","0","9","2023-03-11 23:42:43.218","hathaipat"
"INT_L_FES_EDW_EVENT_T1","UPDATED_BY","FES_EVENT_1_0.UPDATED_BY","0","1","1","0","0","0","0","0","0","10","2023-03-11 23:42:43.218","hathaipat"
"INT_L_FES_EDW_EVENT_T1","INFORMATION_1","FES_EVENT_1_0.INFORMATION_1","0","1","1","0","0","0","0","0","0","11","2023-03-11 23:42:43.218","hathaipat"
"INT_L_FES_EDW_EVENT_T1","INFORMATION_2","FES_EVENT_1_0.INFORMATION_2","0","1","1","0","0","0","0","0","0","12","2023-03-11 23:42:43.218","hathaipat"
"INT_L_FES_EDW_EVENT_T1","INFORMATION_3","FES_EVENT_1_0.INFORMATION_3","0","1","1","0","0","0","0","0","0","13","2023-03-11 23:42:43.218","hathaipat"
"INT_L_FES_EDW_EVENT_T1","INFORMATION_4","FES_EVENT_1_0.INFORMATION_4","0","1","1","0","0","0","0","0","0","14","2023-03-11 23:42:43.218","hathaipat"
"INT_L_FES_EDW_EVENT_T1","INFORMATION_5","FES_EVENT_1_0.INFORMATION_5","0","1","1","0","0","0","0","0","0","15","2023-03-11 23:42:43.218","hathaipat"
"INT_L_FES_EDW_EVENT_T1","CUST_LANGUAGE","FES_EVENT_1_0.CUST_LANGUAGE","0","1","1","0","0","0","0","0","0","16","2023-03-11 23:42:43.218","hathaipat"
"INT_L_FES_EDW_EVENT_T1","CORRELATION_ID","COALESCE(FES_EVENT_1_0.CORRELATION_ID,'')","1","1","1","0","0","0","0","0","0","17","2023-03-11 23:42:43.218","hathaipat"
"INT_L_FES_EDW_EVENT_T1","REQUEST_ID","COALESCE(FES_EVENT_1_0.REQUEST_ID,'')","1","1","1","0","0","0","0","0","0","18","2023-03-11 23:42:43.218","hathaipat"
"INT_L_FES_EDW_EVENT_T1","SERVICE_NUMBER_TYPE","FES_EVENT_1_0.SERVICE_NUMBER_TYPE","0","1","1","0","0","0","0","0","0","19","2023-03-11 23:42:43.218","hathaipat"
"INT_L_FES_EDW_EVENT_T1","SERVICE_NUMBER","FES_EVENT_1_0.SERVICE_NUMBER","0","1","1","0","0","0","0","0","0","20","2023-03-11 23:42:43.218","hathaipat"
"INT_L_FES_EDW_EVENT_T1","STATUS","FES_EVENT_1_0.STATUS","0","1","1","0","0","0","0","0","0","21","2023-03-11 23:42:43.218","hathaipat"
"INT_L_FES_EDW_EVENT_T1","ACCOUNT_FROM","FES_EVENT_1_0.ACCOUNT_FROM","0","1","1","0","0","0","0","0","0","22","2023-03-11 23:42:43.218","hathaipat"
"INT_L_FES_EDW_EVENT_T1","ACCOUNT_TO","FES_EVENT_1_0.ACCOUNT_TO","0","1","1","0","0","0","0","0","0","23","2023-03-11 23:42:43.218","hathaipat"
"INT_L_FES_EDW_EVENT_T1","BANK_CODE","FES_EVENT_1_0.BANK_CODE","0","1","1","0","0","0","0","0","0","24","2023-03-11 23:42:43.218","hathaipat"
"INT_L_FES_EDW_EVENT_T1","AMOUNT","FES_EVENT_1_0.AMOUNT","0","1","1","0","0","0","0","0","0","25","2023-03-11 23:42:43.218","hathaipat"
"INT_L_FES_EDW_EVENT_T1","FEE","FES_EVENT_1_0.FEE","0","1","1","0","0","0","0","0","0","26","2023-03-11 23:42:43.218","hathaipat"
"INT_L_FES_EDW_EVENT_T1","FEE2","FES_EVENT_1_0.FEE2","0","1","1","0","0","0","0","0","0","27","2023-03-11 23:42:43.218","hathaipat"
"INT_L_FES_EDW_EVENT_T1","FEE3","FES_EVENT_1_0.FEE3","0","1","1","0","0","0","0","0","0","28","2023-03-11 23:42:43.218","hathaipat"
"INT_L_FES_EDW_EVENT_T1","OC_NUMBER_FROM","FES_EVENT_1_0.OC_NUMBER_FROM","0","1","1","0","0","0","0","0","0","29","2023-03-11 23:42:43.218","hathaipat"
"INT_L_FES_EDW_EVENT_T1","OC_NUMBER_TO","FES_EVENT_1_0.OC_NUMBER_TO","0","1","1","0","0","0","0","0","0","30","2023-03-11 23:42:43.218","hathaipat"
"INT_L_FES_EDW_EVENT_T1","RESPONSE_CODE","FES_EVENT_1_0.RESPONSE_CODE","0","1","1","0","0","0","0","0","0","31","2023-03-11 23:42:43.218","hathaipat"
"INT_L_FES_EDW_EVENT_T1","RESPONSE_DESC","FES_EVENT_1_0.RESPONSE_DESC","0","1","1","0","0","0","0","0","0","32","2023-03-11 23:42:43.218","hathaipat"
"INT_L_FES_EDW_EVENT_T1","LATITUDE_LONGITUDE","FES_EVENT_1_0.LATITUDE_LONGITUDE","0","1","1","0","0","0","0","0","0","33","2023-03-11 23:42:43.218","hathaipat"
"INT_L_FES_EDW_EVENT_T1","START_DT","","0","1","1","0","0","0","0","0","0","34","2023-03-11 23:42:43.218","hathaipat"
"INT_L_FES_EDW_EVENT_T1","END_DT","","0","1","1","0","0","0","0","0","0","35","2023-03-11 23:42:43.218","hathaipat"
"INT_L_FES_EDW_EVENT_T1","RECORD_DELETED_FLAG","","0","1","1","0","0","0","0","0","0","36","2023-03-11 23:42:43.218","hathaipat"
"INT_L_FES_EDW_EVENT_T1","CTL_ID","","0","1","1","0","0","0","1","0","0","37","2023-03-11 23:42:43.218","hathaipat"
"INT_L_FES_EDW_EVENT_T1","INS_PROC_NAME","","0","1","1","0","0","0","0","0","0","38","2023-03-11 23:42:43.218","hathaipat"
"INT_L_FES_EDW_EVENT_T1","INS_TXF_BATCHID","","0","1","1","0","0","0","0","0","0","39","2023-03-11 23:42:43.218","hathaipat"
"INT_L_FES_EDW_EVENT_T1","UPD_PROC_NAME","","0","1","1","0","0","0","0","0","0","40","2023-03-11 23:42:43.218","hathaipat"
"INT_L_FES_EDW_EVENT_T1","UPD_TXF_BATCHID","","0","1","1","0","0","0","0","0","0","41","2023-03-11 23:42:43.218","hathaipat"
"INT_L_FES_EDW_EVENT_T1","BK_LOCATOR_092_001","COALESCE(TRIM(FES_EVENT_1_0.MOBILE_NO ),'')||'_092'","0","1","1","0","0","0","0","0","0","42","2023-03-11 23:42:43.218","hathaipat"
"INT_L_FES_EDW_EVENT_T1","BK_LOCATOR_092_002","CASE WHEN FES_EVENT_1_0.EVENT_CODE = '502' THEN COALESCE(TRIM(FES_EVENT_1_0.INFORMATION_2),'') ELSE '' END ||'_092'","0","1","1","0","0","0","0","0","0","43","2023-03-11 23:42:43.218","hathaipat"
"INT_L_FES_EDW_EVENT_T1","BM_M43400_001","CASE WHEN FES_EVENT_1_0.EVENT_CODE IN ('403','420') THEN COALESCE(TRIM(FES_EVENT_1_0.INFORMATION_2),'') ELSE '' END","0","1","1","0","0","0","0","0","0","44","2023-03-11 23:42:43.218","hathaipat"
"INT_L_FES_EDW_EVENT_T1","RULE_TYPE","FES_EVENT_1_0.RULE_TYPE","0","1","1","0","0","0","0","0","0","45","2023-03-11 23:42:43.218","hathaipat"
"INT_L_FES_EDW_EVENT_T1","RULE_NAME","FES_EVENT_1_0.RULE_NAME","0","1","1","0","0","0","0","0","0","46","2023-03-11 23:42:43.218","hathaipat"
"INT_L_FES_EDW_EVENT_T1","RULE_REMARKS","FES_EVENT_1_0.RULE_REMARKS","0","1","1","0","0","0","0","0","0","47","2023-03-11 23:42:43.218","hathaipat"
"INT_L_FES_EDW_EVENT_T1","SCHEDULE_MAIN_ID","FES_EVENT_1_0.SCHEDULE_MAIN_ID","0","1","1","0","0","0","0","0","0","48","2023-03-11 23:42:43.218","hathaipat"
"INT_L_FES_EDW_EVENT_T1","SCHEDULE_DETAIL_ID","FES_EVENT_1_0.SCHEDULE_DETAIL_ID","0","1","1","0","0","0","0","0","0","49","2023-03-11 23:42:43.218","hathaipat"
"INT_L_FES_EDW_EVENT_T1","BILL_PAYMENT_TYPE","FES_EVENT_1_0.BILL_PAYMENT_TYPE","0","1","1","0","0","0","0","0","0","50","2023-03-11 23:42:43.218","hathaipat"
"INT_L_FES_EDW_EVENT_T1","RTP_REF","FES_EVENT_1_0.RTP_REF","0","1","1","0","0","0","0","0","0","51","2023-03-11 23:42:43.218","hathaipat"
"INT_L_FES_EDW_EVENT_T1","SERVICE_NUMBER_FROM","FES_EVENT_1_0.SERVICE_NUMBER_FROM","0","1","1","0","0","0","0","0","0","52","2023-03-11 23:42:43.218","hathaipat"
"INT_L_FES_EDW_EVENT_T1","ACCOUNT_TYPE","FES_EVENT_1_0.ACCOUNT_TYPE","0","1","1","0","0","0","0","0","0","53","2023-03-11 23:42:43.218","hathaipat"
"INT_L_FES_EDW_EVENT_T1","ACCOUNT_FROM_NAME","FES_EVENT_1_0.ACCOUNT_FROM_NAME","0","1","1","0","0","0","0","0","0","54","2023-03-11 23:42:43.218","hathaipat"
"INT_L_FES_EDW_EVENT_T1","ACCOUNT_TO_NAME","FES_EVENT_1_0.ACCOUNT_TO_NAME","0","1","1","0","0","0","0","0","0","55","2023-03-11 23:42:43.218","hathaipat"
"INT_L_FES_EDW_EVENT_T1","ADD_UPDATE_FLAG","FES_EVENT_1_0.ADD_UPDATE_FLAG","0","1","1","0","0","0","0","0","0","56","2023-03-11 23:42:43.218","hathaipat"
"INT_L_FES_EDW_EVENT_T1","ANNOTATION","FES_EVENT_1_0.ANNOTATION","0","1","1","0","0","0","0","0","0","57","2023-03-11 23:42:43.218","hathaipat"
"INT_L_FES_EDW_EVENT_T1","APP_VERSION","FES_EVENT_1_0.APP_VERSION","0","1","1","0","0","0","0","0","0","58","2023-03-11 23:42:43.218","hathaipat"
"INT_L_FES_EDW_EVENT_T1","BRANCH_ACCOUNT_FROM","FES_EVENT_1_0.BRANCH_ACCOUNT_FROM","0","1","1","0","0","0","0","0","0","59","2023-03-11 23:42:43.218","hathaipat"
"INT_L_FES_EDW_EVENT_T1","BRANCH_ACCOUNT_TO","FES_EVENT_1_0.BRANCH_ACCOUNT_TO","0","1","1","0","0","0","0","0","0","60","2023-03-11 23:42:43.218","hathaipat"
"INT_L_FES_EDW_EVENT_T1","CARD_ID","FES_EVENT_1_0.CARD_ID","0","1","1","0","0","0","0","0","0","61","2023-03-11 23:42:43.218","hathaipat"
"INT_L_FES_EDW_EVENT_T1","CARD_TYPE","FES_EVENT_1_0.CARD_TYPE","0","1","1","0","0","0","0","0","0","62","2023-03-11 23:42:43.218","hathaipat"
"INT_L_FES_EDW_EVENT_T1","CLIENT_NO","FES_EVENT_1_0.CLIENT_NO","0","1","1","0","0","0","0","0","0","63","2023-03-11 23:42:43.218","hathaipat"
"INT_L_FES_EDW_EVENT_T1","COUNTRY_CODE","FES_EVENT_1_0.COUNTRY_CODE","0","1","1","0","0","0","0","0","0","64","2023-03-11 23:42:43.218","hathaipat"
"INT_L_FES_EDW_EVENT_T1","CREDIT_CARD_REF","FES_EVENT_1_0.CREDIT_CARD_REF","0","1","1","0","0","0","0","0","0","65","2023-03-11 23:42:43.218","hathaipat"
"INT_L_FES_EDW_EVENT_T1","CREDIT_CARD_TYPE","FES_EVENT_1_0.CREDIT_CARD_TYPE","0","1","1","0","0","0","0","0","0","66","2023-03-11 23:42:43.218","hathaipat"
"INT_L_FES_EDW_EVENT_T1","DEVICE_ID","FES_EVENT_1_0.DEVICE_ID","0","1","1","0","0","0","0","0","0","67","2023-03-11 23:42:43.218","hathaipat"
"INT_L_FES_EDW_EVENT_T1","EXPIRY_DATE","CASE WHEN COALESCE(FES_EVENT_1_0.EXPIRY_DATE,'') = '' THEN '1000-01-03 00:00:00.000' ELSE (CAST(CAST(SUBSTR(FES_EVENT_1_0.EXPIRY_DATE,1,4)||'-'||SUBSTR(FES_EVENT_1_0.EXPIRY_DATE,6,2)||'-'||SUBSTR(FES_EVENT_1_0.EXPIRY_DATE,9,2)||' '||SUBSTR(FES_EVENT_1_0.EXPIRY_DATE,12,2)||':'||SUBSTR(FES_EVENT_1_0.EXPIRY_DATE,15,2)||':'||SUBSTR(FES_EVENT_1_0.EXPIRY_DATE,18,2)||'.'||SUBSTR(FES_EVENT_1_0.EXPIRY_DATE,21,3) AS TIMESTAMP) AS VARCHAR(26))) END","0","1","1","0","0","0","0","0","0","68","2023-03-11 23:42:43.218","hathaipat"
"INT_L_FES_EDW_EVENT_T1","FAILED_DESC","FES_EVENT_1_0.FAILED_DESC","0","1","1","0","0","0","0","0","0","69","2023-03-11 23:42:43.218","hathaipat"
"INT_L_FES_EDW_EVENT_T1","MERCHANT_NAME","FES_EVENT_1_0.MERCHANT_NAME","0","1","1","0","0","0","0","0","0","70","2023-03-11 23:42:43.218","hathaipat"
"INT_L_FES_EDW_EVENT_T1","MODEL_NO","FES_EVENT_1_0.MODEL_NO","0","1","1","0","0","0","0","0","0","71","2023-03-11 23:42:43.218","hathaipat"
"INT_L_FES_EDW_EVENT_T1","NICKNAME","FES_EVENT_1_0.NICKNAME","0","1","1","0","0","0","0","0","0","72","2023-03-11 23:42:43.218","hathaipat"
"INT_L_FES_EDW_EVENT_T1","PAYEE_ID","FES_EVENT_1_0.PAYEE_ID","0","1","1","0","0","0","0","0","0","73","2023-03-11 23:42:43.218","hathaipat"
"INT_L_FES_EDW_EVENT_T1","PAYMENT_REF1","FES_EVENT_1_0.PAYMENT_REF1","0","1","1","0","0","0","0","0","0","74","2023-03-11 23:42:43.218","hathaipat"
"INT_L_FES_EDW_EVENT_T1","PAYMENT_REF2","FES_EVENT_1_0.PAYMENT_REF2","0","1","1","0","0","0","0","0","0","75","2023-03-11 23:42:43.218","hathaipat"
"INT_L_FES_EDW_EVENT_T1","PAYMENT_REF3","FES_EVENT_1_0.PAYMENT_REF3","0","1","1","0","0","0","0","0","0","76","2023-03-11 23:42:43.218","hathaipat"
"INT_L_FES_EDW_EVENT_T1","REAL_TIME_CODE","FES_EVENT_1_0.REAL_TIME_CODE","0","1","1","0","0","0","0","0","0","77","2023-03-11 23:42:43.218","hathaipat"
"INT_L_FES_EDW_EVENT_T1","REGISTRATION_DATE","FES_EVENT_1_0.REGISTRATION_DATE","0","1","1","0","0","0","0","0","0","78","2023-03-11 23:42:43.218","hathaipat"
"INT_L_FES_EDW_EVENT_T1","SEQUENCE","FES_EVENT_1_0.SEQUENCE","0","1","1","0","0","0","0","0","0","79","2023-03-11 23:42:43.218","hathaipat"
"INT_L_FES_EDW_EVENT_T1","TC_VERSION","FES_EVENT_1_0.TC_VERSION","0","1","1","0","0","0","0","0","0","80","2023-03-11 23:42:43.218","hathaipat"
"INT_L_FES_EDW_EVENT_T1","TERMINAL_NO","FES_EVENT_1_0.TERMINAL_NO","0","1","1","0","0","0","0","0","0","81","2023-03-11 23:42:43.218","hathaipat"
"INT_L_FES_EDW_EVENT_T1","TRANSACTION_DATE_TIME","CASE WHEN COALESCE(FES_EVENT_1_0.TRANSACTION_DATE_TIME,'') = '' THEN '1000-01-03 00:00:00.000' ELSE (CAST(CAST(SUBSTR(FES_EVENT_1_0.TRANSACTION_DATE_TIME,1,4)||'-'||SUBSTR(FES_EVENT_1_0.TRANSACTION_DATE_TIME,6,2)||'-'||SUBSTR(FES_EVENT_1_0.TRANSACTION_DATE_TIME,9,2)||' '||SUBSTR(FES_EVENT_1_0.TRANSACTION_DATE_TIME,12,2)||':'||SUBSTR(FES_EVENT_1_0.TRANSACTION_DATE_TIME,15,2)||':'||SUBSTR(FES_EVENT_1_0.TRANSACTION_DATE_TIME,18,2)||'.'||SUBSTR(FES_EVENT_1_0.TRANSACTION_DATE_TIME,21,3) AS TIMESTAMP) AS VARCHAR(26))) END","0","1","1","0","0","0","0","0","0","82","2023-03-11 23:42:43.218","hathaipat"
"INT_L_FES_EDW_EVENT_T1","TRANSFER_TYPE","FES_EVENT_1_0.TRANSFER_TYPE","0","1","1","0","0","0","0","0","0","83","2023-03-11 23:42:43.218","hathaipat"
"INT_L_FES_EDW_EVENT_T1","REGISTERED_BRANCH","FES_EVENT_1_0.REGISTERED_BRANCH","0","1","1","0","0","0","0","0","0","84","2023-03-11 23:42:43.218","hathaipat"
"INT_L_FES_EDW_EVENT_T1","ORIGINAL_RQ_UID","FES_EVENT_1_0.ORIGINAL_RQ_UID","0","1","1","0","0","0","0","0","0","85","2023-03-11 23:42:43.218","hathaipat"
"INT_L_FES_EDW_EVENT_T1","PUSH_STATUS","FES_EVENT_1_0.PUSH_STATUS","0","1","1","0","0","0","0","0","0","86","2023-03-11 23:42:43.218","hathaipat"
"INT_L_FES_EDW_EVENT_T1","PROFILE_STATUS_CODE","FES_EVENT_1_0.PROFILE_STATUS_CODE","0","1","1","0","0","0","0","0","0","87","2023-03-11 23:42:43.218","hathaipat"
"INT_L_FES_EDW_EVENT_T1","IR_FLAG","FES_EVENT_1_0.IR_FLAG","0","1","1","0","0","0","0","0","0","88","2023-03-11 23:42:43.218","hathaipat"
"INT_L_FES_EDW_EVENT_T1","RM_STATUS","FES_EVENT_1_0.RM_STATUS","0","1","1","0","0","0","0","0","0","89","2023-03-11 23:42:43.218","hathaipat"
"INT_L_FES_EDW_EVENT_T1","INSTR_REF","FES_EVENT_1_0.INSTR_REF","0","1","1","0","0","0","0","0","0","90","2023-03-11 23:42:43.218","hathaipat"
"INT_L_FES_EDW_EVENT_T1","OTA_EXPIRE_TIME","CASE WHEN COALESCE(FES_EVENT_1_0.OTA_EXPIRE_TIME,'') = '' THEN '1000-01-03 00:00:00.000' ELSE (CAST(CAST(SUBSTR(FES_EVENT_1_0.OTA_EXPIRE_TIME,1,4)||'-'||SUBSTR(FES_EVENT_1_0.OTA_EXPIRE_TIME,6,2)||'-'||SUBSTR(FES_EVENT_1_0.OTA_EXPIRE_TIME,9,2)||' '||SUBSTR(FES_EVENT_1_0.OTA_EXPIRE_TIME,12,2)||':'||SUBSTR(FES_EVENT_1_0.OTA_EXPIRE_TIME,15,2)||':'||SUBSTR(FES_EVENT_1_0.OTA_EXPIRE_TIME,18,2)||'.'||SUBSTR(FES_EVENT_1_0.OTA_EXPIRE_TIME,21,3) AS TIMESTAMP) AS VARCHAR(26))) END","0","1","1","0","0","0","0","0","0","91","2023-03-11 23:42:43.218","hathaipat"
"INT_L_FES_EDW_EVENT_T1","OTA_MOBILE_NO","FES_EVENT_1_0.OTA_MOBILE_NO","0","1","1","0","0","0","0","0","0","92","2023-03-11 23:42:43.218","hathaipat"
"INT_L_FES_EDW_EVENT_T1","REASON","FES_EVENT_1_0.REASON","0","1","1","0","0","0","0","0","0","93","2023-03-11 23:42:43.218","hathaipat"
"INT_L_FES_EDW_EVENT_T1","RISK_SCORE","FES_EVENT_1_0.RISK_SCORE","0","1","1","0","0","0","0","0","0","94","2023-03-11 23:42:43.218","hathaipat"
"INT_L_FES_EDW_EVENT_T1","FUND_CODE","FES_EVENT_1_0.FUND_CODE","0","1","1","0","0","0","0","0","0","95","2023-03-11 23:42:43.218","hathaipat"
"INT_L_FES_EDW_EVENT_T1","TRAN_NO","FES_EVENT_1_0.TRAN_NO","0","1","1","0","0","0","0","0","0","96","2023-03-11 23:42:43.218","hathaipat"
"INT_L_FES_EDW_EVENT_T1","TRANSACTION_TYPE","FES_EVENT_1_0.TRANSACTION_TYPE","0","1","1","0","0","0","0","0","0","97","2023-03-11 23:42:43.218","hathaipat"
"INT_L_FES_EDW_EVENT_T1","CARD_REF","FES_EVENT_1_0.CARD_REF","0","1","1","0","0","0","0","0","0","98","2023-03-11 23:42:43.218","hathaipat"
"INT_L_FES_EDW_EVENT_T1","PAY_TYPE","FES_EVENT_1_0.PAY_TYPE","0","1","1","0","0","0","0","0","0","99","2023-03-11 23:42:43.218","hathaipat"
"INT_L_FES_EDW_EVENT_T1","REDEEM_TYPE","FES_EVENT_1_0.REDEEM_TYPE","0","1","1","0","0","0","0","0","0","100","2023-03-11 23:42:43.218","hathaipat"
"INT_L_FES_EDW_EVENT_T1","ACTIVATE_DATE","CASE
  WHEN COALESCE(FES_EVENT_1_0.ACTIVATE_DATE, '') = '' THEN '1000-01-03 00:00:00.000'
  ELSE (
    CAST(
      CAST(
        SUBSTR(FES_EVENT_1_0.ACTIVATE_DATE, 1, 4) || '-' || SUBSTR(FES_EVENT_1_0.ACTIVATE_DATE, 6, 2) || '-' || SUBSTR(FES_EVENT_1_0.ACTIVATE_DATE, 9, 2) || ' ' || SUBSTR(FES_EVENT_1_0.ACTIVATE_DATE, 12, 2) || ':' || SUBSTR(FES_EVENT_1_0.ACTIVATE_DATE, 15, 2) || ':' || SUBSTR(FES_EVENT_1_0.ACTIVATE_DATE, 18, 2) || '.' || SUBSTR(FES_EVENT_1_0.ACTIVATE_DATE, 21, 3) AS TIMESTAMP
      ) AS VARCHAR(26)
    )
  )
END","0","1","1","0","0","0","0","0","0","101","2023-03-11 23:42:43.218","hathaipat"
"INT_L_FES_EDW_EVENT_T1","ATM_CARD_REF","FES_EVENT_1_0.ATM_CARD_REF","0","1","1","0","0","0","0","0","0","102","2023-03-11 23:42:43.218","hathaipat"
"INT_L_FES_EDW_EVENT_T1","TERMINAL_ID","FES_EVENT_1_0.TERMINAL_ID","0","1","1","0","0","0","0","0","0","103","2023-03-11 23:42:43.218","hathaipat"
"INT_L_FES_EDW_EVENT_T1","REGISTERED_STAFF_ID","FES_EVENT_1_0.REGISTERED_STAFF_ID","0","1","1","0","0","0","0","0","0","104","2023-03-11 23:42:43.218","hathaipat"
"INT_L_FES_EDW_EVENT_T1","SW_OUT_FUND_CODE","FES_EVENT_1_0.SW_OUT_FUND_CODE","0","1","1","0","0","0","0","0","0","105","2023-03-11 23:42:43.218","hathaipat"
"INT_L_FES_EDW_EVENT_T1","SWITCH_TYPE","FES_EVENT_1_0.SWITCH_TYPE","0","1","1","0","0","0","0","0","0","106","2023-03-11 23:42:43.218","hathaipat"
"INT_L_FES_EDW_EVENT_T1","UNITS","FES_EVENT_1_0.UNITS","0","1","1","0","0","0","0","0","0","107","2023-03-11 23:42:43.218","hathaipat"
"INT_L_FES_EDW_EVENT_T1","SW_IN_FUND_CODE","FES_EVENT_1_0.SW_IN_FUND_CODE","0","1","1","0","0","0","0","0","0","108","2023-03-11 23:42:43.218","hathaipat"
"INT_L_FES_EDW_EVENT_T1","FRONT_END_FEE","FES_EVENT_1_0.FRONT_END_FEE","0","1","1","0","0","0","0","0","0","109","2023-03-11 23:42:43.218","hathaipat"
"INT_L_FES_EDW_EVENT_T1","BACK_END_FEE","FES_EVENT_1_0.BACK_END_FEE","0","1","1","0","0","0","0","0","0","110","2023-03-11 23:42:43.218","hathaipat"
"INT_L_FES_EDW_EVENT_T1","SCHEDULE_TYPE","FES_EVENT_1_0.SCHEDULE_TYPE","0","1","1","0","0","0","0","0","0","111","2023-03-11 23:42:43.218","hathaipat"
"INT_L_FES_EDW_EVENT_T1","SCHEDULE_DAYOFMONTH","FES_EVENT_1_0.SCHEDULE_DAYOFMONTH","0","1","1","0","0","0","0","0","0","112","2023-03-11 23:42:43.218","hathaipat"
"INT_L_FES_EDW_EVENT_T1","SCHEDULE_STARTDATE","CASE WHEN COALESCE(FES_EVENT_1_0.SCHEDULE_STARTDATE,'') = '' THEN '1000-01-03 00:00:00.000' ELSE (CAST(CAST(SUBSTR(FES_EVENT_1_0.SCHEDULE_STARTDATE,1,4)||'-'||SUBSTR(FES_EVENT_1_0.SCHEDULE_STARTDATE,6,2)||'-'||SUBSTR(FES_EVENT_1_0.SCHEDULE_STARTDATE,9,2)||' '||SUBSTR(FES_EVENT_1_0.SCHEDULE_STARTDATE,12,2)||':'||SUBSTR(FES_EVENT_1_0.SCHEDULE_STARTDATE,15,2)||':'||SUBSTR(FES_EVENT_1_0.SCHEDULE_STARTDATE,18,2)||'.'||SUBSTR(FES_EVENT_1_0.SCHEDULE_STARTDATE,21,3) AS TIMESTAMP) AS VARCHAR(26))) END","0","1","1","0","0","0","0","0","0","113","2023-03-11 23:42:43.218","hathaipat"
"INT_L_FES_EDW_EVENT_T1","SCHEDULE_ENDDATE","CASE WHEN COALESCE(FES_EVENT_1_0.SCHEDULE_ENDDATE,'') = '' THEN '1000-01-03 00:00:00.000' ELSE (CAST(CAST(SUBSTR(FES_EVENT_1_0.SCHEDULE_ENDDATE,1,4)||'-'||SUBSTR(FES_EVENT_1_0.SCHEDULE_ENDDATE,6,2)||'-'||SUBSTR(FES_EVENT_1_0.SCHEDULE_ENDDATE,9,2)||' '||SUBSTR(FES_EVENT_1_0.SCHEDULE_ENDDATE,12,2)||':'||SUBSTR(FES_EVENT_1_0.SCHEDULE_ENDDATE,15,2)||':'||SUBSTR(FES_EVENT_1_0.SCHEDULE_ENDDATE,18,2)||'.'||SUBSTR(FES_EVENT_1_0.SCHEDULE_ENDDATE,21,3) AS TIMESTAMP) AS VARCHAR(26))) END","0","1","1","0","0","0","0","0","0","114","2023-03-11 23:42:43.218","hathaipat"
"INT_L_FES_EDW_EVENT_T1","EFFECTIVE_DATETIME","CASE WHEN COALESCE(FES_EVENT_1_0.EFFECTIVE_DATETIME,'') = '' THEN '1000-01-03 00:00:00.000' ELSE (CAST(CAST(SUBSTR(FES_EVENT_1_0.EFFECTIVE_DATETIME,1,4)||'-'||SUBSTR(FES_EVENT_1_0.EFFECTIVE_DATETIME,6,2)||'-'||SUBSTR(FES_EVENT_1_0.EFFECTIVE_DATETIME,9,2)||' '||SUBSTR(FES_EVENT_1_0.EFFECTIVE_DATETIME,12,2)||':'||SUBSTR(FES_EVENT_1_0.EFFECTIVE_DATETIME,15,2)||':'||SUBSTR(FES_EVENT_1_0.EFFECTIVE_DATETIME,18,2)||'.'||SUBSTR(FES_EVENT_1_0.EFFECTIVE_DATETIME,21,3) AS TIMESTAMP) AS VARCHAR(26))) END","0","1","1","0","0","0","0","0","0","115","2023-03-11 23:42:43.218","hathaipat"
"INT_L_FES_EDW_EVENT_T1","FUNCTION1","FES_EVENT_1_0.FUNCTION1","0","1","1","0","0","0","0","0","0","116","2023-03-11 23:42:43.218","hathaipat"
"INT_L_FES_EDW_EVENT_T1","SUBFUNCTION","FES_EVENT_1_0.SUBFUNCTION","0","1","1","0","0","0","0","0","0","117","2023-03-11 23:42:43.218","hathaipat"
"INT_L_FES_EDW_EVENT_T1","ACCURACY","FES_EVENT_1_0.ACCURACY","0","1","1","0","0","0","0","0","0","118","2023-03-11 23:42:43.218","hathaipat"
"INT_L_FES_EDW_EVENT_T1","SUBSCRIPTION_REF1","FES_EVENT_1_0.SUBSCRIPTION_REF1","0","1","1","0","0","0","0","0","0","119","2023-03-11 23:42:43.218","hathaipat"
"INT_L_FES_EDW_EVENT_T1","SUBSCRIPTION_REF2","FES_EVENT_1_0.SUBSCRIPTION_REF2","0","1","1","0","0","0","0","0","0","120","2023-03-11 23:42:43.218","hathaipat"
"INT_L_FES_EDW_EVENT_T1","SUBSCRIPTION_REF3","FES_EVENT_1_0.SUBSCRIPTION_REF3","0","1","1","0","0","0","0","0","0","121","2023-03-11 23:42:43.218","hathaipat"
"INT_L_FES_EDW_EVENT_T1","LIMIT_PER_DAY","FES_EVENT_1_0.LIMIT_PER_DAY","0","1","1","0","0","0","0","0","0","122","2023-03-11 23:42:43.218","hathaipat"
"INT_L_FES_EDW_EVENT_T1","REMAINING_LIMIT","FES_EVENT_1_0.REMAINING_LIMIT","0","1","1","0","0","0","0","0","0","123","2023-03-11 23:42:43.218","hathaipat"
"INT_L_FES_EDW_EVENT_T1","BOOKING_ID","FES_EVENT_1_0.BOOKING_ID","0","1","1","0","0","0","0","0","0","124","2023-03-11 23:42:43.218","hathaipat"
"INT_L_FES_EDW_EVENT_T1","BARCODE_NO","FES_EVENT_1_0.BARCODE_NO","0","1","1","0","0","0","0","0","0","125","2023-03-11 23:42:43.218","hathaipat"
"INT_L_FES_EDW_EVENT_T1","SENDER_TAX_ID","FES_EVENT_1_0.SENDER_TAX_ID","0","1","1","0","0","0","0","0","0","126","2023-03-11 23:42:43.218","hathaipat"
"INT_L_FES_EDW_EVENT_T1","RECEIVER_TAX_ID","FES_EVENT_1_0.RECEIVER_TAX_ID","0","1","1","0","0","0","0","0","0","127","2023-03-11 23:42:43.218","hathaipat"
"INT_L_FES_EDW_EVENT_T1","QR_CODE","FES_EVENT_1_0.QR_CODE","0","1","1","0","0","0","0","0","0","128","2023-03-11 23:42:43.218","hathaipat"
"INT_L_FES_EDW_EVENT_T1","SCAN_TOKEN","FES_EVENT_1_0.SCAN_TOKEN","0","1","1","0","0","0","0","0","0","129","2023-03-11 23:42:43.218","hathaipat"
"INT_L_FES_EDW_EVENT_T1","BARCODE_STRING","FES_EVENT_1_0.BARCODE_STRING","0","1","1","0","0","0","0","0","0","130","2023-03-11 23:42:43.218","hathaipat"
"INT_L_FES_EDW_EVENT_T1","REF_ID","FES_EVENT_1_0.REF_ID","0","1","1","0","0","0","0","0","0","131","2023-03-11 23:42:43.218","hathaipat"
"INT_L_FES_EDW_EVENT_T1","GROUP_ID","FES_EVENT_1_0.GROUP_ID","0","1","1","0","0","0","0","0","0","132","2023-03-11 23:42:43.218","hathaipat"
"INT_L_FES_EDW_EVENT_T1","GROUP_NAME","FES_EVENT_1_0.GROUP_NAME","0","1","1","0","0","0","0","0","0","133","2023-03-11 23:42:43.218","hathaipat"
"INT_L_FES_EDW_EVENT_T1","RECIPIENT","FES_EVENT_1_0.RECIPIENT","0","1","1","0","0","0","0","0","0","134","2023-03-11 23:42:43.218","hathaipat"
"INT_L_FES_EDW_EVENT_T1","ACCOUNT_FROM_NAME_TH","FES_EVENT_1_0.ACCOUNT_FROM_NAME_TH","0","1","1","0","0","0","0","0","0","135","2023-03-11 23:42:43.218","hathaipat"
"INT_L_FES_EDW_EVENT_T1","ACCOUNT_TO_NAME_TH","FES_EVENT_1_0.ACCOUNT_TO_NAME_TH","0","1","1","0","0","0","0","0","0","136","2023-03-11 23:42:43.218","hathaipat"
"INT_L_FES_EDW_EVENT_T1","GIFT_TYPE","FES_EVENT_1_0.GIFT_TYPE","0","1","1","0","0","0","0","0","0","137","2023-03-11 23:42:43.218","hathaipat"
"INT_L_FES_EDW_EVENT_T1","GIFT_NAME","FES_EVENT_1_0.GIFT_NAME","0","1","1","0","0","0","0","0","0","138","2023-03-11 23:42:43.218","hathaipat"
"INT_L_FES_EDW_EVENT_T1","PRESENT_DETAIL","FES_EVENT_1_0.PRESENT_DETAIL","0","1","1","0","0","0","0","0","0","139","2023-03-11 23:42:43.218","hathaipat"
"INT_L_FES_EDW_EVENT_T1","CARD_NO","FES_EVENT_1_0.CARD_NO","0","1","1","0","0","0","0","0","0","140","2023-03-11 23:42:43.218","hathaipat"
"INT_L_FES_EDW_EVENT_T1","CARD_NAME","FES_EVENT_1_0.CARD_NAME","0","1","1","0","0","0","0","0","0","141","2023-03-11 23:42:43.218","hathaipat"
"INT_L_FES_EDW_EVENT_T1","ITEM_CODE","FES_EVENT_1_0.ITEM_CODE","0","1","1","0","0","0","0","0","0","142","2023-03-11 23:42:43.218","hathaipat"
"INT_L_FES_EDW_EVENT_T1","ITEM_NAME","FES_EVENT_1_0.ITEM_NAME","0","1","1","0","0","0","0","0","0","143","2023-03-11 23:42:43.218","hathaipat"
"INT_L_FES_EDW_EVENT_T1","ITEM_QUANTITY","FES_EVENT_1_0.ITEM_QUANTITY","0","1","1","0","0","0","0","0","0","144","2023-03-11 23:42:43.218","hathaipat"
"INT_L_FES_EDW_EVENT_T1","PAYMENT_MODE","FES_EVENT_1_0.PAYMENT_MODE","0","1","1","0","0","0","0","0","0","145","2023-03-11 23:42:43.218","hathaipat"
"INT_L_FES_EDW_EVENT_T1","TOTAL_POINTS","FES_EVENT_1_0.TOTAL_POINTS","0","1","1","0","0","0","0","0","0","146","2023-03-11 23:42:43.218","hathaipat"
"INT_L_FES_EDW_EVENT_T1","TOTAL_MONEY","FES_EVENT_1_0.TOTAL_MONEY","0","1","1","0","0","0","0","0","0","147","2023-03-11 23:42:43.218","hathaipat"
"INT_L_FES_EDW_EVENT_T1","RAW_REQUEST_MESSAGE","FES_EVENT_1_0.RAW_REQUEST_MESSAGE","0","1","1","0","0","0","0","0","0","148","2023-03-11 23:42:43.218","hathaipat"
"INT_L_FES_EDW_EVENT_T1","ORDER_ID","FES_EVENT_1_0.ORDER_ID","0","1","1","0","0","0","0","0","0","149","2023-03-11 23:42:43.218","hathaipat"
"INT_L_FES_EDW_EVENT_T1","SUB_EVENT_CODE","FES_EVENT_1_0.SUB_EVENT_CODE","0","1","1","0","0","0","0","0","0","150","2023-03-11 23:42:43.218","hathaipat"
"INT_L_FES_EDW_EVENT_T1","TRANSACTION_SENT_TIME","CASE WHEN COALESCE(FES_EVENT_1_0.TRANSACTION_SENT_TIME,'') = '' THEN '1000-01-03 00:00:00.000' ELSE (CAST(CAST(SUBSTR(FES_EVENT_1_0.TRANSACTION_SENT_TIME,1,4)||'-'||SUBSTR(FES_EVENT_1_0.TRANSACTION_SENT_TIME,6,2)||'-'||SUBSTR(FES_EVENT_1_0.TRANSACTION_SENT_TIME,9,2)||' '||SUBSTR(FES_EVENT_1_0.TRANSACTION_SENT_TIME,12,2)||':'||SUBSTR(FES_EVENT_1_0.TRANSACTION_SENT_TIME,15,2)||':'||SUBSTR(FES_EVENT_1_0.TRANSACTION_SENT_TIME,18,2)||'.'||SUBSTR(FES_EVENT_1_0.TRANSACTION_SENT_TIME,21,3) AS TIMESTAMP) AS VARCHAR(26))) END","0","1","1","0","0","0","0","0","0","151","2023-03-11 23:42:43.218","hathaipat"
"INT_L_FES_EDW_EVENT_T1","BK_FEATURE_043_001","CAST('3'||'_'||'2'||'_'||'GIFTFUNCTION'||'_'||COALESCE(TRIM(FES_EVENT_1_0.GIFT_TYPE),'')||'_'||COALESCE(TRIM(FES_EVENT_1_0.GIFT_NAME),'')||'_043' AS VARCHAR(100))","0","1","1","0","0","0","0","0","0","152","2023-03-11 23:42:43.218","hathaipat"
"INT_L_FES_EDW_EVENT_T1","BM_M44502_001","CAST(COALESCE(TRIM(FES_EVENT_1_0.FUNCTION1),'')||'_'||COALESCE(TRIM(FES_EVENT_1_0.SUBFUNCTION),'') AS VARCHAR(100))","0","1","1","0","0","0","0","0","0","153","2023-03-11 23:42:43.218","hathaipat"
"INT_L_FES_EDW_EVENT_T1","KEY_IN_REF1","FES_EVENT_1_0.KEY_IN_REF1","0","1","1","0","0","0","0","0","0","154","2023-03-11 23:42:43.218","hathaipat"
"INT_L_FES_EDW_EVENT_T1","KEY_IN_REF2","FES_EVENT_1_0.KEY_IN_REF2","0","1","1","0","0","0","0","0","0","155","2023-03-11 23:42:43.218","hathaipat"
"INT_L_FES_EDW_EVENT_T1","KEY_IN_REF3","FES_EVENT_1_0.KEY_IN_REF3","0","1","1","0","0","0","0","0","0","156","2023-03-11 23:42:43.218","hathaipat"
"INT_L_FES_EDW_EVENT_T1","BP_REF","FES_EVENT_1_0.BP_REF","0","1","1","0","0","0","0","0","0","157","2023-03-11 23:42:43.218","hathaipat"
"INT_L_FES_EDW_EVENT_T1","PRINCIPAL_AMOUNT","FES_EVENT_1_0.PRINCIPAL_AMOUNT","0","1","1","0","0","0","0","0","0","158","2023-03-11 23:42:43.218","hathaipat"
"INT_L_FES_EDW_EVENT_T1","INTEREST_AMOUNT","FES_EVENT_1_0.INTEREST_AMOUNT","0","1","1","0","0","0","0","0","0","159","2023-03-11 23:42:43.218","hathaipat"
"INT_L_FES_EDW_EVENT_T1","INSURANCE_PREMIUM_AMOUNT","FES_EVENT_1_0.INSURANCE_PREMIUM_AMOUNT","0","1","1","0","0","0","0","0","0","160","2023-03-11 23:42:43.218","hathaipat"
"INT_L_FES_EDW_EVENT_T1","OTHER_FEE","FES_EVENT_1_0.OTHER_FEE","0","1","1","0","0","0","0","0","0","161","2023-03-11 23:42:43.218","hathaipat"
"INT_L_FES_EDW_EVENT_T1","LOAN_TYPE","FES_EVENT_1_0.LOAN_TYPE","0","1","1","0","0","0","0","0","0","162","2023-03-11 23:42:43.218","hathaipat"
"INT_L_FES_EDW_EVENT_T1","DEEPLINK_ID","FES_EVENT_1_0.DEEPLINK_ID","0","1","1","0","0","0","0","0","0","163","2023-03-11 23:42:43.218","hathaipat"
"INT_L_FES_EDW_EVENT_T1","ORIGINAL_FEE","FES_EVENT_1_0.ORIGINAL_FEE","0","1","1","0","0","0","0","0","0","164","2023-03-11 23:42:43.218","hathaipat"
"INT_L_FES_EDW_EVENT_T1","ORIGINAL_FEE2","FES_EVENT_1_0.ORIGINAL_FEE2","0","1","1","0","0","0","0","0","0","165","2023-03-11 23:42:43.218","hathaipat"
"INT_L_FES_EDW_EVENT_T1","ORIGINAL_FEE3","FES_EVENT_1_0.ORIGINAL_FEE3","0","1","1","0","0","0","0","0","0","166","2023-03-11 23:42:43.218","hathaipat"
"INT_L_FES_EDW_EVENT_T1","BALANCE","FES_EVENT_1_0.BALANCE","0","1","1","0","0","0","0","0","0","167","2023-03-11 23:42:43.218","hathaipat"
"INT_L_FES_EDW_EVENT_T1","SENDER_BANK","FES_EVENT_1_0.SENDER_BANK","0","1","1","0","0","0","0","0","0","168","2023-03-11 23:42:43.218","hathaipat"
"INT_L_FES_EDW_EVENT_T1","FORCE_POST_FLAG","FES_EVENT_1_0.FORCE_POST_FLAG","0","1","1","0","0","0","0","0","0","169","2023-03-11 23:42:43.218","hathaipat"
"INT_L_FES_EDW_EVENT_T1","CARD_ID_OLD","FES_EVENT_1_0.CARD_ID_OLD","0","1","1","0","0","0","0","0","0","170","2023-03-11 23:42:43.218","hathaipat"
"INT_L_FES_EDW_EVENT_T1","NAME_EN_OLD","FES_EVENT_1_0.NAME_EN_OLD","0","1","1","0","0","0","0","0","0","171","2023-03-11 23:42:43.218","hathaipat"
"INT_L_FES_EDW_EVENT_T1","NAME_TH_OLD","FES_EVENT_1_0.NAME_TH_OLD","0","1","1","0","0","0","0","0","0","172","2023-03-11 23:42:43.218","hathaipat"
"INT_L_FES_EDW_EVENT_T1","CARD_TYPE_OLD","FES_EVENT_1_0.CARD_TYPE_OLD","0","1","1","0","0","0","0","0","0","173","2023-03-11 23:42:43.218","hathaipat"
"INT_L_FES_EDW_EVENT_T1","COUNTRY_CODE_OLD","FES_EVENT_1_0.COUNTRY_CODE_OLD","0","1","1","0","0","0","0","0","0","174","2023-03-11 23:42:43.218","hathaipat"
"INT_L_FES_EDW_EVENT_T1","CONSENT_ACCEPTION","FES_EVENT_1_0.CONSENT_ACCEPTION","0","1","1","0","0","0","0","0","0","175","2023-03-11 23:42:43.218","hathaipat"
"INT_L_FES_EDW_EVENT_T1","NAME_EN","FES_EVENT_1_0.NAME_EN","0","1","1","0","0","0","0","0","0","176","2023-03-11 23:42:43.218","hathaipat"
"INT_L_FES_EDW_EVENT_T1","NAME_TH","FES_EVENT_1_0.NAME_TH","0","1","1","0","0","0","0","0","0","177","2023-03-11 23:42:43.218","hathaipat"
"INT_L_FES_EDW_EVENT_T1","CARD_ACTIVATION_DATE_TIME","FES_EVENT_1_0.CARD_ACTIVATION_DATE_TIME","0","1","1","0","0","0","0","0","0","178","2023-03-11 23:42:43.218","hathaipat"
"INT_L_FES_EDW_EVENT_T1","OCCUPATION_CODE","FES_EVENT_1_0.OCCUPATION_CODE","0","1","1","0","0","0","0","0","0","179","2023-03-11 23:42:43.218","hathaipat"
"INT_L_FES_EDW_EVENT_T1","EMAIL","FES_EVENT_1_0.EMAIL","0","1","1","0","0","0","0","0","0","180","2023-03-11 23:42:43.218","hathaipat"
"INT_L_FES_EDW_EVENT_T1","EMAIL_OLD","FES_EVENT_1_0.EMAIL_OLD","0","1","1","0","0","0","0","0","0","181","2023-03-11 23:42:43.218","hathaipat"
"INT_L_FES_EDW_EVENT_T1","CHANGE_STATUS","FES_EVENT_1_0.CHANGE_STATUS","0","1","1","0","0","0","0","0","0","182","2023-03-11 23:42:43.218","hathaipat"
"INT_L_FES_EDW_EVENT_T1","OVERRIDE_WHOM","FES_EVENT_1_0.OVERRIDE_WHOM","0","1","1","0","0","0","0","0","0","183","2023-03-11 23:42:43.218","hathaipat"
"INT_L_FES_EDW_EVENT_T1","OVERRIDE_BY","FES_EVENT_1_0.OVERRIDE_BY","0","1","1","0","0","0","0","0","0","184","2023-03-11 23:42:43.218","hathaipat"
"INT_L_FES_EDW_EVENT_T1","START_DATE","CASE WHEN COALESCE(FES_EVENT_1_0.START_DATE,'') = '' THEN '1000-01-03 00:00:00.000' ELSE (CAST(CAST(SUBSTR(FES_EVENT_1_0.START_DATE,1,4)||'-'||SUBSTR(FES_EVENT_1_0.START_DATE,6,2)||'-'||SUBSTR(FES_EVENT_1_0.START_DATE,9,2)||' '||SUBSTR(FES_EVENT_1_0.START_DATE,12,2)||':'||SUBSTR(FES_EVENT_1_0.START_DATE,15,2)||':'||SUBSTR(FES_EVENT_1_0.START_DATE,18,2)||'.'||SUBSTR(FES_EVENT_1_0.START_DATE,21,3) AS TIMESTAMP) AS VARCHAR(26))) END","0","1","1","0","0","0","0","0","0","185","2023-03-11 23:42:43.218","hathaipat"
"INT_L_FES_EDW_EVENT_T1","END_DATE","CASE WHEN COALESCE(FES_EVENT_1_0.END_DATE,'') = '' THEN '1000-01-03 00:00:00.000' ELSE (CAST(CAST(SUBSTR(FES_EVENT_1_0.END_DATE,1,4)||'-'||SUBSTR(FES_EVENT_1_0.END_DATE,6,2)||'-'||SUBSTR(FES_EVENT_1_0.END_DATE,9,2)||' '||SUBSTR(FES_EVENT_1_0.END_DATE,12,2)||':'||SUBSTR(FES_EVENT_1_0.END_DATE,15,2)||':'||SUBSTR(FES_EVENT_1_0.END_DATE,18,2)||'.'||SUBSTR(FES_EVENT_1_0.END_DATE,21,3) AS TIMESTAMP) AS VARCHAR(26))) END","0","1","1","0","0","0","0","0","0","186","2023-03-11 23:42:43.218","hathaipat"
"INT_L_FES_EDW_EVENT_T1","CARD_NETWORK","FES_EVENT_1_0.CARD_NETWORK","0","1","1","0","0","0","0","0","0","187","2023-03-11 23:42:43.218","hathaipat"
"INT_L_FES_EDW_EVENT_T1","INQUIRY_FLAG","FES_EVENT_1_0.INQUIRY_FLAG","0","1","1","0","0","0","0","0","0","188","2023-03-11 23:42:43.218","hathaipat"
"INT_L_FES_EDW_EVENT_T1","MERCHANT_TERMINAL_ID","FES_EVENT_1_0.MERCHANT_TERMINAL_ID","0","1","1","0","0","0","0","0","0","189","2023-03-11 23:42:43.218","hathaipat"
"INT_L_FES_EDW_EVENT_T1","APPROVE_CODE","FES_EVENT_1_0.APPROVE_CODE","0","1","1","0","0","0","0","0","0","190","2023-03-11 23:42:43.218","hathaipat"
"INT_L_FES_EDW_EVENT_T1","SYS_TRACE_NO","FES_EVENT_1_0.SYS_TRACE_NO","0","1","1","0","0","0","0","0","0","191","2023-03-11 23:42:43.218","hathaipat"
"INT_L_FES_EDW_EVENT_T1","RETRIEVAL_NO","FES_EVENT_1_0.RETRIEVAL_NO","0","1","1","0","0","0","0","0","0","192","2023-03-11 23:42:43.218","hathaipat"
"INT_L_FES_EDW_EVENT_T1","CARD_ACCEPTOR_NAME","FES_EVENT_1_0.CARD_ACCEPTOR_NAME","0","1","1","0","0","0","0","0","0","193","2023-03-11 23:42:43.218","hathaipat"
"INT_L_FES_EDW_EVENT_T1","TABLE_1","FES_EVENT_1_0.TABLE_1","0","1","1","0","0","0","0","0","0","194","2023-03-11 23:42:43.218","hathaipat"
"INT_L_FES_EDW_EVENT_T1","DUE_DATE","CASE WHEN COALESCE(FES_EVENT_1_0.DUE_DATE,'') = '' THEN '1000-01-03 00:00:00.000' ELSE (CAST(CAST(SUBSTR(FES_EVENT_1_0.DUE_DATE,1,4)||'-'||SUBSTR(FES_EVENT_1_0.DUE_DATE,6,2)||'-'||SUBSTR(FES_EVENT_1_0.DUE_DATE,9,2)||' '||SUBSTR(FES_EVENT_1_0.DUE_DATE,12,2)||':'||SUBSTR(FES_EVENT_1_0.DUE_DATE,15,2)||':'||SUBSTR(FES_EVENT_1_0.DUE_DATE,18,2)||'.'||SUBSTR(FES_EVENT_1_0.DUE_DATE,21,3) AS TIMESTAMP) AS VARCHAR(26))) END","0","1","1","0","0","0","0","0","0","195","2023-03-11 23:42:43.218","hathaipat"
"INT_L_FES_EDW_EVENT_T1","CARD_STATUS","FES_EVENT_1_0.CARD_STATUS","0","1","1","0","0","0","0","0","0","196","2023-03-11 23:42:43.218","hathaipat"
"INT_L_FES_EDW_EVENT_T1","CARD_LIMIT","FES_EVENT_1_0.CARD_LIMIT","0","1","1","0","0","0","0","0","0","197","2023-03-11 23:42:43.218","hathaipat"
"INT_L_FES_EDW_EVENT_T1","INSTALLMENT_AMOUNT","FES_EVENT_1_0.INSTALLMENT_AMOUNT","0","1","1","0","0","0","0","0","0","198","2023-03-11 23:42:43.218","hathaipat"
"INT_L_FES_EDW_EVENT_T1","FOLLOWUP_FEE_AMOUNT","FES_EVENT_1_0.FOLLOWUP_FEE_AMOUNT","0","1","1","0","0","0","0","0","0","199","2023-03-11 23:42:43.218","hathaipat"
"INT_L_FES_EDW_EVENT_T1","PENALTY_FEE_AMOUNT","FES_EVENT_1_0.PENALTY_FEE_AMOUNT","0","1","1","0","0","0","0","0","0","200","2023-03-11 23:42:43.218","hathaipat"
"INT_L_FES_EDW_EVENT_T1","VAT_AMOUNT","FES_EVENT_1_0.VAT_AMOUNT","0","1","1","0","0","0","0","0","0","201","2023-03-11 23:42:43.218","hathaipat"
"INT_L_FES_EDW_EVENT_T1","MEMBERSHIP_ID","FES_EVENT_1_0.MEMBERSHIP_ID","0","1","1","0","0","0","0","0","0","202","2023-03-11 23:42:43.218","hathaipat"
"INT_L_FES_EDW_EVENT_T1","LASTNAME","FES_EVENT_1_0.LASTNAME","0","1","1","0","0","0","0","0","0","203","2023-03-11 23:42:43.218","hathaipat"
"INT_L_FES_EDW_EVENT_T1","FATCA_STATUS","FES_EVENT_1_0.FATCA_STATUS","0","1","1","0","0","0","0","0","0","204","2023-03-11 23:42:43.218","hathaipat"
"INT_L_FES_EDW_EVENT_T1","OPEN_ACCOUNT_STATUS","FES_EVENT_1_0.OPEN_ACCOUNT_STATUS","0","1","1","0","0","0","0","0","0","205","2023-03-11 23:42:43.218","hathaipat"
"INT_L_FES_EDW_EVENT_T1","CREATE_RELATIONSHIP_STATUS","FES_EVENT_1_0.CREATE_RELATIONSHIP_STATUS","0","1","1","0","0","0","0","0","0","206","2023-03-11 23:42:43.218","hathaipat"
"INT_L_FES_EDW_EVENT_T1","HOME_ADDRESS","FES_EVENT_1_0.HOME_ADDRESS","0","1","1","0","0","0","0","0","0","207","2023-03-11 23:42:43.218","hathaipat"
"INT_L_FES_EDW_EVENT_T1","OFFICE_ADDRESS","FES_EVENT_1_0.OFFICE_ADDRESS","0","1","1","0","0","0","0","0","0","208","2023-03-11 23:42:43.218","hathaipat"
"INT_L_FES_EDW_EVENT_T1","CURRENT_ADDRESS","FES_EVENT_1_0.CURRENT_ADDRESS","0","1","1","0","0","0","0","0","0","209","2023-03-11 23:42:43.218","hathaipat"
"INT_L_FES_EDW_EVENT_T1","APPLICATION_TYPE","FES_EVENT_1_0.APPLICATION_TYPE","0","1","1","0","0","0","0","0","0","210","2023-03-11 23:42:43.218","hathaipat"
"INT_L_FES_EDW_EVENT_T1","JOB","FES_EVENT_1_0.JOB","0","1","1","0","0","0","0","0","0","211","2023-03-11 23:42:43.218","hathaipat"
"INT_L_FES_EDW_EVENT_T1","SOURCE_OF_INCOME","FES_EVENT_1_0.SOURCE_OF_INCOME","0","1","1","0","0","0","0","0","0","212","2023-03-11 23:42:43.218","hathaipat"
"INT_L_FES_EDW_EVENT_T1","KYC_REASON","FES_EVENT_1_0.KYC_REASON","0","1","1","0","0","0","0","0","0","213","2023-03-11 23:42:43.218","hathaipat"
"INT_L_FES_EDW_EVENT_T1","DETICA_STATUS","FES_EVENT_1_0.DETICA_STATUS","0","1","1","0","0","0","0","0","0","214","2023-03-11 23:42:43.218","hathaipat"
"INT_L_FES_EDW_EVENT_T1","DOPA_STATUS","FES_EVENT_1_0.DOPA_STATUS","0","1","1","0","0","0","0","0","0","215","2023-03-11 23:42:43.218","hathaipat"
"INT_L_FES_EDW_EVENT_T1","PROVINCE","FES_EVENT_1_0.PROVINCE","0","1","1","0","0","0","0","0","0","216","2023-03-11 23:42:43.218","hathaipat"
"INT_L_FES_EDW_EVENT_T1","FULL_NAME","FES_EVENT_1_0.FULL_NAME","0","1","1","0","0","0","0","0","0","217","2023-03-11 23:42:43.218","hathaipat"
"INT_L_FES_EDW_EVENT_T1","SOURCE_SYSTEM","FES_EVENT_1_0.SOURCE_SYSTEM","0","1","1","0","0","0","0","0","0","218","2023-03-11 23:42:43.218","hathaipat"
"INT_L_FES_EDW_EVENT_T1","USER_REF","FES_EVENT_1_0.USER_REF","0","1","1","0","0","0","0","0","0","219","2023-03-11 23:42:43.218","hathaipat"
"INT_L_FES_EDW_EVENT_T1","PRODUCT_NAME","FES_EVENT_1_0.PRODUCT_NAME","0","1","1","0","0","0","0","0","0","220","2023-03-11 23:42:43.218","hathaipat"
"INT_L_FES_EDW_EVENT_T1","FUNCTION_NAME","FES_EVENT_1_0.FUNCTION_NAME","0","1","1","0","0","0","0","0","0","221","2023-03-11 23:42:43.218","hathaipat"
"INT_L_FES_EDW_EVENT_T1","SCHEDULE_DAY","FES_EVENT_1_0.SCHEDULE_DAY","0","1","1","0","0","0","0","0","0","222","2023-03-11 23:42:43.218","hathaipat"
"INT_L_FES_EDW_EVENT_T1","SCHEDULE_MONTH","FES_EVENT_1_0.SCHEDULE_MONTH","0","1","1","0","0","0","0","0","0","223","2023-03-11 23:42:43.218","hathaipat"
"INT_L_FES_EDW_EVENT_T1","INVESTOR_TYPE","FES_EVENT_1_0.INVESTOR_TYPE","0","1","1","0","0","0","0","0","0","224","2023-03-11 23:42:43.218","hathaipat"
"INT_L_FES_EDW_EVENT_T1","MARITAL","FES_EVENT_1_0.MARITAL","0","1","1","0","0","0","0","0","0","225","2023-03-11 23:42:43.218","hathaipat"
"INT_L_FES_EDW_EVENT_T1","KYC_LEVEL","FES_EVENT_1_0.KYC_LEVEL","0","1","1","0","0","0","0","0","0","226","2023-03-11 23:42:43.218","hathaipat"
"INT_L_FES_EDW_EVENT_T1","APP_ID","FES_EVENT_1_0.APP_ID","0","1","1","0","0","0","0","0","0","227","2023-03-11 23:42:43.218","hathaipat"
"INT_L_FES_EDW_EVENT_T1","CC_MASKED_NO","FES_EVENT_1_0.CC_MASKED_NO","0","1","1","0","0","0","0","0","0","228","2023-03-11 23:42:43.218","hathaipat"
"INT_L_FES_EDW_EVENT_T1","CURRENT_LIMIT","FES_EVENT_1_0.CURRENT_LIMIT","0","1","1","0","0","0","0","0","0","229","2023-03-11 23:42:43.218","hathaipat"
"INT_L_FES_EDW_EVENT_T1","ADDITIONAL_LIMIT","FES_EVENT_1_0.ADDITIONAL_LIMIT","0","1","1","0","0","0","0","0","0","230","2023-03-11 23:42:43.218","hathaipat"
"INT_L_FES_EDW_EVENT_T1","TOTAL_LIMIT","FES_EVENT_1_0.TOTAL_LIMIT","0","1","1","0","0","0","0","0","0","231","2023-03-11 23:42:43.218","hathaipat"
"INT_L_FES_EDW_EVENT_T1","OFFER_TIER","FES_EVENT_1_0.OFFER_TIER","0","1","1","0","0","0","0","0","0","232","2023-03-11 23:42:43.218","hathaipat"
"INT_L_FES_EDW_EVENT_T1","CHEQUE_NO","FES_EVENT_1_0.CHEQUE_NO","0","1","1","0","0","0","0","0","0","233","2023-03-11 23:42:43.218","hathaipat"
"INT_L_FES_EDW_EVENT_T1","RECEIVER_BANK_NAME","FES_EVENT_1_0.RECEIVER_BANK_NAME","0","1","1","0","0","0","0","0","0","234","2023-03-11 23:42:43.218","hathaipat"
"INT_L_FES_EDW_EVENT_T1","TITLE_TH","FES_EVENT_1_0.TITLE_TH","0","1","1","0","0","0","0","0","0","235","2023-03-11 23:42:43.218","hathaipat"
"INT_L_FES_EDW_EVENT_T1","TITLE_EN","FES_EVENT_1_0.TITLE_EN","0","1","1","0","0","0","0","0","0","236","2023-03-11 23:42:43.218","hathaipat"
"INT_L_FES_EDW_EVENT_T1","TRACKING_NO","FES_EVENT_1_0.TRACKING_NO","0","1","1","0","0","0","0","0","0","237","2023-03-11 23:42:43.218","hathaipat"
"INT_L_FES_EDW_EVENT_T1","CHEQUE_NO_END","FES_EVENT_1_0.CHEQUE_NO_END","0","1","1","0","0","0","0","0","0","238","2023-03-11 23:42:43.218","hathaipat"
"INT_L_FES_EDW_EVENT_T1","PO_ORDER_NUMBER","FES_EVENT_1_0.PO_ORDER_NUMBER","0","1","1","0","0","0","0","0","0","239","2023-03-11 23:42:43.218","hathaipat"
"INT_L_FES_EDW_EVENT_T1","INVESTMENT_DATE","CASE WHEN COALESCE(FES_EVENT_1_0.INVESTMENT_DATE,'') = '' THEN '1000-01-03 00:00:00.000' ELSE (CAST(CAST(SUBSTR(FES_EVENT_1_0.INVESTMENT_DATE,1,4)||'-'||SUBSTR(FES_EVENT_1_0.INVESTMENT_DATE,6,2)||'-'||SUBSTR(FES_EVENT_1_0.INVESTMENT_DATE,9,2)||' '||SUBSTR(FES_EVENT_1_0.INVESTMENT_DATE,12,2)||':'||SUBSTR(FES_EVENT_1_0.INVESTMENT_DATE,15,2)||':'||SUBSTR(FES_EVENT_1_0.INVESTMENT_DATE,18,2)||'.'||SUBSTR(FES_EVENT_1_0.INVESTMENT_DATE,21,3) AS TIMESTAMP) AS VARCHAR(26))) END","0","1","1","0","0","0","0","0","0","240","2023-03-11 23:42:43.218","hathaipat"
"INT_L_FES_EDW_EVENT_T1","BOND_TRAN_NO","FES_EVENT_1_0.BOND_TRAN_NO","0","1","1","0","0","0","0","0","0","241","2023-03-11 23:42:43.218","hathaipat"
"INT_L_FES_EDW_EVENT_T1","BOND_ACCOUNT_NO","FES_EVENT_1_0.BOND_ACCOUNT_NO","0","1","1","0","0","0","0","0","0","242","2023-03-11 23:42:43.218","hathaipat"
"INT_L_FES_EDW_EVENT_T1","ISSUE_DATE","FES_EVENT_1_0.ISSUE_DATE","0","1","1","0","0","0","0","0","0","243","2023-03-11 23:42:43.218","hathaipat"
"INT_L_FES_EDW_EVENT_T1","PARTNER_NAME","FES_EVENT_1_0.PARTNER_NAME","0","1","1","0","0","0","0","0","0","244","2023-03-11 23:42:43.218","hathaipat"
"INT_L_FES_EDW_EVENT_T1","PARTNER_ID","FES_EVENT_1_0.PARTNER_ID","0","1","1","0","0","0","0","0","0","245","2023-03-11 23:42:43.218","hathaipat"
"INT_L_FES_EDW_EVENT_T1","ACCOUNT_MAIN","FES_EVENT_1_0.ACCOUNT_MAIN","0","1","1","0","0","0","0","0","0","246","2023-03-11 23:42:43.218","hathaipat"
"INT_L_FES_EDW_EVENT_T1","FEE_TYPE","FES_EVENT_1_0.FEE_TYPE","0","1","1","0","0","0","0","0","0","247","2023-03-11 23:42:43.218","hathaipat"
"INT_L_FES_EDW_EVENT_T1","PRODUCT_SUB_ATTRIBUTE","FES_EVENT_1_0.PRODUCT_SUB_ATTRIBUTE","0","1","1","0","0","0","0","0","0","248","2023-03-11 23:42:43.218","hathaipat"
"INT_L_FES_EDW_EVENT_T1","LOGIN_STATUS","FES_EVENT_1_0.LOGIN_STATUS","0","1","1","0","0","0","0","0","0","249","2023-03-11 23:42:43.218","hathaipat"
"INT_L_FES_EDW_EVENT_T1","RESP_AMOUNT","FES_EVENT_1_0.RESP_AMOUNT","0","1","1","0","0","0","0","0","0","250","2023-03-11 23:42:43.218","hathaipat"
"INT_L_FES_EDW_EVENT_T1","RESP_SYS_TRACE_NO","FES_EVENT_1_0.RESP_SYS_TRACE_NO","0","1","1","0","0","0","0","0","0","251","2023-03-11 23:42:43.218","hathaipat"
"INT_L_FES_EDW_EVENT_T1","RESP_MERCHANT_ID","FES_EVENT_1_0.RESP_MERCHANT_ID","0","1","1","0","0","0","0","0","0","252","2023-03-11 23:42:43.218","hathaipat"
"INT_L_FES_EDW_EVENT_T1","EXTERNAL_LINK","FES_EVENT_1_0.EXTERNAL_LINK","0","1","1","0","0","0","0","0","0","253","2023-03-11 23:42:43.218","hathaipat"
"INT_L_FES_EDW_EVENT_T1","DURATION","FES_EVENT_1_0.DURATION","0","1","1","0","0","0","0","0","0","254","2023-03-11 23:42:43.218","hathaipat"
"INT_L_FES_EDW_EVENT_T1","MONTHLY_PAYMENT","FES_EVENT_1_0.MONTHLY_PAYMENT","0","1","1","0","0","0","0","0","0","255","2023-03-11 23:42:43.218","hathaipat"
"INT_L_FES_EDW_EVENT_T1","MONTHLY_INTEREST","FES_EVENT_1_0.MONTHLY_INTEREST","0","1","1","0","0","0","0","0","0","256","2023-03-11 23:42:43.218","hathaipat"
"INT_L_FES_EDW_EVENT_T1","MONTHLY_PRINCIPLE","FES_EVENT_1_0.MONTHLY_PRINCIPLE","0","1","1","0","0","0","0","0","0","257","2023-03-11 23:42:43.218","hathaipat"
"INT_L_FES_EDW_EVENT_T1","PURCHASE_AMT","FES_EVENT_1_0.PURCHASE_AMT","0","1","1","0","0","0","0","0","0","258","2023-03-11 23:42:43.218","hathaipat"
"INT_L_FES_EDW_EVENT_T1","SLIP_ID","FES_EVENT_1_0.SLIP_ID","0","1","1","0","0","0","0","0","0","259","2023-03-11 23:42:43.218","hathaipat"
"INT_L_FES_EDW_EVENT_T1","DEAL_DETAIL","FES_EVENT_1_0.DEAL_DETAIL","0","1","1","0","0","0","0","0","0","260","2023-03-11 23:42:43.218","hathaipat"
"INT_L_FES_EDW_EVENT_T1","DEAL_CATEGORY","FES_EVENT_1_0.DEAL_CATEGORY","0","1","1","0","0","0","0","0","0","261","2023-03-11 23:42:43.218","hathaipat"
"INT_L_FES_EDW_EVENT_T1","DEAL_TYPE","FES_EVENT_1_0.DEAL_TYPE","0","1","1","0","0","0","0","0","0","262","2023-03-11 23:42:43.218","hathaipat"
"INT_L_FES_EDW_EVENT_T1","CAMPAIGN_DESC_EN","FES_EVENT_1_0.CAMPAIGN_DESC_EN","0","1","1","0","0","0","0","0","0","263","2023-03-11 23:42:43.218","hathaipat"
"INT_L_FES_EDW_EVENT_T1","CAMPAIGN_DESC_TH","FES_EVENT_1_0.CAMPAIGN_DESC_TH","0","1","1","0","0","0","0","0","0","264","2023-03-11 23:42:43.218","hathaipat"
"INT_L_FES_EDW_EVENT_T1","REWARD_DESC_EN","FES_EVENT_1_0.REWARD_DESC_EN","0","1","1","0","0","0","0","0","0","265","2023-03-11 23:42:43.218","hathaipat"
"INT_L_FES_EDW_EVENT_T1","REWARD_DESC_TH","FES_EVENT_1_0.REWARD_DESC_TH","0","1","1","0","0","0","0","0","0","266","2023-03-11 23:42:43.218","hathaipat"
"INT_L_FES_EDW_EVENT_T1","USER_HASH","FES_EVENT_1_0.USER_HASH","0","1","1","0","0","0","0","0","0","267","2023-03-11 23:42:43.218","hathaipat"
"INT_L_FES_EDW_EVENT_T1","DEAL_NAME","FES_EVENT_1_0.DEAL_NAME","0","1","1","0","0","0","0","0","0","268","2023-03-11 23:42:43.218","hathaipat"
"INT_L_FES_EDW_EVENT_T1","HOST_TRACE_NO","FES_EVENT_1_0.HOST_TRACE_NO","0","1","1","0","0","0","0","0","0","269","2023-03-11 23:42:43.218","hathaipat"
"INT_L_FES_EDW_EVENT_T1","BATCH_NO","FES_EVENT_1_0.BATCH_NO","0","1","1","0","0","0","0","0","0","270","2023-03-11 23:42:43.218","hathaipat"
"INT_L_FES_EDW_EVENT_T1","HOST_REF_NO","FES_EVENT_1_0.HOST_REF_NO","0","1","1","0","0","0","0","0","0","271","2023-03-11 23:42:43.218","hathaipat"
"INT_L_FES_EDW_EVENT_T1","TRANSFER_AMOUNT","FES_EVENT_1_0.TRANSFER_AMOUNT","0","1","1","0","0","0","0","0","0","272","2023-03-11 23:42:43.218","hathaipat"
"INT_L_FES_EDW_EVENT_T1","PAYMENT_METHOD","FES_EVENT_1_0.PAYMENT_METHOD","0","1","1","0","0","0","0","0","0","273","2023-03-11 23:42:43.218","hathaipat"
"INT_L_FES_EDW_EVENT_T1","TOTAL_PAYMENT","FES_EVENT_1_0.TOTAL_PAYMENT","0","1","1","0","0","0","0","0","0","274","2023-03-11 23:42:43.218","hathaipat"
"INT_L_FES_EDW_EVENT_T1","TOTAL_PRINCIPLE","FES_EVENT_1_0.TOTAL_PRINCIPLE","0","1","1","0","0","0","0","0","0","275","2023-03-11 23:42:43.218","hathaipat"
"INT_L_FES_EDW_EVENT_T1","TOTAL_INTEREST","FES_EVENT_1_0.TOTAL_INTEREST","0","1","1","0","0","0","0","0","0","276","2023-03-11 23:42:43.218","hathaipat"
"INT_L_FES_EDW_EVENT_T1","FEE_VAT_AMOUNT","FES_EVENT_1_0.FEE_VAT_AMOUNT","0","1","1","0","0","0","0","0","0","277","2023-03-11 23:42:43.218","hathaipat"
"INT_L_FES_EDW_EVENT_T1","INTEREST_RATE","FES_EVENT_1_0.INTEREST_RATE","0","1","1","0","0","0","0","0","0","278","2023-03-11 23:42:43.218","hathaipat"
"INT_L_FES_EDW_EVENT_T1","CUSTOMER_TYPE_CODE","FES_EVENT_1_0.CUSTOMER_TYPE_CODE","0","1","1","0","0","0","0","0","0","279","2023-03-11 23:42:43.218","hathaipat"
"INT_L_FES_EDW_EVENT_T1","APPROVER_STAFF_ID","FES_EVENT_1_0.APPROVER_STAFF_ID","0","1","1","0","0","0","0","0","0","280","2023-03-11 23:42:43.218","hathaipat"
"INT_L_FES_EDW_EVENT_T1","BARCODE_TYPE","FES_EVENT_1_0.BARCODE_TYPE","0","1","1","0","0","0","0","0","0","281","2023-03-11 23:42:43.218","hathaipat"
"INT_L_FES_EDW_EVENT_T1","REQUEST_TYPE","FES_EVENT_1_0.REQUEST_TYPE","0","1","1","0","0","0","0","0","0","282","2023-03-11 23:42:43.218","hathaipat"
"INT_L_FES_EDW_EVENT_T1","CARD_SUB_TYPE","FES_EVENT_1_0.CARD_SUB_TYPE","0","1","1","0","0","0","0","0","0","283","2023-03-11 23:42:43.218","hathaipat"
"INT_L_FES_EDW_EVENT_T1","CARD_CATEGORY","FES_EVENT_1_0.CARD_CATEGORY","0","1","1","0","0","0","0","0","0","284","2023-03-11 23:42:43.218","hathaipat"
"INT_L_FES_EDW_EVENT_T1","PRODUCT_CODE","FES_EVENT_1_0.PRODUCT_CODE","0","1","1","0","0","0","0","0","0","285","2023-03-11 23:42:43.218","hathaipat"
"INT_L_FES_EDW_EVENT_T1","CARD_REF_OLD","FES_EVENT_1_0.CARD_REF_OLD","0","1","1","0","0","0","0","0","0","286","2023-03-11 23:42:43.218","hathaipat"
"INT_L_FES_EDW_EVENT_T1","CARD_SUB_TYPE_OLD","FES_EVENT_1_0.CARD_SUB_TYPE_OLD","0","1","1","0","0","0","0","0","0","287","2023-03-11 23:42:43.218","hathaipat"
"INT_L_FES_EDW_EVENT_T1","CARD_NO_OLD","FES_EVENT_1_0.CARD_NO_OLD","0","1","1","0","0","0","0","0","0","288","2023-03-11 23:42:43.218","hathaipat"
"INT_L_FES_EDW_EVENT_T1","ANNUAL_FEE","FES_EVENT_1_0.ANNUAL_FEE","0","1","1","0","0","0","0","0","0","289","2023-03-11 23:42:43.218","hathaipat"
"INT_L_FES_EDW_EVENT_T1","ISSUING_FEE","FES_EVENT_1_0.ISSUING_FEE","0","1","1","0","0","0","0","0","0","290","2023-03-11 23:42:43.218","hathaipat"
"INT_L_FES_EDW_EVENT_T1","DELIVERY_FEE","FES_EVENT_1_0.DELIVERY_FEE","0","1","1","0","0","0","0","0","0","291","2023-03-11 23:42:43.218","hathaipat"
"INT_L_FES_EDW_EVENT_T1","OLD_AMOUNT","FES_EVENT_1_0.OLD_AMOUNT","0","1","1","0","0","0","0","0","0","292","2023-03-11 23:42:43.218","hathaipat"
"INT_L_FES_EDW_EVENT_T1","BRAND","FES_EVENT_1_0.BRAND","0","1","1","0","0","0","0","0","0","293","2023-03-11 23:42:43.218","hathaipat"
"INT_L_FES_EDW_EVENT_T1","MODEL","FES_EVENT_1_0.MODEL","0","1","1","0","0","0","0","0","0","294","2023-03-11 23:42:43.218","hathaipat"
"INT_L_FES_EDW_EVENT_T1","JOB_TITLE_CHANGED","FES_EVENT_1_0.JOB_TITLE_CHANGED","0","1","1","0","0","0","0","0","0","295","2023-03-11 23:42:43.218","hathaipat"
"INT_L_FES_EDW_EVENT_T1","SOURCE_OF_INCOME_CHANGED","FES_EVENT_1_0.SOURCE_OF_INCOME_CHANGED","0","1","1","0","0","0","0","0","0","296","2023-03-11 23:42:43.218","hathaipat"
"INT_L_FES_EDW_EVENT_T1","OFFICE_CONTACT_NUMBER","FES_EVENT_1_0.OFFICE_CONTACT_NUMBER","0","1","1","0","0","0","0","0","0","297","2023-03-11 23:42:43.218","hathaipat"
"INT_L_FES_EDW_EVENT_T1","E_STATEMENT_REQUEST","FES_EVENT_1_0.E_STATEMENT_REQUEST","0","1","1","0","0","0","0","0","0","298","2023-03-11 23:42:43.218","hathaipat"
"INT_L_FES_EDW_EVENT_T1","LOAN_ISSUERS","FES_EVENT_1_0.LOAN_ISSUERS","0","1","1","0","0","0","0","0","0","299","2023-03-11 23:42:43.218","hathaipat"
"INT_L_FES_EDW_EVENT_T1","COMPANY_NAME","FES_EVENT_1_0.COMPANY_NAME","0","1","1","0","0","0","0","0","0","300","2023-03-11 23:42:43.218","hathaipat"
"INT_L_FES_EDW_EVENT_T1","COMPANY_NAME_CHANGED","FES_EVENT_1_0.COMPANY_NAME_CHANGED","0","1","1","0","0","0","0","0","0","301","2023-03-11 23:42:43.218","hathaipat"
"INT_L_FES_EDW_EVENT_T1","MONTHLY_INCOME","FES_EVENT_1_0.MONTHLY_INCOME","0","1","1","0","0","0","0","0","0","302","2023-03-11 23:42:43.218","hathaipat"
"INT_L_FES_EDW_EVENT_T1","PRODUCT_TYPE","FES_EVENT_1_0.PRODUCT_TYPE","0","1","1","0","0","0","0","0","0","303","2023-03-11 23:42:43.218","hathaipat"
"INT_L_FES_EDW_EVENT_T1","CALCULATION_RESULT","FES_EVENT_1_0.CALCULATION_RESULT","0","1","1","0","0","0","0","0","0","304","2023-03-11 23:42:43.218","hathaipat"
"INT_L_FES_EDW_EVENT_T1","CREDIT_AMOUNT","FES_EVENT_1_0.CREDIT_AMOUNT","0","1","1","0","0","0","0","0","0","305","2023-03-11 23:42:43.218","hathaipat"
"INT_L_FES_EDW_EVENT_T1","LENDING_PRODUCT_CODE","FES_EVENT_1_0.LENDING_PRODUCT_CODE","0","1","1","0","0","0","0","0","0","306","2023-03-11 23:42:43.218","hathaipat"
"INT_L_FES_EDW_EVENT_T1","LENDING_SUB_PRODUCT_CODE","FES_EVENT_1_0.LENDING_SUB_PRODUCT_CODE","0","1","1","0","0","0","0","0","0","307","2023-03-11 23:42:43.218","hathaipat"
"INT_L_FES_EDW_EVENT_T1","OPTION_CODE","FES_EVENT_1_0.OPTION_CODE","0","1","1","0","0","0","0","0","0","308","2023-03-11 23:42:43.218","hathaipat"
"INT_L_FES_EDW_EVENT_T1","NCB_CONSENT_ACCEPT_DATE_TIME","CASE
  WHEN COALESCE(FES_EVENT_1_0.NCB_CONSENT_ACCEPT_DATE_TIME, '') = '' THEN '1000-01-03 00:00:00.000'
  ELSE (
    CAST(
      CAST(
        SUBSTR(FES_EVENT_1_0.NCB_CONSENT_ACCEPT_DATE_TIME, 1, 4) || '-' || SUBSTR(FES_EVENT_1_0.NCB_CONSENT_ACCEPT_DATE_TIME, 6, 2) || '-' || SUBSTR(FES_EVENT_1_0.NCB_CONSENT_ACCEPT_DATE_TIME, 9, 2) || ' ' || SUBSTR(FES_EVENT_1_0.NCB_CONSENT_ACCEPT_DATE_TIME, 12, 2) || ':' || SUBSTR(FES_EVENT_1_0.NCB_CONSENT_ACCEPT_DATE_TIME, 15, 2) || ':' || SUBSTR(FES_EVENT_1_0.NCB_CONSENT_ACCEPT_DATE_TIME, 18, 2) || '.' || SUBSTR(FES_EVENT_1_0.NCB_CONSENT_ACCEPT_DATE_TIME, 21, 3) AS TIMESTAMP
      ) AS VARCHAR(26)
    )
  )
END","0","1","1","0","0","0","0","0","0","309","2023-03-11 23:42:43.218","hathaipat"
"INT_L_FES_EDW_EVENT_T1","OBJECT_ID","FES_EVENT_1_0.OBJECT_ID","0","1","1","0","0","0","0","0","0","310","2023-03-11 23:42:43.218","hathaipat"
"INT_L_FES_EDW_EVENT_T1","SCB_OPERATING_ACCOUNT","FES_EVENT_1_0.SCB_OPERATING_ACCOUNT","0","1","1","0","0","0","0","0","0","311","2023-03-11 23:42:43.218","hathaipat"
"INT_L_FES_EDW_EVENT_T1","PHOTO_ATTACHMENT","FES_EVENT_1_0.PHOTO_ATTACHMENT","0","1","1","0","0","0","0","0","0","312","2023-03-11 23:42:43.218","hathaipat"
"INT_L_FES_EDW_EVENT_T1","SUCCESS_AMOUNT","FES_EVENT_1_0.SUCCESS_AMOUNT","0","1","1","0","0","0","0","0","0","313","2023-03-11 23:42:43.218","hathaipat"
"INT_L_FES_EDW_EVENT_T1","REWARD_TYPE","FES_EVENT_1_0.REWARD_TYPE","0","1","1","0","0","0","0","0","0","314","2023-03-11 23:42:43.218","hathaipat"
"INT_L_FES_EDW_EVENT_T1","CATEGORY_TYPE","FES_EVENT_1_0.CATEGORY_TYPE","0","1","1","0","0","0","0","0","0","315","2023-03-11 23:42:43.218","hathaipat"
"INT_L_FES_EDW_EVENT_T1","TIER_INFO","FES_EVENT_1_0.TIER_INFO","0","1","1","0","0","0","0","0","0","316","2023-03-11 23:42:43.218","hathaipat"
"INT_L_FES_EDW_EVENT_T1","NOTIFICATION_CHANNEL","FES_EVENT_1_0.NOTIFICATION_CHANNEL","0","1","1","0","0","0","0","0","0","317","2023-03-11 23:42:43.218","hathaipat"
"INT_L_FES_EDW_EVENT_T1","NOTIFICATION_CATEGORY","FES_EVENT_1_0.NOTIFICATION_CATEGORY","0","1","1","0","0","0","0","0","0","318","2023-03-11 23:42:43.218","hathaipat"
"INT_L_FES_EDW_EVENT_T1","ENABLED_FLAG","FES_EVENT_1_0.ENABLED_FLAG","0","1","1","0","0","0","0","0","0","319","2023-03-11 23:42:43.218","hathaipat"
"INT_L_FES_EDW_EVENT_T1","CT_REF","FES_EVENT_1_0.CT_REF","0","1","1","0","0","0","0","0","0","320","2023-03-11 23:42:43.218","hathaipat"
"INT_L_FES_EDW_EVENT_T1","ADDITIONAL_DATA","FES_EVENT_1_0.ADDITIONAL_DATA","0","1","1","0","0","0","0","0","0","321","2023-03-11 23:42:43.218","hathaipat"
"INT_L_FES_EDW_EVENT_T1","LOAN_PRODUCT","FES_EVENT_1_0.LOAN_PRODUCT","0","1","1","0","0","0","0","0","0","322","2023-03-11 23:42:43.218","hathaipat"
"INT_L_FES_EDW_EVENT_T1","TRANSACTION_CODE","FES_EVENT_1_0.TRANSACTION_CODE","0","1","1","0","0","0","0","0","0","323","2023-03-11 23:42:43.218","hathaipat"
"INT_L_FES_EDW_EVENT_T1","STATEMENT_TYPE","FES_EVENT_1_0.STATEMENT_TYPE","0","1","1","0","0","0","0","0","0","324","2023-03-11 23:42:43.218","hathaipat"
"INT_L_FES_EDW_EVENT_T1","WALLET_ID","FES_EVENT_1_0.WALLET_ID","0","1","1","0","0","0","0","0","0","325","2023-03-11 23:42:43.218","hathaipat"
"INT_L_FES_EDW_EVENT_T1","SHOP_NAME","FES_EVENT_1_0.SHOP_NAME","0","1","1","0","0","0","0","0","0","326","2023-03-11 23:42:43.218","hathaipat"
"INT_L_FES_EDW_EVENT_T1","TAX_AMOUNT","FES_EVENT_1_0.TAX_AMOUNT","0","1","1","0","0","0","0","0","0","327","2023-03-11 23:42:43.218","hathaipat"
"INT_L_FES_EDW_EVENT_T1","ACCOUNT_TO_TYPE","FES_EVENT_1_0.ACCOUNT_TO_TYPE","0","1","1","0","0","0","0","0","0","328","2023-03-11 23:42:43.218","hathaipat"
"INT_L_FES_EDW_EVENT_T1","CARD_MASK","FES_EVENT_1_0.CARD_MASK","0","1","1","0","0","0","0","0","0","329","2023-03-11 23:42:43.218","hathaipat"
"INT_L_FES_EDW_EVENT_T1","CONSENT_VERSION","FES_EVENT_1_0.CONSENT_VERSION","0","1","1","0","0","0","0","0","0","330","2023-03-11 23:42:43.218","hathaipat"
"INT_L_FES_EDW_EVENT_T1","IDP_NAME","FES_EVENT_1_0.IDP_NAME","0","1","1","0","0","0","0","0","0","331","2023-03-11 23:42:43.218","hathaipat"
"INT_L_FES_EDW_EVENT_T1","AS_NAME","FES_EVENT_1_0.AS_NAME","0","1","1","0","0","0","0","0","0","332","2023-03-11 23:42:43.218","hathaipat"
"INT_L_FES_EDW_EVENT_T1","NDID_REQ_STATUS","FES_EVENT_1_0.NDID_REQ_STATUS","0","1","1","0","0","0","0","0","0","333","2023-03-11 23:42:43.218","hathaipat"
"INT_L_FES_EDW_EVENT_T1","RP_NAME","FES_EVENT_1_0.RP_NAME","0","1","1","0","0","0","0","0","0","334","2023-03-11 23:42:43.218","hathaipat"
"INT_L_FES_EDW_EVENT_T1","IDP_FAILED_DESC","FES_EVENT_1_0.IDP_FAILED_DESC","0","1","1","0","0","0","0","0","0","335","2023-03-11 23:42:43.218","hathaipat"
"INT_L_FES_EDW_EVENT_T1","PARTNER_TRAN_ID","FES_EVENT_1_0.PARTNER_TRAN_ID","0","1","1","0","0","0","0","0","0","336","2023-03-11 23:42:43.218","hathaipat"
"INT_L_FES_EDW_EVENT_T1","LENDING_SUB_PRODUCT_DESC","FES_EVENT_1_0.LENDING_SUB_PRODUCT_DESC","0","1","1","0","0","0","0","0","0","337","2023-03-11 23:42:43.218","hathaipat"
"INT_L_FES_EDW_EVENT_T1","PRODUCT_PROGRAM_CODE","FES_EVENT_1_0.PRODUCT_PROGRAM_CODE","0","1","1","0","0","0","0","0","0","338","2023-03-11 23:42:43.218","hathaipat"
"INT_L_FES_EDW_EVENT_T1","PRODUCT_PROGRAM_DESC","FES_EVENT_1_0.PRODUCT_PROGRAM_DESC","0","1","1","0","0","0","0","0","0","339","2023-03-11 23:42:43.218","hathaipat"
"INT_L_FES_EDW_EVENT_T1","CAMPAIGN_CODE","FES_EVENT_1_0.CAMPAIGN_CODE","0","1","1","0","0","0","0","0","0","340","2023-03-11 23:42:43.218","hathaipat"
"INT_L_FES_EDW_EVENT_T1","SUB_TYPE_CODE","FES_EVENT_1_0.SUB_TYPE_CODE","0","1","1","0","0","0","0","0","0","341","2023-03-11 23:42:43.218","hathaipat"
"INT_L_FES_EDW_EVENT_T1","INSTALLMENT_TYPE","FES_EVENT_1_0.INSTALLMENT_TYPE","0","1","1","0","0","0","0","0","0","342","2023-03-11 23:42:43.218","hathaipat"
"INT_L_FES_EDW_EVENT_T1","MRR_RATE","FES_EVENT_1_0.MRR_RATE","0","1","1","0","0","0","0","0","0","343","2023-03-11 23:42:43.218","hathaipat"
"INT_L_FES_EDW_EVENT_T1","DUTY_STAMP_FEE","FES_EVENT_1_0.DUTY_STAMP_FEE","0","1","1","0","0","0","0","0","0","344","2023-03-11 23:42:43.218","hathaipat"
"INT_L_FES_EDW_EVENT_T1","SUBMISSION_FLAG","FES_EVENT_1_0.SUBMISSION_FLAG","0","1","1","0","0","0","0","0","0","345","2023-03-11 23:42:43.218","hathaipat"
"INT_L_FES_EDW_EVENT_T1","LEADS_APP_ID","FES_EVENT_1_0.LEADS_APP_ID","0","1","1","0","0","0","0","0","0","346","2023-03-11 23:42:43.218","hathaipat"
"INT_L_FES_EDW_EVENT_T1","VERIFICATION_TYPE","FES_EVENT_1_0.VERIFICATION_TYPE","0","1","1","0","0","0","0","0","0","347","2023-03-11 23:42:43.218","hathaipat"
"INT_L_FES_EDW_EVENT_T1","MAILING_ADDRESS","FES_EVENT_1_0.MAILING_ADDRESS","0","1","1","0","0","0","0","0","0","348","2023-03-11 23:42:43.218","hathaipat"
"INT_L_FES_EDW_EVENT_T1","CREDIT_LIMIT","FES_EVENT_1_0.CREDIT_LIMIT","0","1","1","0","0","0","0","0","0","349","2023-03-11 23:42:43.218","hathaipat"
"INT_L_FES_EDW_EVENT_T1","COLLATERAL_TYPE","FES_EVENT_1_0.COLLATERAL_TYPE","0","1","1","0","0","0","0","0","0","350","2023-03-11 23:42:43.218","hathaipat"
"INT_L_FES_EDW_EVENT_T1","COLLATERAL_OWNER","FES_EVENT_1_0.COLLATERAL_OWNER","0","1","1","0","0","0","0","0","0","351","2023-03-11 23:42:43.218","hathaipat"
"INT_L_FES_EDW_EVENT_T1","FIRE_INSURANCE","FES_EVENT_1_0.FIRE_INSURANCE","0","1","1","0","0","0","0","0","0","352","2023-03-11 23:42:43.218","hathaipat"
"INT_L_FES_EDW_EVENT_T1","CREDIT_LIFE_INSURANCE","FES_EVENT_1_0.CREDIT_LIFE_INSURANCE","0","1","1","0","0","0","0","0","0","353","2023-03-11 23:42:43.218","hathaipat"
"INT_L_FES_EDW_EVENT_T1","REPAYMENT_ACCOUNT","FES_EVENT_1_0.REPAYMENT_ACCOUNT","0","1","1","0","0","0","0","0","0","354","2023-03-11 23:42:43.218","hathaipat"
"INT_L_FES_EDW_EVENT_T1","NEW_LIMIT","FES_EVENT_1_0.NEW_LIMIT","0","1","1","0","0","0","0","0","0","355","2023-03-11 23:42:43.218","hathaipat"
"INT_L_FES_EDW_EVENT_T1","RESIDENTAL_STATUS","FES_EVENT_1_0.RESIDENTAL_STATUS","0","1","1","0","0","0","0","0","0","356","2023-03-11 23:42:43.218","hathaipat"
"INT_L_FES_EDW_EVENT_T1","COLLATERAL_PRICE","FES_EVENT_1_0.COLLATERAL_PRICE","0","1","1","0","0","0","0","0","0","357","2023-03-11 23:42:43.218","hathaipat"
"INT_L_FES_EDW_EVENT_T1","COLLATERAL_LOCATION","FES_EVENT_1_0.COLLATERAL_LOCATION","0","1","1","0","0","0","0","0","0","358","2023-03-11 23:42:43.218","hathaipat"
"INT_L_FES_EDW_EVENT_T1","LIMIT_TYPE","FES_EVENT_1_0.LIMIT_TYPE","0","1","1","0","0","0","0","0","0","359","2023-03-11 23:42:43.218","hathaipat"
"INT_L_FES_EDW_EVENT_T1","DIRECT_DEBIT_ACCOUNT","FES_EVENT_1_0.DIRECT_DEBIT_ACCOUNT","0","1","1","0","0","0","0","0","0","360","2023-03-11 23:42:43.218","hathaipat"
"INT_L_FES_EDW_EVENT_T1","MINI_QR","FES_EVENT_1_0.MINI_QR","0","1","1","0","0","0","0","0","0","361","2023-03-11 23:42:43.218","hathaipat"
"INT_L_FES_EDW_EVENT_T1","DEPOSIT_NO","FES_EVENT_1_0.DEPOSIT_NO","0","1","1","0","0","0","0","0","0","362","2023-03-11 23:42:43.218","hathaipat"
"INT_L_FES_EDW_EVENT_T1","SCB_CHANNEL","FES_EVENT_1_0.SCB_CHANNEL","0","1","1","0","0","0","0","0","0","363","2023-03-11 23:42:43.218","hathaipat"
"INT_L_FES_EDW_EVENT_T1","ACCEPTANCE","FES_EVENT_1_0.ACCEPTANCE","0","1","1","0","0","0","0","0","0","364","2023-03-11 23:42:43.218","hathaipat"
"INT_L_FES_EDW_EVENT_T1","OFFER_TYPE","FES_EVENT_1_0.OFFER_TYPE","0","1","1","0","0","0","0","0","0","365","2023-03-11 23:42:43.218","hathaipat"
"INT_L_FES_EDW_EVENT_T1","AGENT_CODE","FES_EVENT_1_0.AGENT_CODE","0","1","1","0","0","0","0","0","0","366","2023-03-11 23:42:43.218","hathaipat"
"INT_L_FES_EDW_EVENT_T1","AGENT_NAME","FES_EVENT_1_0.AGENT_NAME","0","1","1","0","0","0","0","0","0","367","2023-03-11 23:42:43.218","hathaipat"
"INT_L_FES_EDW_EVENT_T1","BRANCH_CODE","FES_EVENT_1_0.BRANCH_CODE","0","1","1","0","0","0","0","0","0","368","2023-03-11 23:42:43.218","hathaipat"
"INT_L_FES_EDW_EVENT_T1","RELATION_ID","FES_EVENT_1_0.RELATION_ID","0","1","1","0","0","0","0","0","0","369","2023-03-11 23:42:43.218","hathaipat"
"INT_L_FES_EDW_EVENT_T1","DOCUMENT_ID","FES_EVENT_1_0.DOCUMENT_ID","0","1","1","0","0","0","0","0","0","370","2023-03-11 23:42:43.218","hathaipat"
"INT_L_FES_EDW_EVENT_T1","DOCUMENT_TYPE","FES_EVENT_1_0.DOCUMENT_TYPE","0","1","1","0","0","0","0","0","0","371","2023-03-11 23:42:43.218","hathaipat"
"INT_L_FES_EDW_EVENT_T1","ACCESS_ID","FES_EVENT_1_0.ACCESS_ID","0","1","1","0","0","0","0","0","0","372","2023-03-11 23:42:43.218","hathaipat"
"INT_L_FES_EDW_EVENT_T1","SOURCE_SYSTEM_REF_ID","FES_EVENT_1_0.SOURCE_SYSTEM_REF_ID","0","1","1","0","0","0","0","0","0","373","2023-03-11 23:42:43.218","hathaipat"
"INT_L_FES_EDW_EVENT_T1","CONVERSION_TYPE","FES_EVENT_1_0.CONVERSION_TYPE","0","1","1","0","0","0","0","0","0","374","2023-03-11 23:42:43.218","hathaipat"
"INT_L_FES_EDW_EVENT_T1","CURRENCY_FROM","FES_EVENT_1_0.CURRENCY_FROM","0","1","1","0","0","0","0","0","0","375","2023-03-11 23:42:43.218","hathaipat"
"INT_L_FES_EDW_EVENT_T1","AMOUNT_FROM","FES_EVENT_1_0.AMOUNT_FROM","0","1","1","0","0","0","0","0","0","376","2023-03-11 23:42:43.218","hathaipat"
"INT_L_FES_EDW_EVENT_T1","CURRENCY_TO","FES_EVENT_1_0.CURRENCY_TO","0","1","1","0","0","0","0","0","0","377","2023-03-11 23:42:43.218","hathaipat"
"INT_L_FES_EDW_EVENT_T1","AMOUNT_TO","FES_EVENT_1_0.AMOUNT_TO","0","1","1","0","0","0","0","0","0","378","2023-03-11 23:42:43.218","hathaipat"
"INT_L_FES_EDW_EVENT_T1","CONVERSION_RATE","FES_EVENT_1_0.CONVERSION_RATE","0","1","1","0","0","0","0","0","0","379","2023-03-11 23:42:43.218","hathaipat"
"INT_L_FES_EDW_EVENT_T1","EXECUTION_TIME","FES_EVENT_1_0.EXECUTION_TIME","0","1","1","0","0","0","0","0","0","380","2023-03-11 23:42:43.218","hathaipat"
"INT_L_FES_EDW_EVENT_T1","KYC_METHOD","FES_EVENT_1_0.KYC_METHOD","0","1","1","0","0","0","0","0","0","381","2023-03-11 23:42:43.218","hathaipat"
"INT_L_FES_EDW_EVENT_T1","PIN_VERIFICATION_FLAG","FES_EVENT_1_0.PIN_VERIFICATION_FLAG","0","1","1","0","0","0","0","0","0","382","2023-03-11 23:42:43.218","hathaipat"
"INT_L_FES_EDW_EVENT_T1","FACE_RECOG_RESULT","FES_EVENT_1_0.FACE_RECOG_RESULT","0","1","1","0","0","0","0","0","0","383","2023-03-11 23:42:43.218","hathaipat"
"INT_L_FES_EDW_EVENT_T1","RESUBMIT_SOURCE_SYSTEM","FES_EVENT_1_0.RESUBMIT_SOURCE_SYSTEM","0","1","1","0","0","0","0","0","0","384","2023-03-11 23:42:43.218","hathaipat"
"INT_L_FES_EDW_EVENT_T1","SUBMIT_COUNTER","FES_EVENT_1_0.SUBMIT_COUNTER","0","1","1","0","0","0","0","0","0","385","2023-03-11 23:42:43.218","hathaipat"
"INT_L_FES_EDW_EVENT_T1","CUSTOMER_INPUT","FES_EVENT_1_0.CUSTOMER_INPUT","0","1","1","0","0","0","0","0","0","386","2023-03-11 23:42:43.218","hathaipat"
"INT_L_FES_EDW_EVENT_T1","FINANCIAL_PERSONALITY_RESULT","FES_EVENT_1_0.FINANCIAL_PERSONALITY_RESULT","0","1","1","0","0","0","0","0","0","387","2023-03-11 23:42:43.218","hathaipat"
"INT_L_FES_EDW_EVENT_T1","SKIP_DOC_UPLOAD_FLAG","FES_EVENT_1_0.SKIP_DOC_UPLOAD_FLAG","0","1","1","0","0","0","0","0","0","388","2023-03-11 23:42:43.218","hathaipat"
"INT_L_FES_EDW_EVENT_T1","ADS_ID","FES_EVENT_1_0.ADS_ID","0","1","1","0","0","0","0","0","0","389","2023-03-11 23:42:43.218","hathaipat"
"INT_L_FES_EDW_EVENT_T1","LEADS_STATION","FES_EVENT_1_0.LEADS_STATION","0","1","1","0","0","0","0","0","0","390","2023-03-11 23:42:43.218","hathaipat"
"INT_L_FES_EDW_EVENT_T1","ESTIMATED_TIME","FES_EVENT_1_0.ESTIMATED_TIME","0","1","1","0","0","0","0","0","0","391","2023-03-11 23:42:43.218","hathaipat"
"INT_L_FES_EDW_EVENT_T1","DOCUMENT_EXTENSION","FES_EVENT_1_0.DOCUMENT_EXTENSION","0","1","1","0","0","0","0","0","0","392","2023-03-11 23:42:43.218","hathaipat"
"INT_L_FES_EDW_EVENT_T1","PASSWORD_FLAG","FES_EVENT_1_0.PASSWORD_FLAG","0","1","1","0","0","0","0","0","0","393","2023-03-11 23:42:43.218","hathaipat"
"INT_L_FES_EDW_EVENT_T1","OTP_MOBILE_NO","FES_EVENT_1_0.OTP_MOBILE_NO","0","1","1","0","0","0","0","0","0","394","2023-03-11 23:42:43.218","hathaipat"
"INT_L_FES_EDW_EVENT_T1","TRANSACTION_PURPOSE","FES_EVENT_1_0.TRANSACTION_PURPOSE","0","1","1","0","0","0","0","0","0","395","2023-03-11 23:42:43.218","hathaipat"
"INT_L_FES_EDW_EVENT_T1","SOURCE_SYSTEM_REF_ID2","FES_EVENT_1_0.SOURCE_SYSTEM_REF_ID2","0","1","1","0","0","0","0","0","0","396","2023-03-11 23:42:43.218","hathaipat"
"INT_L_FES_EDW_EVENT_T1","PRICING_CODE","FES_EVENT_1_0.PRICING_CODE","0","1","1","0","0","0","0","0","0","397","2023-03-11 23:42:43.218","hathaipat"
"INT_L_FES_EDW_EVENT_T1","COUNTRY_TO","FES_EVENT_1_0.COUNTRY_TO","0","1","1","0","0","0","0","0","0","398","2023-03-11 23:42:43.218","hathaipat"
"INT_L_FES_EDW_EVENT_T1","SENDER_TYPE","FES_EVENT_1_0.SENDER_TYPE","0","1","1","0","0","0","0","0","0","399","2023-03-11 23:42:43.218","hathaipat"
"INT_L_FES_EDW_EVENT_T1","RECEIVER_TYPE","FES_EVENT_1_0.RECEIVER_TYPE","0","1","1","0","0","0","0","0","0","400","2023-03-11 23:42:43.218","hathaipat"
"INT_L_FES_EDW_EVENT_T1","CONSENT_ACCEPTANCE_VERSION","FES_EVENT_1_0.CONSENT_ACCEPTANCE_VERSION","0","1","1","0","0","0","0","0","0","401","2023-03-11 23:42:43.218","hathaipat"
"INT_L_FES_EDW_EVENT_T1","CONSENT_TYPE","FES_EVENT_1_0.CONSENT_TYPE","0","1","1","0","0","0","0","0","0","402","2023-03-11 23:42:43.218","hathaipat"
"INT_L_FES_EDW_EVENT_T1","TAX_ID","FES_EVENT_1_0.TAX_ID","0","1","1","0","0","0","0","0","0","403","2023-03-11 23:42:43.218","hathaipat"
"INT_L_FES_EDW_EVENT_T1","PROMO_CODE","FES_EVENT_1_0.PROMO_CODE","0","1","1","0","0","0","0","0","0","404","2023-03-11 23:42:43.218","hathaipat"
"INT_L_FES_EDW_EVENT_T1","MULTI_INT_RATE","FES_EVENT_1_0.MULTI_INT_RATE","0","1","1","0","0","0","0","0","0","405","2023-03-11 23:42:43.218","hathaipat"
"INT_L_FES_EDW_EVENT_T1","BILLER_CATEGORY","FES_EVENT_1_0.BILLER_CATEGORY","0","1","1","0","0","0","0","0","0","406","2023-03-11 23:42:43.218","hathaipat"
"INT_L_FES_EDW_EVENT_T1","COUNT_PRODUCT","FES_EVENT_1_0.COUNT_PRODUCT","0","1","1","0","0","0","0","0","0","407","2023-03-11 23:42:43.218","hathaipat"
"INT_L_FES_EDW_EVENT_T1","BUSINESS_TYPE","FES_EVENT_1_0.BUSINESS_TYPE","0","1","1","0","0","0","0","0","0","408","2023-03-11 23:42:43.218","hathaipat"
"INT_L_FES_EDW_EVENT_T1","STORE_TYPE","FES_EVENT_1_0.STORE_TYPE","0","1","1","0","0","0","0","0","0","409","2023-03-11 23:42:43.218","hathaipat"
"INT_L_FES_EDW_EVENT_T1","REASON_DETAILS","FES_EVENT_1_0.REASON_DETAILS","0","1","1","0","0","0","0","0","0","410","2023-03-11 23:42:43.218","hathaipat"
"INT_L_FES_EDW_EVENT_T1","RTTI_RESULT","FES_EVENT_1_0.RTTI_RESULT","0","1","1","0","0","0","0","0","0","411","2023-03-11 23:42:43.218","hathaipat"
"INT_L_FES_EDW_EVENT_T1","DISPLAY_NAME","FES_EVENT_1_0.DISPLAY_NAME","0","1","1","0","0","0","0","0","0","412","2023-03-11 23:42:43.218","hathaipat"
"INT_L_FES_EDW_EVENT_T1","CYCLE_MONTH_CC","FES_EVENT_1_0.CYCLE_MONTH_CC","0","1","1","0","0","0","0","0","0","413","2023-03-11 23:42:43.218","hathaipat"
"INT_L_FES_EDW_EVENT_T1","WAIVE_DOCUMENT_TYPE_UPLOAD","FES_EVENT_1_0.WAIVE_DOCUMENT_TYPE_UPLOAD","0","1","1","0","0","0","0","0","0","414","2023-03-11 23:42:43.218","hathaipat"
"INT_L_FES_EDW_EVENT_T1","STORE_LOCATION_MATCH","FES_EVENT_1_0.STORE_LOCATION_MATCH","0","1","1","0","0","0","0","0","0","415","2023-03-11 23:42:43.218","hathaipat"
"INT_L_FES_EDW_EVENT_T1","PARTNER_SOURCE","FES_EVENT_1_0.PARTNER_SOURCE","0","1","1","0","0","0","0","0","0","416","2023-03-11 23:42:43.218","hathaipat"
"INT_L_FES_EDW_EVENT_T1","EDW_INTERNAL_FIN_TXN_FLAG","CASE WHEN (FES_EVENT_1_0.EVENT_CODE LIKE '4%' AND FES_EVENT_1_0.EVENT_CODE <> '410' AND FES_EVENT_1_0.EVENT_CODE <> '430' AND FES_EVENT_1_0.EVENT_CODE <> '431' AND FES_EVENT_1_0.EVENT_CODE <> '432' AND FES_EVENT_1_0.EVENT_CODE <> '437' AND FES_EVENT_1_0.EVENT_CODE <> '440' AND FES_EVENT_1_0.EVENT_CODE <> '423' AND FES_EVENT_1_0.EVENT_CODE <> '427' AND FES_EVENT_1_0.EVENT_CODE <> '452' AND FES_EVENT_1_0.EVENT_CODE <> '454' AND FES_EVENT_1_0.EVENT_CODE <> '455' AND FES_EVENT_1_0.EVENT_CODE <> '461' AND FES_EVENT_1_0.EVENT_CODE <> '462' AND FES_EVENT_1_0.EVENT_CODE <> '457' AND FES_EVENT_1_0.EVENT_CODE <> '4300' AND FES_EVENT_1_0.EVENT_CODE <> '4301' AND FES_EVENT_1_0.EVENT_CODE <> '465') OR FES_EVENT_1_0.EVENT_CODE = '172' THEN 'Y' ELSE 'N' END","0","1","1","0","0","0","0","0","0","417","2023-03-11 23:42:43.218","hathaipat"
"INT_L_FES_EDW_EVENT_T1","DURATION_YEAR","FES_EVENT_1_0.DURATION_YEAR","0","1","1","0","0","0","0","0","0","418","2023-03-11 23:42:43.218","hathaipat"
"INT_L_FES_EDW_EVENT_T1","DURATION_MONTH","FES_EVENT_1_0.DURATION_MONTH","0","1","1","0","0","0","0","0","0","419","2023-03-11 23:42:43.218","hathaipat"
"INT_L_FES_EDW_EVENT_T1","APPROVAL_TYPE","FES_EVENT_1_0.APPROVAL_TYPE","0","1","1","0","0","0","0","0","0","420","2023-03-11 23:42:43.218","hathaipat"
"INT_L_FES_EDW_EVENT_T1","CHANNEL_OLD","FES_EVENT_1_0.CHANNEL_OLD","0","1","1","0","0","0","0","0","0","421","2023-03-11 23:42:43.218","hathaipat"
"INT_L_FES_EDW_EVENT_T1","CHANNEL_NEW","FES_EVENT_1_0.CHANNEL_NEW","0","1","1","0","0","0","0","0","0","422","2023-03-11 23:42:43.218","hathaipat"
"INT_L_FES_EDW_EVENT_T1","PREVIOUS_LOGIN","FES_EVENT_1_0.PREVIOUS_LOGIN","0","1","1","0","0","0","0","0","0","423","2023-03-11 23:42:43.218","hathaipat"
"INT_L_FES_EDW_EVENT_T1","ACTION","FES_EVENT_1_0.ACTION","0","1","1","0","0","0","0","0","0","424","2023-03-11 23:42:43.218","hathaipat"
"INT_L_FES_EDW_EVENT_T1","DATA","FES_EVENT_1_0.DATA","0","1","1","0","0","0","0","0","0","425","2023-03-11 23:42:43.218","hathaipat"
"INT_L_FES_EDW_EVENT_T1","PRODUCT_NO","FES_EVENT_1_0.PRODUCT_NO","0","1","1","0","0","0","0","0","0","426","2023-03-11 23:42:43.218","hathaipat"
"INT_L_FES_EDW_EVENT_T1","OLD_ADDRESS","FES_EVENT_1_0.OLD_ADDRESS","0","1","1","0","0","0","0","0","0","427","2023-03-11 23:42:43.218","hathaipat"
"INT_L_FES_EDW_EVENT_T1","ACCESS_ID_TYPE","FES_EVENT_1_0.ACCESS_ID_TYPE","0","1","1","0","0","0","0","0","0","428","2023-03-11 23:42:43.218","hathaipat"
"INT_L_FES_EDW_EVENT_T1","SCORE","FES_EVENT_1_0.SCORE","0","1","1","0","0","0","0","0","0","429","2023-03-11 23:42:43.218","hathaipat"
"INT_L_FES_EDW_EVENT_T1","MESSAGE_TH","FES_EVENT_1_0.MESSAGE_TH","0","1","1","0","0","0","0","0","0","430","2023-03-11 23:42:43.218","hathaipat"
"INT_L_FES_EDW_EVENT_T1","MESSAGE_EN","FES_EVENT_1_0.MESSAGE_EN","0","1","1","0","0","0","0","0","0","431","2023-03-11 23:42:43.218","hathaipat"
"INT_L_FES_EDW_EVENT_T1","COUPON_CODE","FES_EVENT_1_0.COUPON_CODE","0","1","1","0","0","0","0","0","0","432","2023-03-11 23:42:43.218","hathaipat"
"INT_L_FES_EDW_EVENT_T1","COUPON_VALIDITY","FES_EVENT_1_0.COUPON_VALIDITY","0","1","1","0","0","0","0","0","0","433","2023-03-11 23:42:43.218","hathaipat"
"INT_L_FES_EDW_EVENT_T1","COUPON_TYPE","FES_EVENT_1_0.COUPON_TYPE","0","1","1","0","0","0","0","0","0","434","2023-03-11 23:42:43.218","hathaipat"
"INT_L_FES_EDW_EVENT_T1","PRODUCT_PACKAGE","FES_EVENT_1_0.PRODUCT_PACKAGE","0","1","1","0","0","0","0","0","0","435","2023-03-11 23:42:43.218","hathaipat"
"INT_L_FES_EDW_EVENT_T1","ASSIGNMENT_REF_ID","FES_EVENT_1_0.ASSIGNMENT_REF_ID","0","1","1","0","0","0","0","0","0","436","2023-03-11 23:42:43.218","hathaipat"
"INT_L_FES_EDW_EVENT_T1","FROM_STATUS","FES_EVENT_1_0.FROM_STATUS","0","1","1","0","0","0","0","0","0","437","2023-03-11 23:42:43.218","hathaipat"
"INT_L_FES_EDW_EVENT_T1","TO_STATUS","FES_EVENT_1_0.TO_STATUS","0","1","1","0","0","0","0","0","0","438","2023-03-11 23:42:43.218","hathaipat"
"INT_L_FES_EDW_EVENT_T1","NEW_APPOINTED_DATE","FES_EVENT_1_0.NEW_APPOINTED_DATE","0","1","1","0","0","0","0","0","0","439","2023-03-11 23:42:43.218","hathaipat"
"INT_L_FES_EDW_EVENT_T1","NEW_APPOINTED_TIME","FES_EVENT_1_0.NEW_APPOINTED_TIME","0","1","1","0","0","0","0","0","0","440","2023-03-11 23:42:43.218","hathaipat"
"INT_L_FES_EDW_EVENT_T1","PEP_STATUS","FES_EVENT_1_0.PEP_STATUS","0","1","1","0","0","0","0","0","0","441","2023-03-11 23:42:43.218","hathaipat"
"INT_L_FES_EDW_EVENT_T1","BUNDLE_PRODUCTS","FES_EVENT_1_0.BUNDLE_PRODUCTS","0","1","1","0","0","0","0","0","0","442","2023-03-11 23:42:43.218","hathaipat"
"INT_L_FES_EDW_EVENT_T1","SERVICES","FES_EVENT_1_0.SERVICES","0","1","1","0","0","0","0","0","0","443","2023-03-11 23:42:43.218","hathaipat"
"INT_L_FES_EDW_EVENT_T1","SUBMISSION_TYPE","FES_EVENT_1_0.SUBMISSION_TYPE","0","1","1","0","0","0","0","0","0","444","2023-03-11 23:42:43.218","hathaipat"
"INT_L_FES_EDW_EVENT_T1","BUNDLE_PRODUCT","FES_EVENT_1_0.BUNDLE_PRODUCT","0","1","1","0","0","0","0","0","0","445","2023-03-11 23:42:43.218","hathaipat"
"INT_L_FES_EDW_EVENT_T1","PRODUCT_GROUP","FES_EVENT_1_0.PRODUCT_GROUP","0","1","1","0","0","0","0","0","0","446","2023-03-11 23:42:43.218","hathaipat"
"INT_L_FES_EDW_EVENT_T1","CASHBACK_RATE","FES_EVENT_1_0.CASHBACK_RATE","0","1","1","0","0","0","0","0","0","447","2023-03-11 23:42:43.218","hathaipat"
"INT_L_FES_EDW_EVENT_T1","UPLOADED_DOCUMENTS","FES_EVENT_1_0.UPLOADED_DOCUMENTS","0","1","1","0","0","0","0","0","0","448","2023-03-11 23:42:43.218","hathaipat"
"INT_L_FES_EDW_EVENT_T1","REQUIRED_DOCUMENTS","FES_EVENT_1_0.REQUIRED_DOCUMENTS","0","1","1","0","0","0","0","0","0","449","2023-03-11 23:42:43.218","hathaipat"
"INT_L_FES_EDW_EVENT_T1","COMPLETED_UPLOAD_FLAG","FES_EVENT_1_0.COMPLETED_UPLOAD_FLAG","0","1","1","0","0","0","0","0","0","450","2023-03-11 23:42:43.218","hathaipat"
"INT_L_FES_EDW_EVENT_T1","GOAL_TYPE","FES_EVENT_1_0.GOAL_TYPE","0","1","1","0","0","0","0","0","0","451","2023-03-11 23:42:43.218","hathaipat"
"INT_L_FES_EDW_EVENT_T1","GOAL_NAME","FES_EVENT_1_0.GOAL_NAME","0","1","1","0","0","0","0","0","0","452","2023-03-11 23:42:43.218","hathaipat"
"INT_L_FES_EDW_EVENT_T1","FULL_NAME_EN","FES_EVENT_1_0.FULL_NAME_EN","0","1","1","0","0","0","0","0","0","453","2023-03-11 23:42:43.218","hathaipat"
"INT_L_FES_EDW_EVENT_T1","EMPLOYEE_ID","FES_EVENT_1_0.EMPLOYEE_ID","0","1","1","0","0","0","0","0","0","454","2023-03-11 23:42:43.218","hathaipat"
"INT_L_FES_EDW_EVENT_T1","DEPARTMENT_CODE","FES_EVENT_1_0.DEPARTMENT_CODE","0","1","1","0","0","0","0","0","0","455","2023-03-11 23:42:43.218","hathaipat"
"INT_L_FES_EDW_EVENT_T1","DEPARTMENT_NAME","FES_EVENT_1_0.DEPARTMENT_NAME","0","1","1","0","0","0","0","0","0","456","2023-03-11 23:42:43.218","hathaipat"
"INT_L_FES_EDW_EVENT_T1","ADDITIONAL_DATA_INDUSTRY","FES_EVENT_1_0.ADDITIONAL_DATA_INDUSTRY","0","1","1","0","0","0","0","0","0","457","2023-03-11 23:42:43.218","hathaipat"
"INT_L_FES_EDW_EVENT_T1","ADDITIONAL_DATA_OBJECTIVE","FES_EVENT_1_0.ADDITIONAL_DATA_OBJECTIVE","0","1","1","0","0","0","0","0","0","458","2023-03-11 23:42:43.218","hathaipat"
"INT_L_FES_EDW_EVENT_T1","INCOME_RANGE","FES_EVENT_1_0.INCOME_RANGE","0","1","1","0","0","0","0","0","0","459","2023-03-11 23:42:43.218","hathaipat"
