"INTERFACE_NAME","COL_NAME","EXPRESSION","EXE_DB","INSERT_FLAG","UPDATE_FLAG","KEY_UPD","UD1","UD2","UD3","UD4","UD5","COL_POSITION","LAST_UPDATE_DATE","LAST_UPDATE_USER"
"INT_L_ICORE_EDW_CFP_COUNTRY_CODE","COUNTRY_CODE","LEFT(COUNTRY_CODE,3)","1","1","1","1","1","0","0","0","0","1","2023-03-12 02:02:26.484","Common_Team"
"INT_L_ICORE_EDW_CFP_COUNTRY_CODE","COUNTRY_NUM_CODE","ICORE_CFP_COUNTRY_CODE_1_0.COUNTRY_NUM_CODE","0","1","1","0","0","0","0","0","0","2","2023-03-12 02:02:26.484","INT_BENJAPONP"
"INT_L_ICORE_EDW_CFP_COUNTRY_CODE","COUNTRY_BRIEF_CODE","LEFT(COUNTRY_BRIEF_CODE,2)","1","1","1","0","0","0","0","0","0","3","2023-03-12 02:02:26.484","Common_Team"
"INT_L_ICORE_EDW_CFP_COUNTRY_CODE","COUNTRY_NAME","LEFT(COUNTRY_NAME,100)","1","1","1","0","0","0","0","0","0","4","2023-03-12 02:02:26.484","Common_Team"
"INT_L_ICORE_EDW_CFP_COUNTRY_CODE","INT_PHONE_AREA_CODE","LEFT(INT_PHONE_AREA_CODE,20)","1","1","1","0","0","0","0","0","0","5","2023-03-12 02:02:26.484","Common_Team"
"INT_L_ICORE_EDW_CFP_COUNTRY_CODE","DATA_SORT","ICORE_CFP_COUNTRY_CODE_1_0.DATA_SORT","0","1","1","0","0","0","0","0","0","6","2023-03-12 02:02:26.484","INT_BENJAPONP"
"INT_L_ICORE_EDW_CFP_COUNTRY_CODE","REMARK","LEFT(REMARK,100)","1","1","1","0","0","0","0","0","0","7","2023-03-12 02:02:26.484","Common_Team"
"INT_L_ICORE_EDW_CFP_COUNTRY_CODE","DATA_CREATE_TIME","DATA_CREATE_TIME","1","1","1","0","0","0","0","0","0","8","2023-03-12 02:02:26.484","INT_BENJAPONP"
"INT_L_ICORE_EDW_CFP_COUNTRY_CODE","DATA_UPDATE_TIME","DATA_UPDATE_TIME","1","1","1","0","0","0","0","0","0","9","2023-03-12 02:02:26.484","INT_BENJAPONP"
"INT_L_ICORE_EDW_CFP_COUNTRY_CODE","DATA_CREATE_USER","LEFT(DATA_CREATE_USER,32)","1","1","1","0","0","0","0","0","0","10","2023-03-12 02:02:26.484","Common_Team"
"INT_L_ICORE_EDW_CFP_COUNTRY_CODE","DATA_UPDATE_USER","LEFT(DATA_UPDATE_USER,32)","1","1","1","0","0","0","0","0","0","11","2023-03-12 02:02:26.484","Common_Team"
"INT_L_ICORE_EDW_CFP_COUNTRY_CODE","DATA_VERSION","ICORE_CFP_COUNTRY_CODE_1_0.DATA_VERSION","0","1","1","0","0","0","0","0","0","12","2023-03-12 02:02:26.484","INT_BENJAPONP"
