"INTERFACE_NAME","COL_NAME","EXPRESSION","EXE_DB","INSERT_FLAG","UPDATE_FLAG","KEY_UPD","UD1","UD2","UD3","UD4","UD5","COL_POSITION","LAST_UPDATE_DATE","LAST_UPDATE_USER"
"INT_L_B2K_BCMERHST_3_0","MP_HIS_CORP_NO","LEFT(MP_HIS_CORP_NO,2)","1","1","0","0","0","0","0","0","0","1","2023-03-12 02:25:54.412","Common_Team"
"INT_L_B2K_BCMERHST_3_0","MP_HIS_MERCHANT_NO","LEFT(MP_HIS_MERCHANT_NO,16)","1","1","0","0","0","0","0","0","0","2","2023-03-12 02:25:54.412","Common_Team"
"INT_L_B2K_BCMERHST_3_0","MP_HIS_RECORD_TYPE","LEFT(MP_HIS_RECORD_TYPE,1)","1","1","0","0","0","0","0","0","0","3","2023-03-12 02:25:54.412","Common_Team"
"INT_L_B2K_BCMERHST_3_0","MP_HIS_START_DT","RIGHT('0000000'||MP_HIS_START_DT, 8) as MP_HIS_START_DT","1","1","0","0","0","0","0","0","0","4","2023-03-12 02:25:54.412","thanapong_k"
"INT_L_B2K_BCMERHST_3_0","MP_HIS_SEGMENT_TYPE","LEFT(MP_HIS_SEGMENT_TYPE,1)","1","1","0","0","0","0","0","0","0","5","2023-03-12 02:25:54.412","Common_Team"
"INT_L_B2K_BCMERHST_3_0","MP_HIS_CARD_TYPE_CODE","LEFT(MP_HIS_CARD_TYPE_CODE,2)","1","1","0","0","0","0","0","0","0","6","2023-03-12 02:25:54.412","Common_Team"
"INT_L_B2K_BCMERHST_3_0","MP_HIS_CMS_CODE","LEFT(MP_HIS_CMS_CODE,2)","1","1","0","0","0","0","0","0","0","7","2023-03-12 02:25:54.412","Common_Team"
"INT_L_B2K_BCMERHST_3_0","MP_HIS_INTRCHG_FEE_PROG","LEFT(MP_HIS_INTRCHG_FEE_PROG,2)","1","1","0","0","0","0","0","0","0","8","2023-03-12 02:25:54.412","Common_Team"
"INT_L_B2K_BCMERHST_3_0","MP_DEBIT_NQUAL_CNT_I","LEFT(REPLACE(MP_DEBIT_NQUAL_CNT_I, '-', '0'),9)","1","1","0","0","0","0","0","0","0","9","2023-03-12 02:25:54.412","Common_Team"
"INT_L_B2K_BCMERHST_3_0","MP_DEBIT_NQUAL_AMT_I","B2K_BCMERHST_3_0.MP_DEBIT_NQUAL_AMT_I","0","1","0","0","0","0","0","0","0","10","2023-03-12 02:25:54.412","thanapong_k"
"INT_L_B2K_BCMERHST_3_0","MP_DEBIT_QUAL1_CNT_I","LEFT(REPLACE(MP_DEBIT_QUAL1_CNT_I, '-', '0'),9)","1","1","0","0","0","0","0","0","0","11","2023-03-12 02:25:54.412","Common_Team"
"INT_L_B2K_BCMERHST_3_0","MP_DEBIT_QUAL1_AMT_I","B2K_BCMERHST_3_0.MP_DEBIT_QUAL1_AMT_I","0","1","0","0","0","0","0","0","0","12","2023-03-12 02:25:54.412","thanapong_k"
"INT_L_B2K_BCMERHST_3_0","MP_DEBIT_QUAL2_CNT_I","LEFT(MP_DEBIT_QUAL2_CNT_I,9)","1","1","0","0","0","0","0","0","0","13","2023-03-12 02:25:54.412","Common_Team"
"INT_L_B2K_BCMERHST_3_0","MP_DEBIT_QUAL2_AMT_I","B2K_BCMERHST_3_0.MP_DEBIT_QUAL2_AMT_I","0","1","0","0","0","0","0","0","0","14","2023-03-12 02:25:54.412","thanapong_k"
"INT_L_B2K_BCMERHST_3_0","MP_DEBIT_QUAL3_CNT_I","LEFT(MP_DEBIT_QUAL3_CNT_I,9)","1","1","0","0","0","0","0","0","0","15","2023-03-12 02:25:54.412","Common_Team"
"INT_L_B2K_BCMERHST_3_0","MP_DEBIT_QUAL3_AMT_I","B2K_BCMERHST_3_0.MP_DEBIT_QUAL3_AMT_I","0","1","0","0","0","0","0","0","0","16","2023-03-12 02:25:54.412","thanapong_k"
"INT_L_B2K_BCMERHST_3_0","MP_DEBIT_QUAL4_CNT_I","LEFT(REPLACE(MP_DEBIT_QUAL4_CNT_I, '-', '0'),9)","1","1","0","0","0","0","0","0","0","17","2023-03-12 02:25:54.412","Common_Team"
"INT_L_B2K_BCMERHST_3_0","MP_DEBIT_QUAL4_AMT_I","B2K_BCMERHST_3_0.MP_DEBIT_QUAL4_AMT_I","0","1","0","0","0","0","0","0","0","18","2023-03-12 02:25:54.412","thanapong_k"
"INT_L_B2K_BCMERHST_3_0","MP_CREDIT_ACPT_CNT_I","LEFT(REPLACE(MP_CREDIT_ACPT_CNT_I, '-', '0'),5)","1","1","0","0","0","0","0","0","0","19","2023-03-12 02:25:54.412","Common_Team"
"INT_L_B2K_BCMERHST_3_0","MP_CREDIT_ACPT_AMT_I","B2K_BCMERHST_3_0.MP_CREDIT_ACPT_AMT_I","0","1","0","0","0","0","0","0","0","20","2023-03-12 02:25:54.412","thanapong_k"
"INT_L_B2K_BCMERHST_3_0","MP_DEBIT_NQUAL_CNT_O","LEFT(REPLACE(MP_DEBIT_NQUAL_CNT_O, '-', '0'),9)","1","1","0","0","0","0","0","0","0","21","2023-03-12 02:25:54.412","Common_Team"
"INT_L_B2K_BCMERHST_3_0","MP_DEBIT_NQUAL_AMT_O","B2K_BCMERHST_3_0.MP_DEBIT_NQUAL_AMT_O","0","1","0","0","0","0","0","0","0","22","2023-03-12 02:25:54.412","thanapong_k"
"INT_L_B2K_BCMERHST_3_0","MP_DEBIT_QUAL1_CNT_O","LEFT(REPLACE(MP_DEBIT_QUAL1_CNT_O, '-', '0'),9)","1","1","0","0","0","0","0","0","0","23","2023-03-12 02:25:54.412","Common_Team"
"INT_L_B2K_BCMERHST_3_0","MP_DEBIT_QUAL1_AMT_O","B2K_BCMERHST_3_0.MP_DEBIT_QUAL1_AMT_O","0","1","0","0","0","0","0","0","0","24","2023-03-12 02:25:54.412","thanapong_k"
"INT_L_B2K_BCMERHST_3_0","MP_DEBIT_QUAL2_CNT_O","LEFT(MP_DEBIT_QUAL2_CNT_O,9)","1","1","0","0","0","0","0","0","0","25","2023-03-12 02:25:54.412","Common_Team"
"INT_L_B2K_BCMERHST_3_0","MP_DEBIT_QUAL2_AMT_O","B2K_BCMERHST_3_0.MP_DEBIT_QUAL2_AMT_O","0","1","0","0","0","0","0","0","0","26","2023-03-12 02:25:54.412","thanapong_k"
"INT_L_B2K_BCMERHST_3_0","MP_DEBIT_QUAL3_CNT_O","LEFT(MP_DEBIT_QUAL3_CNT_O,9)","1","1","0","0","0","0","0","0","0","27","2023-03-12 02:25:54.412","Common_Team"
"INT_L_B2K_BCMERHST_3_0","MP_DEBIT_QUAL3_AMT_O","B2K_BCMERHST_3_0.MP_DEBIT_QUAL3_AMT_O","0","1","0","0","0","0","0","0","0","28","2023-03-12 02:25:54.412","thanapong_k"
"INT_L_B2K_BCMERHST_3_0","MP_DEBIT_QUAL4_CNT_O","LEFT(MP_DEBIT_QUAL4_CNT_O,9)","1","1","0","0","0","0","0","0","0","29","2023-03-12 02:25:54.412","Common_Team"
"INT_L_B2K_BCMERHST_3_0","MP_DEBIT_QUAL4_AMT_O","B2K_BCMERHST_3_0.MP_DEBIT_QUAL4_AMT_O","0","1","0","0","0","0","0","0","0","30","2023-03-12 02:25:54.412","thanapong_k"
"INT_L_B2K_BCMERHST_3_0","MP_CREDIT_ACPT_CNT_O","LEFT(REPLACE(MP_CREDIT_ACPT_CNT_O, '-', '0'),5)","1","1","0","0","0","0","0","0","0","31","2023-03-12 02:25:54.412","Common_Team"
"INT_L_B2K_BCMERHST_3_0","MP_CREDIT_ACPT_AMT_O","B2K_BCMERHST_3_0.MP_CREDIT_ACPT_AMT_O","0","1","0","0","0","0","0","0","0","32","2023-03-12 02:25:54.412","thanapong_k"
"INT_L_B2K_BCMERHST_3_0","START_DT","","0","1","0","0","0","0","0","0","0","33","2023-03-12 02:25:54.412","thanapong_k"
"INT_L_B2K_BCMERHST_3_0","END_DT","","0","1","0","0","0","0","0","0","0","34","2023-03-12 02:25:54.412","thanapong_k"
"INT_L_B2K_BCMERHST_3_0","RECORD_DELETED_FLAG","","0","1","0","0","0","0","0","0","0","35","2023-03-12 02:25:54.412","thanapong_k"
"INT_L_B2K_BCMERHST_3_0","CTL_ID","","0","1","0","0","0","0","0","0","0","36","2023-03-12 02:25:54.412","thanapong_k"
"INT_L_B2K_BCMERHST_3_0","INS_PROC_NAME","","0","1","0","0","0","0","0","0","0","37","2023-03-12 02:25:54.412","thanapong_k"
"INT_L_B2K_BCMERHST_3_0","INS_TXF_BATCHID","","0","1","0","0","0","0","0","0","0","38","2023-03-12 02:25:54.412","thanapong_k"
"INT_L_B2K_BCMERHST_3_0","UPD_PROC_NAME","","0","1","0","0","0","0","0","0","0","39","2023-03-12 02:25:54.412","thanapong_k"
"INT_L_B2K_BCMERHST_3_0","UPD_TXF_BATCHID","","0","1","0","0","0","0","0","0","0","40","2023-03-12 02:25:54.412","thanapong_k"
