"INTERFACE_NAME","COL_NAME","EXPRESSION","EXE_DB","INSERT_FLAG","UPDATE_FLAG","KEY_UPD","UD1","UD2","UD3","UD4","UD5","COL_POSITION","LAST_UPDATE_DATE","LAST_UPDATE_USER"
"INT_L_AM_AMMSFE01_1_0","AMDWHHD_HDR_CTL1","LEFT(AMDWHHD_HDR_CTL1,2)","1","1","0","0","0","0","0","0","0","1","2023-03-12 04:35:30.050","Common_Team"
"INT_L_AM_AMMSFE01_1_0","AMDWHHD_HDR_CTL2","LEFT(AMDWHHD_HDR_CTL2,3)","1","1","0","0","0","0","0","0","0","2","2023-03-12 04:35:30.050","Common_Team"
"INT_L_AM_AMMSFE01_1_0","AMDWHHD_HDR_CTL3","LEFT(AMDWHHD_HDR_CTL3,3)","1","1","0","0","0","0","0","0","0","3","2023-03-12 04:35:30.050","Common_Team"
"INT_L_AM_AMMSFE01_1_0","AMDWHHD_HDR_CTL4","LEFT(AMDWHHD_HDR_CTL4,4)","1","1","0","0","0","0","0","0","0","4","2023-03-12 04:35:30.050","Common_Team"
"INT_L_AM_AMMSFE01_1_0","AMDWHHD_HDR_ACCT_NUM","LEFT(AMDWHHD_HDR_ACCT_NUM,14)","1","1","0","0","0","0","0","0","0","5","2023-03-12 04:35:30.050","Common_Team"
"INT_L_AM_AMMSFE01_1_0","AMDWHHD_HDR_SCB_ACCT_NUM","LEFT(AMDWHHD_HDR_SCB_ACCT_NUM,11)","1","1","0","0","0","0","0","0","0","6","2023-03-12 04:35:30.050","Common_Team"
"INT_L_AM_AMMSFE01_1_0","AMDWHHD_HDR_DOCUMENT_NUM","LEFT(AMDWHHD_HDR_DOCUMENT_NUM,15)","1","1","0","0","0","0","0","0","0","7","2023-03-12 04:35:30.050","Common_Team"
"INT_L_AM_AMMSFE01_1_0","AMDWHHD_NUM_ARRAY_MEMBERS","LEFT(AMDWHHD_NUM_ARRAY_MEMBERS,2)","1","1","0","0","0","0","0","0","0","8","2023-03-12 04:35:30.050","Common_Team"
"INT_L_AM_AMMSFE01_1_0","AMDWHHD_HDR_PROC_TYPE","LEFT(AMDWHHD_HDR_PROC_TYPE,2)","1","1","0","0","0","0","0","0","0","9","2023-03-12 04:35:30.050","Common_Team"
"INT_L_AM_AMMSFE01_1_0","AMDWHHD_HDR_ACCT_PROD","LEFT(AMDWHHD_HDR_ACCT_PROD,4)","1","1","0","0","0","0","0","0","0","10","2023-03-12 04:35:30.050","Common_Team"
"INT_L_AM_AMMSFE01_1_0","AMDWHHD_HDR_LAYOUT_TYPE","LEFT(AMDWHHD_HDR_LAYOUT_TYPE,8)","1","1","0","0","0","0","0","0","0","11","2023-03-12 04:35:30.050","Common_Team"
"INT_L_AM_AMMSFE01_1_0","AMDWHHD_HD_EXTRACT_DATE","LEFT(AMDWHHD_HD_EXTRACT_DATE,8)","1","1","0","0","0","0","0","0","0","12","2023-03-12 04:35:30.050","Common_Team"
"INT_L_AM_AMMSFE01_1_0","AMMSFE01_FE_FEE_TYPE","LEFT(AMMSFE01_FE_FEE_TYPE,3)","1","1","0","0","0","0","0","0","0","13","2023-03-12 04:35:30.050","Common_Team"
"INT_L_AM_AMMSFE01_1_0","AMMSFE01_FE_FEE_CD","LEFT(AMMSFE01_FE_FEE_CD,2)","1","1","0","0","0","0","0","0","0","14","2023-03-12 04:35:30.050","Common_Team"
"INT_L_AM_AMMSFE01_1_0","AMMSFE01_FE_FEE_DESC","LEFT(AMMSFE01_FE_FEE_DESC,15)","1","1","0","0","0","0","0","0","0","15","2023-03-12 04:35:30.050","Common_Team"
"INT_L_AM_AMMSFE01_1_0","AMMSFE01_FE_AMT","AM_AMMSFE01_1_0.AMMSFE01_FE_AMT","0","1","0","0","0","0","0","0","0","16","2023-03-12 04:35:30.050","worada"
"INT_L_AM_AMMSFE01_1_0","AMMSFE01_FE_PCT","AM_AMMSFE01_1_0.AMMSFE01_FE_PCT","0","1","0","0","0","0","0","0","0","17","2023-03-12 04:35:30.050","worada"
"INT_L_AM_AMMSFE01_1_0","AMMSFE01_FE_CALC_CD","LEFT(AMMSFE01_FE_CALC_CD,1)","1","1","0","0","0","0","0","0","0","18","2023-03-12 04:35:30.050","Common_Team"
"INT_L_AM_AMMSFE01_1_0","AMMSFE01_FE_BAL_ID","LEFT(AMMSFE01_FE_BAL_ID,2)","1","1","0","0","0","0","0","0","0","19","2023-03-12 04:35:30.050","Common_Team"
"INT_L_AM_AMMSFE01_1_0","AMMSFE01_FE_BAL_TYPE","LEFT(AMMSFE01_FE_BAL_TYPE,3)","1","1","0","0","0","0","0","0","0","20","2023-03-12 04:35:30.050","Common_Team"
"INT_L_AM_AMMSFE01_1_0","AMMSFE01_FE_BAL_CD","LEFT(AMMSFE01_FE_BAL_CD,2)","1","1","0","0","0","0","0","0","0","21","2023-03-12 04:35:30.050","Common_Team"
"INT_L_AM_AMMSFE01_1_0","AMMSFE01_FE_MIN_AMT","AM_AMMSFE01_1_0.AMMSFE01_FE_MIN_AMT","0","1","0","0","0","0","0","0","0","22","2023-03-12 04:35:30.050","worada"
"INT_L_AM_AMMSFE01_1_0","AMMSFE01_FE_MAX_AMT","AM_AMMSFE01_1_0.AMMSFE01_FE_MAX_AMT","0","1","0","0","0","0","0","0","0","23","2023-03-12 04:35:30.050","worada"
"INT_L_AM_AMMSFE01_1_0","AMMSFE01_FE_EARN_PLAN_ID","LEFT(AMMSFE01_FE_EARN_PLAN_ID,6)","1","1","0","0","0","0","0","0","0","24","2023-03-12 04:35:30.050","Common_Team"
"INT_L_AM_AMMSFE01_1_0","AMMSFE01_FE_EXP_PLAN_ID","LEFT(AMMSFE01_FE_EXP_PLAN_ID,6)","1","1","0","0","0","0","0","0","0","25","2023-03-12 04:35:30.050","Common_Team"
"INT_L_AM_AMMSFE01_1_0","AMMSFE01_FE_EXP_AMT","AM_AMMSFE01_1_0.AMMSFE01_FE_EXP_AMT","0","1","0","0","0","0","0","0","0","26","2023-03-12 04:35:30.050","worada"
"INT_L_AM_AMMSFE01_1_0","AMMSFE01_FE_EXP_PCT","AM_AMMSFE01_1_0.AMMSFE01_FE_EXP_PCT","0","1","0","0","0","0","0","0","0","27","2023-03-12 04:35:30.050","worada"
"INT_L_AM_AMMSFE01_1_0","AMMSFE01_FE_CALC_MOD_SUFFIX","LEFT(AMMSFE01_FE_CALC_MOD_SUFFIX,4)","1","1","0","0","0","0","0","0","0","28","2023-03-12 04:35:30.050","Common_Team"
"INT_L_AM_AMMSFE01_1_0","AMMSFE01_FE_LST_PD_FEE","AM_AMMSFE01_1_0.AMMSFE01_FE_LST_PD_FEE","0","1","0","0","0","0","0","0","0","29","2023-03-12 04:35:30.050","worada"
"INT_L_AM_AMMSFE01_1_0","AMMSFE01_FE_LST_FREQ","LEFT(AMMSFE01_FE_LST_FREQ,1)","1","1","0","0","0","0","0","0","0","30","2023-03-12 04:35:30.050","Common_Team"
"INT_L_AM_AMMSFE01_1_0","AMMSFE01_FE_LST_INCR","LEFT(AMMSFE01_FE_LST_INCR,3)","1","1","0","0","0","0","0","0","0","31","2023-03-12 04:35:30.050","Common_Team"
"INT_L_AM_AMMSFE01_1_0","AMMSFE01_FE_REFUND_AMT","AM_AMMSFE01_1_0.AMMSFE01_FE_REFUND_AMT","0","1","0","0","0","0","0","0","0","32","2023-03-12 04:35:30.050","worada"
"INT_L_AM_AMMSFE01_1_0","AMMSFE01_FE_DECR_BAL","AM_AMMSFE01_1_0.AMMSFE01_FE_DECR_BAL","0","1","0","0","0","0","0","0","0","33","2023-03-12 04:35:30.050","worada"
"INT_L_AM_AMMSFE01_1_0","AMMSFE01_FE_NET_EXP_IND","LEFT(AMMSFE01_FE_NET_EXP_IND,1)","1","1","0","0","0","0","0","0","0","34","2023-03-12 04:35:30.050","Common_Team"
"INT_L_AM_AMMSFE01_1_0","AMMSFE01_FE_START_DATE","LEFT(AMMSFE01_FE_START_DATE,8)","1","1","0","0","0","0","0","0","0","35","2023-03-12 04:35:30.050","Common_Team"
"INT_L_AM_AMMSFE01_1_0","AMMSFE01_FE_END_DATE","LEFT(AMMSFE01_FE_END_DATE,8)","1","1","0","0","0","0","0","0","0","36","2023-03-12 04:35:30.050","Common_Team"
"INT_L_AM_AMMSFE01_1_0","AMMSFE01_FE_ANNV_DATE","LEFT(AMMSFE01_FE_ANNV_DATE,8)","1","1","0","0","0","0","0","0","0","37","2023-03-12 04:35:30.050","Common_Team"
"INT_L_AM_AMMSFE01_1_0","AMMSFE01_FE_FREQ","LEFT(AMMSFE01_FE_FREQ,1)","1","1","0","0","0","0","0","0","0","38","2023-03-12 04:35:30.050","Common_Team"
"INT_L_AM_AMMSFE01_1_0","AMMSFE01_FE_INCR","LEFT(AMMSFE01_FE_INCR,3)","1","1","0","0","0","0","0","0","0","39","2023-03-12 04:35:30.050","Common_Team"
"INT_L_AM_AMMSFE01_1_0","AMMSFE01_FE_DAY","LEFT(AMMSFE01_FE_DAY,2)","1","1","0","0","0","0","0","0","0","40","2023-03-12 04:35:30.050","Common_Team"
"INT_L_AM_AMMSFE01_1_0","AMMSFE01_FE_ADJ_MIN_IND","LEFT(AMMSFE01_FE_ADJ_MIN_IND,1)","1","1","0","0","0","0","0","0","0","41","2023-03-12 04:35:30.050","Common_Team"
"INT_L_AM_AMMSFE01_1_0","AMMSFE01_FE_ADJ_MAX_IND","LEFT(AMMSFE01_FE_ADJ_MAX_IND,1)","1","1","0","0","0","0","0","0","0","42","2023-03-12 04:35:30.050","Common_Team"
"INT_L_AM_AMMSFE01_1_0","AMMSFE01_FE_REGZ_IND","LEFT(AMMSFE01_FE_REGZ_IND,1)","1","1","0","0","0","0","0","0","0","43","2023-03-12 04:35:30.050","Common_Team"
"INT_L_AM_AMMSFE01_1_0","AMMSFE01_WK_TSD_RESERVED","LEFT(AMMSFE01_WK_TSD_RESERVED,9)","1","1","0","0","0","0","0","0","0","44","2023-03-12 04:35:30.050","Common_Team"
"INT_L_AM_AMMSFE01_1_0","AMMSFE01_FE_LST_ASSESS_DATE","LEFT(AMMSFE01_FE_LST_ASSESS_DATE,8)","1","1","0","0","0","0","0","0","0","45","2023-03-12 04:35:30.050","Common_Team"
"INT_L_AM_AMMSFE01_1_0","AMMSFE01_FE_REFUND_CD","LEFT(AMMSFE01_FE_REFUND_CD,1)","1","1","0","0","0","0","0","0","0","46","2023-03-12 04:35:30.050","Common_Team"
"INT_L_AM_AMMSFE01_1_0","AMMSFE01_FE_WITHHLD_TAX_FLG","LEFT(AMMSFE01_FE_WITHHLD_TAX_FLG,1)","1","1","0","0","0","0","0","0","0","47","2023-03-12 04:35:30.050","Common_Team"
"INT_L_AM_AMMSFE01_1_0","START_DT","","0","1","0","0","0","0","0","0","0","48","2023-03-12 04:35:30.050","worada"
"INT_L_AM_AMMSFE01_1_0","END_DT","","0","1","0","0","0","0","0","0","0","49","2023-03-12 04:35:30.050","worada"
"INT_L_AM_AMMSFE01_1_0","RECORD_DELETED_FLAG","","0","1","0","0","0","0","0","0","0","50","2023-03-12 04:35:30.050","worada"
"INT_L_AM_AMMSFE01_1_0","CTL_ID","","0","1","0","0","0","0","0","0","0","51","2023-03-12 04:35:30.050","worada"
"INT_L_AM_AMMSFE01_1_0","INS_PROC_NAME","","0","1","0","0","0","0","0","0","0","52","2023-03-12 04:35:30.050","worada"
"INT_L_AM_AMMSFE01_1_0","INS_TXF_BATCHID","","0","1","0","0","0","0","0","0","0","53","2023-03-12 04:35:30.050","worada"
"INT_L_AM_AMMSFE01_1_0","UPD_PROC_NAME","","0","1","0","0","0","0","0","0","0","54","2023-03-12 04:35:30.050","worada"
"INT_L_AM_AMMSFE01_1_0","UPD_TXF_BATCHID","","0","1","0","0","0","0","0","0","0","55","2023-03-12 04:35:30.050","worada"
