"INTERFACE_NAME","COL_NAME","EXPRESSION","EXE_DB","INSERT_FLAG","UPDATE_FLAG","KEY_UPD","UD1","UD2","UD3","UD4","UD5","COL_POSITION","LAST_UPDATE_DATE","LAST_UPDATE_USER"
"INT_L_ICORE_EDW_CMP_VAT_CODE","ORG_ID","LEFT(ORG_ID,10)","1","1","1","1","1","0","0","0","0","1","2023-03-12 02:56:08.284","Common_Team"
"INT_L_ICORE_EDW_CMP_VAT_CODE","VAT_CODE","LEFT(VAT_CODE,10)","1","1","1","1","1","0","0","0","0","2","2023-03-12 02:56:08.284","Common_Team"
"INT_L_ICORE_EDW_CMP_VAT_CODE","VAT_NAME","LEFT(VAT_NAME,100)","1","1","1","0","0","0","0","0","0","3","2023-03-12 02:56:08.284","Common_Team"
"INT_L_ICORE_EDW_CMP_VAT_CODE","VAT_TYPE","LEFT(VAT_TYPE,1)","1","1","1","0","0","0","0","0","0","4","2023-03-12 02:56:08.284","Common_Team"
"INT_L_ICORE_EDW_CMP_VAT_CODE","TAX_PROMO_STRGY","LEFT(TAX_PROMO_STRGY,1)","1","1","1","0","0","0","0","0","0","5","2023-03-12 02:56:08.284","Common_Team"
"INT_L_ICORE_EDW_CMP_VAT_CODE","TAX_ACCOUNTING_ALIAS","LEFT(TAX_ACCOUNTING_ALIAS,32)","1","1","1","0","0","0","0","0","0","6","2023-03-12 02:56:08.284","Common_Team"
"INT_L_ICORE_EDW_CMP_VAT_CODE","DATA_CREATE_TIME","DATA_CREATE_TIME","1","1","1","0","0","0","0","0","0","7","2023-03-12 02:56:08.284","KST_SAWITREEJ"
"INT_L_ICORE_EDW_CMP_VAT_CODE","DATA_UPDATE_TIME","DATA_UPDATE_TIME","1","1","1","0","0","0","0","0","0","8","2023-03-12 02:56:08.284","KST_SAWITREEJ"
"INT_L_ICORE_EDW_CMP_VAT_CODE","DATA_CREATE_USER","LEFT(DATA_CREATE_USER,32)","1","1","1","0","0","0","0","0","0","9","2023-03-12 02:56:08.284","Common_Team"
"INT_L_ICORE_EDW_CMP_VAT_CODE","DATA_UPDATE_USER","LEFT(DATA_UPDATE_USER,32)","1","1","1","0","0","0","0","0","0","10","2023-03-12 02:56:08.284","Common_Team"
"INT_L_ICORE_EDW_CMP_VAT_CODE","DATA_VERSION","ICORE_CMP_VAT_CODE_1_0.DATA_VERSION","0","1","1","0","0","0","0","0","0","11","2023-03-12 02:56:08.284","KST_SAWITREEJ"
